1605632.0
-6913024.0
-603136.0
7402496.0
2573312.0
-1066496.0
-4423168.0
2695680.0
2727424.0
8656896.0
2107904.0
6504448.0
7867392.0
6105088.0
6371328.0
8311808.0
6227968.0
1968640.0
3444224.0
7872512.0
1.2765184E7
8839680.0
2908672.0
4981760.0
1762816.0
6758912.0
-358912.0
-1796096.0
-1345536.0
-2526720.0
2280448.0
1416192.0
3246592.0
-159744.0
-9746944.0
-4260864.0
-1039872.0
5936128.0
2298880.0
2869248.0
4422144.0
-1683968.0
-6009856.0
-1747968.0
949248.0
-1860096.0
-1522176.0
-580096.0
-3631104.0
1440768.0
7203840.0
-1150464.0
-5078528.0
-9665024.0
-5954048.0
-6775808.0
-9145344.0
-7108608.0
2486272.0
-301056.0
1437184.0
2035200.0
1242112.0
1.04704E7
5349888.0
-876544.0
-2672640.0
-6584320.0
-5336064.0
2169344.0
3137024.0
563712.0
-7874048.0
-1.0846208E7
-1.2755456E7
-3920384.0
-719872.0
-1109504.0
1003520.0
2358784.0
9703936.0
1.5971328E7
7663104.0
3281408.0
915456.0
-4671488.0
-6513152.0
-1202688.0
3723776.0
8577024.0
5041664.0
3116032.0
2416640.0
980480.0
578048.0
-2463744.0
-3838464.0
-6379520.0
-7108096.0
-4730880.0
300544.0
8584704.0
1048064.0
-3498496.0
-1560064.0
-3335168.0
-3834368.0
-6296064.0
-1.4564864E7
-8832512.0
-3950080.0
-770560.0
-8946688.0
-256512.0
2550272.0
8519168.0
5099008.0
9267712.0
5395456.0
8187904.0
578560.0
4380672.0
2877440.0
2746880.0
1.1684352E7
3229184.0
-1927680.0
1660928.0
-3272192.0
-1.3476352E7
-1.8586624E7
-1.3531136E7
-1621504.0
955904.0
7008768.0
8075264.0
2203648.0
3837952.0
1364992.0
-373760.0
-7007744.0
-5334528.0
-4738048.0
-2299904.0
-3092480.0
-4738048.0
-2060800.0
-391168.0
3414016.0
-968192.0
-4676608.0
-2897920.0
1805312.0
6622720.0
8220672.0
8954368.0
3718656.0
2073600.0
-1712128.0
453120.0
-4167680.0
-2574848.0
-6774272.0
-5008384.0
-5282816.0
-925696.0
2223104.0
-1644032.0
-8279040.0
-3589632.0
4577792.0
3859968.0
1822208.0
-1698304.0
-9773568.0
-2278912.0
-5630464.0
4452352.0
-4275200.0
-1.18784E7
-6328320.0
-6179840.0
707072.0
-1099264.0
4947456.0
8106496.0
4855808.0
6488576.0
-2203136.0
-713216.0
7106048.0
1.053696E7
8246784.0
9424384.0
2665472.0
-6390784.0
-719872.0
3801600.0
4304896.0
3369472.0
2563072.0
7009792.0
6684160.0
603136.0
3436032.0
1907712.0
-1146880.0
7395328.0
6737920.0
5344256.0
4808704.0
3621376.0
-6406656.0
-6673408.0
-5628416.0
-4943360.0
4542464.0
694784.0
1271296.0
7526912.0
-5630976.0
-5832192.0
-5442048.0
-1108992.0
-5053440.0
-1.1708416E7
-1.0860032E7
1134592.0
-4933120.0
-1.0279424E7
-3069440.0
-1425920.0
-3534336.0
-9430528.0
-5426688.0
-161280.0
9278976.0
4646400.0
5757952.0
5507584.0
2674176.0
6361088.0
2362368.0
-2626048.0
-3790336.0
-4956160.0
-9913344.0
-2402304.0
-3949056.0
-9117696.0
-7070720.0
-3897856.0
-1.0066432E7
-5193728.0
-800256.0
-9545216.0
-8471040.0
-2503168.0
-609792.0
425472.0
6569984.0
-6311424.0
-2318336.0
-1707520.0
-1.1282944E7
-5328384.0
-8240128.0
-2194944.0
-2215424.0
2729984.0
4562432.0
8681472.0
1.0320384E7
1.102592E7
-4710912.0
122880.0
498176.0
-6699008.0
-8267776.0
3008512.0
7513088.0
4293632.0
2020352.0
2093568.0
-6383104.0
-8669696.0
-1.0254848E7
-8878080.0
-4251136.0
-7756800.0
-5254144.0
-1140224.0
2957312.0
914432.0
5332480.0
3417088.0
-2335744.0
840704.0
1.0761216E7
91136.0
-4203008.0
-2140160.0
1894400.0
9773568.0
5928960.0
-6016512.0
-8923136.0
-1.5391232E7
-1.4859264E7
-4795904.0
-7076864.0
-6216192.0
-3296256.0
-1440256.0
3179008.0
8594432.0
3723776.0
1.263616E7
9096704.0
6835200.0
7640064.0
-483328.0
-1676288.0
6134272.0
3110912.0
3006976.0
1692672.0
-1050112.0
7251456.0
1041920.0
1193984.0
924160.0
-642560.0
-8946688.0
953856.0
5906432.0
7441920.0
5622272.0
-3534848.0
-8897536.0
926208.0
1153024.0
9774080.0
7601152.0
9819648.0
6574080.0
-2302464.0
-8864256.0
-6532096.0
-3727872.0
-2973696.0
-2863616.0
-2487808.0
-1.321216E7
-1.8107392E7
-1.1725312E7
-5195264.0
-4493312.0
562176.0
-111104.0
-4009984.0
-7280128.0
-1.05216E7
-1.1200512E7
-6049280.0
-8400896.0
-6774784.0
-1.0932224E7
-1.414144E7
-1.5625216E7
-1.4368768E7
-1.2769792E7
-5562880.0
-7307776.0
-1.1282944E7
-4037632.0
-2371584.0
-3919872.0
-3912192.0
1073664.0
8192000.0
1.0207232E7
6161408.0
-1021440.0
6598656.0
3762688.0
6657536.0
8918016.0
2726912.0
-1053696.0
-699904.0
9515008.0
3144192.0
-2789376.0
-2276352.0
6987776.0
2050048.0
223232.0
2295296.0
-815616.0
-8710144.0
446464.0
-369664.0
-1938944.0
-1600512.0
2914304.0
-141312.0
-1.4303744E7
-1.3473792E7
-6935552.0
-8718848.0
-6307840.0
8132096.0
1.2619264E7
-2061824.0
-6995968.0
-6047232.0
3388416.0
7967232.0
3897344.0
3547648.0
8867328.0
6489088.0
7661056.0
-251392.0
-2569216.0
-3758080.0
-2812416.0
8571904.0
5612032.0
2323456.0
-1160704.0
-4262912.0
-6849536.0
-5162496.0
-9238528.0
-4318208.0
-5172224.0
2385920.0
-2895360.0
-135168.0
3405312.0
-2692096.0
-9403904.0
-1.2791296E7
-9635840.0
3109888.0
1.021952E7
1.5013376E7
1.8123264E7
1.6024576E7
5904384.0
-4515328.0
-3437568.0
-1900032.0
-2127872.0
-2402816.0
-3163136.0
-3093504.0
3190272.0
974336.0
1.0596352E7
5334528.0
-9217536.0
-3961856.0
1.0855424E7
7729664.0
1.4082048E7
1.4288896E7
5678592.0
208896.0
-3224576.0
1.6932352E7
3885568.0
-1767936.0
2967552.0
2178048.0
-7523328.0
-1.368064E7
-6760448.0
-531968.0
1736192.0
7798784.0
-1563648.0
-5661696.0
-7893504.0
-935424.0
-6243840.0
-5606400.0
-2048000.0
1153024.0
2253312.0
4248576.0
1.5629824E7
9287680.0
-2012160.0
1398784.0
-8461312.0
-4921344.0
4845568.0
301568.0
4872192.0
-3923456.0
-1.0961408E7
-750080.0
1.2494848E7
-2571264.0
-7273472.0
-7186432.0
-1611776.0
-8862208.0
-4720128.0
-1.1130368E7
-7067136.0
7386112.0
1.2462592E7
-1389056.0
2098688.0
-2635264.0
7159296.0
9247744.0
8096256.0
2942464.0
-5248000.0
-9641984.0
-3225088.0
-2775552.0
4200448.0
-1.0336768E7
-1.6232448E7
-1.527552E7
-4815872.0
3159552.0
2684928.0
5195264.0
66560.0
-3040256.0
5012480.0
-2021888.0
-3497472.0
6415872.0
5891584.0
6979584.0
1.0364416E7
-3072512.0
-1.1321344E7
-1.1482112E7
-1049088.0
-873984.0
460288.0
-534528.0
-1419264.0
7260672.0
2549248.0
5714432.0
1389056.0
-9699840.0
-1.0168832E7
-5697536.0
-6153728.0
-9940480.0
-1.007104E7
-9860096.0
817664.0
2.3616E7
1.6805888E7
1.1519488E7
2456576.0
9037824.0
1.3593088E7
5971456.0
400384.0
-6802944.0
-7731712.0
-1091072.0
-497152.0
6144000.0
2583040.0
6536192.0
-6633984.0
3177984.0
9821696.0
5291520.0
1.2027392E7
1.5853056E7
1.1921408E7
6656000.0
2942976.0
-1920000.0
-1104896.0
-2583552.0
908800.0
-695808.0
4137984.0
3196928.0
4830720.0
6674944.0
1.0153984E7
-2632704.0
-5283840.0
1729024.0
903680.0
1.1365888E7
8938496.0
7007232.0
6003200.0
1.1305472E7
4628992.0
336896.0
-9068544.0
-9746944.0
-6472192.0
-1915392.0
1188352.0
-1230848.0
-1886720.0
-1.4400512E7
-4785664.0
1.1678208E7
1.0029056E7
2089472.0
-4400640.0
4185600.0
3799552.0
2566656.0
-2422272.0
7032320.0
8683008.0
2882048.0
1815040.0
1.9037696E7
1.0863616E7
8226816.0
-5957120.0
-3038208.0
-7917056.0
-1809408.0
2491392.0
-8420352.0
-4650496.0
3075072.0
-7857152.0
-2.1514752E7
-1.0220032E7
-4546048.0
-4315136.0
-1.191936E7
-1.5334912E7
-9523200.0
9951232.0
7345664.0
470528.0
-1.371392E7
-7454208.0
-2786304.0
1217024.0
-3416576.0
-1.5762432E7
-7472640.0
2409984.0
1.0404864E7
1.4107136E7
1.198848E7
1.795072E7
1.9323904E7
1.1162112E7
1.3696E7
8723456.0
2209792.0
-2624000.0
1645568.0
4602368.0
8735232.0
1.0217984E7
-481280.0
4047360.0
-2459648.0
121856.0
-1.0511872E7
-1.3915136E7
-5663232.0
4916736.0
6765056.0
5286912.0
-9262592.0
-7819776.0
-627200.0
-3901952.0
-7669760.0
-1.1291136E7
-8260096.0
-1.0482176E7
-2300928.0
3439104.0
2096640.0
-3764736.0
-1.198592E7
-5776384.0
-4601856.0
4757504.0
674816.0
8719872.0
1.3240832E7
6452224.0
2617856.0
-2839040.0
-5383680.0
-5702656.0
-9247744.0
-1.6442368E7
-4928512.0
-3218944.0
2134016.0
-9626624.0
-6460928.0
-3351552.0
2220544.0
6315008.0
2805760.0
302080.0
6639104.0
8464384.0
1.5396352E7
1.9352064E7
2.831616E7
2.1748736E7
4662272.0
7886336.0
3961344.0
4939264.0
314880.0
-9951744.0
-7191040.0
-4942848.0
-6671872.0
1447936.0
-893440.0
7274496.0
-975360.0
-586240.0
-164864.0
6253056.0
9603584.0
1.2712448E7
923648.0
-921088.0
-4319232.0
939520.0
3133440.0
342528.0
786944.0
4696064.0
-1208832.0
-6518784.0
-3961344.0
-5056000.0
-8009728.0
-6364160.0
720896.0
147456.0
-144896.0
-8415744.0
-1.2294144E7
-1.0145792E7
1198592.0
3258880.0
-1449984.0
-3068416.0
6422016.0
9388544.0
1.2489216E7
1.5484928E7
8761344.0
4043776.0
-1378304.0
1.070336E7
9774592.0
-1533952.0
-1.8512896E7
-1.4161408E7
-1.243392E7
-1.3543936E7
-1.3404672E7
-7763456.0
-9332224.0
53760.0
4452352.0
3723264.0
9528320.0
1102336.0
-1.2734464E7
-1.210112E7
-8158208.0
-1.0139648E7
-9413120.0
-10240.0
4790784.0
691200.0
-176128.0
-1.6845824E7
-1.9435008E7
-3548160.0
-3213312.0
-1.1502592E7
-6390272.0
-580608.0
-2877952.0
-8718336.0
-1.4068224E7
-1.4634496E7
-1.3859328E7
-1543168.0
7129088.0
7721472.0
4081152.0
1.412352E7
1.1063296E7
5923328.0
-4370944.0
-98304.0
4588544.0
1.7584128E7
1.9067392E7
9039360.0
1.090304E7
77824.0
8402944.0
1.9326464E7
2.202112E7
1.6789504E7
1.4960128E7
8285696.0
3256832.0
-1.5801856E7
-1.496064E7
-9549312.0
3637248.0
827392.0
-7038976.0
-1.0371072E7
-2650112.0
-491008.0
-5468672.0
-1.3780992E7
-2.0847616E7
-7579136.0
-5225984.0
-8521216.0
162816.0
7527936.0
-2067456.0
-3742720.0
9357312.0
7375360.0
1465856.0
2703872.0
-3870208.0
-1.332736E7
2847744.0
-2823680.0
-8454656.0
-1458688.0
-1443328.0
179712.0
-8001024.0
-1.338368E7
-9874944.0
-7646208.0
-1187328.0
-2900992.0
-7034880.0
-1764352.0
8008704.0
1.4637568E7
3823104.0
2841600.0
1523712.0
8034304.0
9382912.0
-8114688.0
-7828992.0
-3549184.0
-4830208.0
722944.0
7941120.0
-1779712.0
-2.102016E7
-5748736.0
4630016.0
4682752.0
-4427264.0
-1.3714432E7
-6765056.0
-5495808.0
2260480.0
-2744320.0
-1740288.0
-7924224.0
-9649152.0
-3317248.0
2516992.0
1.4778368E7
-2576384.0
3164160.0
3311616.0
-870912.0
4171776.0
3019776.0
8707584.0
1.5621632E7
1.4967808E7
2.1979136E7
9926144.0
5946880.0
-5166080.0
3753984.0
9423360.0
7382528.0
3878912.0
5169664.0
2408448.0
-7235072.0
-9049600.0
-8837120.0
-5926912.0
-5871104.0
-1.2417536E7
-4170752.0
1069568.0
754688.0
3771904.0
-7941632.0
-7522304.0
-1.0062336E7
-5794816.0
-1.899264E7
-1.0075136E7
-5804032.0
7007744.0
7098368.0
1.2642816E7
7769088.0
-1051136.0
-1920512.0
1271296.0
1574400.0
8085504.0
2280448.0
-2975232.0
1483264.0
4376576.0
-1.1344896E7
-1.499392E7
-1.375488E7
-2609664.0
6553088.0
2151424.0
6176768.0
9306624.0
1.13024E7
1.0130432E7
-215040.0
-2180608.0
-1583104.0
-3201024.0
-1740800.0
-8223744.0
-7173120.0
-1851392.0
2355712.0
6178304.0
9284096.0
1.4354432E7
3501056.0
44032.0
-5397504.0
-7154688.0
-1.317632E7
-1.164032E7
1015808.0
6808064.0
-329728.0
-2422272.0
2907648.0
1.7442816E7
1.6160256E7
8345088.0
-4421632.0
4328960.0
2967552.0
6497792.0
1.2217344E7
1681408.0
7041024.0
8598528.0
8805888.0
2063872.0
-4423168.0
3736576.0
-466944.0
-6390784.0
-2042880.0
-466432.0
-6664192.0
1466880.0
-3522560.0
-546304.0
1.0159616E7
5796352.0
2924032.0
-8538112.0
-8599552.0
-3096064.0
2418176.0
-9492992.0
-1.0006016E7
-7352832.0
94208.0
-4359168.0
-6732288.0
-3651072.0
3412480.0
747520.0
-4305408.0
-5181952.0
5487616.0
2726400.0
-2330624.0
-1098240.0
2502144.0
-3982336.0
1355776.0
-3586048.0
-4303360.0
248320.0
-2234880.0
-7837696.0
-9648128.0
1486848.0
7983616.0
4488704.0
-2868736.0
-8901632.0
-1.0858496E7
-1.2448256E7
-1.2012032E7
-7933952.0
-9018368.0
1699840.0
5800448.0
-3589120.0
-1.3033472E7
-1397248.0
5169152.0
6356992.0
5024256.0
-4113920.0
4830720.0
1.3062144E7
1.6279552E7
7539200.0
3740672.0
-3294720.0
-1.1812352E7
-1944064.0
63488.0
-6240768.0
-1206272.0
-6404096.0
-6998016.0
2822144.0
-4835840.0
-1.4882304E7
-1.000448E7
2930688.0
6872064.0
3645440.0
3614208.0
5532672.0
5406720.0
1.1922944E7
2.1118464E7
1.7400832E7
1.6781312E7
1.7107456E7
555520.0
-1409536.0
1.0003456E7
1.2724736E7
1881600.0
7356416.0
747520.0
-4684800.0
-907264.0
37376.0
-2297856.0
5839360.0
4234752.0
2.2968832E7
1.9106304E7
1.4662144E7
1.15712E7
1.4943232E7
9693184.0
582144.0
-4509184.0
-4531200.0
-9832448.0
-1.3008384E7
-1.5704064E7
-5326848.0
3081728.0
7194112.0
-1906176.0
-7117824.0
-1.1994112E7
-1.4164992E7
-2.109184E7
-1.8335744E7
-1.6700928E7
-5341696.0
353280.0
2881536.0
-1760256.0
-6305280.0
-5848576.0
-4219392.0
2854400.0
-1327104.0
-1954816.0
2132992.0
5091328.0
1.2852224E7
9657856.0
-2706944.0
-7322112.0
-3410432.0
-3335168.0
-4503040.0
1270784.0
3951616.0
1.0678272E7
2277376.0
-1776640.0
-8189952.0
-8883712.0
-5956096.0
3691520.0
572416.0
-8561664.0
-7640064.0
-80384.0
4601344.0
5001728.0
737280.0
1217536.0
-1767936.0
-3889152.0
1913856.0
-3589120.0
3325952.0
1.1153408E7
1.180416E7
1.2462592E7
4474368.0
7094784.0
1.3998592E7
1.1749376E7
7739392.0
2.122496E7
1.7511936E7
7799808.0
7592448.0
1.2896768E7
1.232384E7
1.2770816E7
95744.0
-2055168.0
1785344.0
-1145344.0
-1160192.0
2745856.0
1.0423296E7
3098624.0
8002560.0
1.6516096E7
1.7430528E7
8236032.0
6729728.0
1.4378496E7
7445504.0
6836224.0
620032.0
-6453760.0
-1725952.0
-7543296.0
-1.4788096E7
-1.1797504E7
-8799232.0
-8870912.0
2498560.0
4790272.0
2824192.0
-4644864.0
-3144704.0
2223616.0
-3217408.0
-3337216.0
-9166848.0
-665088.0
-1037312.0
-8212480.0
-3294208.0
-7748096.0
-9281536.0
759808.0
6631936.0
2305024.0
-5121536.0
-4319744.0
975360.0
-139776.0
-6247936.0
-1.325824E7
-7027712.0
1879552.0
6627328.0
4094976.0
4351488.0
6255616.0
1.475584E7
9255936.0
3378688.0
1104384.0
-2172416.0
1827840.0
-4462080.0
-1031680.0
-7715840.0
3467264.0
-1.01504E7
-1.367808E7
-7129600.0
143360.0
-1.0724864E7
-3380224.0
2778624.0
-6541824.0
5510144.0
1671168.0
-9515520.0
-1.0187776E7
-1.3210112E7
-5750272.0
7040000.0
1.2560384E7
-4954624.0
-4188672.0
-2138624.0
1881088.0
-5154304.0
-253952.0
1.0085888E7
1.0729472E7
2055680.0
-8814592.0
-8426496.0
8916480.0
1.015296E7
2974208.0
5913600.0
5409280.0
-3400704.0
-1291776.0
-5548032.0
-3837952.0
-1.6968192E7
-1.0563072E7
-9148416.0
-1.7252864E7
-2.086144E7
-1.6216064E7
-1.2406272E7
-6764544.0
-2701312.0
-1.302272E7
1235456.0
674304.0
-7492608.0
-4071424.0
-353280.0
1.411072E7
-578048.0
3035136.0
-3322368.0
-5524992.0
-1.3587968E7
-9920512.0
-3879936.0
-8904704.0
-1957376.0
-2094080.0
-5311488.0
-1.0140672E7
-9114624.0
-8393216.0
111104.0
6838272.0
8214016.0
-1248768.0
-2855936.0
-580608.0
3560448.0
7290368.0
5966336.0
1.5955456E7
1.2666368E7
1.3299712E7
1.1150848E7
8613888.0
7376384.0
1.0506752E7
5870592.0
6014464.0
-197120.0
-2033664.0
1.236992E7
2909184.0
1.5293952E7
1.751552E7
9641984.0
-2995200.0
-653312.0
-7490048.0
-438784.0
6941696.0
2802176.0
829952.0
-1.1707392E7
-4760576.0
-6789632.0
-5467648.0
-5098496.0
-1.6472064E7
-1.3909504E7
-2669056.0
-7007744.0
-4211712.0
-7607296.0
1331712.0
-2734592.0
-1.2996608E7
-1.6224256E7
-1.2732416E7
-1.4231552E7
-7307776.0
-2720768.0
-2028544.0
5134848.0
-4974592.0
-8602624.0
-908800.0
-688640.0
-7965696.0
-5338112.0
-4859904.0
-1.02912E7
2845696.0
-1491456.0
8649728.0
8199680.0
3547136.0
6741504.0
1468928.0
1.2671488E7
1.6029696E7
4817920.0
5584896.0
9799168.0
-4391936.0
-8846336.0
-8286208.0
-3966464.0
-5905408.0
-6610944.0
-1227264.0
-8245760.0
-7009280.0
2215936.0
-8800256.0
-1.0778112E7
-7600128.0
-7101952.0
-8521216.0
-1.5218688E7
-1.3410304E7
2627584.0
-2683392.0
-1454080.0
2852352.0
3073536.0
-1764352.0
2029056.0
-9396736.0
-8502272.0
-7416320.0
-1901056.0
6794240.0
9241600.0
1.8434048E7
6179328.0
2579968.0
-5510144.0
-7544832.0
-9471488.0
-706048.0
2464768.0
1901056.0
-1554432.0
-5987840.0
4417536.0
-4792320.0
-8315392.0
-1.5476224E7
-6399488.0
5200896.0
4762624.0
512512.0
-2927104.0
329216.0
4240896.0
7695872.0
1471488.0
1.3958656E7
7291904.0
7739904.0
8253952.0
2365952.0
-4953088.0
-1589760.0
-4035072.0
-237056.0
7997952.0
9607680.0
3817984.0
3720192.0
4724736.0
-7564288.0
1144320.0
-1053184.0
-5864448.0
-1.0691584E7
-3723776.0
-4647424.0
-620544.0
-2552832.0
7873024.0
-257024.0
1349120.0
2200576.0
-3236864.0
-4351488.0
-7113216.0
-1.4913536E7
-5865984.0
3993600.0
2339840.0
-2298368.0
5010944.0
7568384.0
9961984.0
9193472.0
1526272.0
-9639424.0
1419264.0
1.4512128E7
1771008.0
-6388736.0
-1.1182592E7
-2739200.0
5901824.0
2084864.0
7091200.0
7958016.0
1.5908864E7
-2088960.0
-3369984.0
-4801536.0
-8874496.0
119296.0
-8198656.0
-1.2556288E7
-4529664.0
3132416.0
2230784.0
-7846912.0
-3505152.0
-1.0579456E7
-1.2191232E7
-1.6529408E7
-2.0826112E7
-2.1741568E7
-9767936.0
-7182336.0
-1.5015936E7
-7279104.0
-2192384.0
-627200.0
-839168.0
-6130688.0
-1.5614976E7
-2.316544E7
-1.0906624E7
-1034240.0
-1.3362688E7
-1861120.0
-332800.0
-9254400.0
-1.7864704E7
-8369152.0
-1105408.0
3466240.0
1.09824E7
4718080.0
294400.0
-4561920.0
-6308864.0
-4986880.0
-4922368.0
-5176320.0
-26112.0
1.3203968E7
1.6514048E7
1.0195968E7
2830336.0
4423168.0
-2582528.0
-3654656.0
9019904.0
1.8872832E7
1.5187968E7
1.2219904E7
-3602432.0
-2927104.0
5477888.0
1.0771456E7
7017984.0
762368.0
-4082688.0
-2594304.0
-2893824.0
-1.0307072E7
4287488.0
-4414464.0
-1.11616E7
4249600.0
3982848.0
5282304.0
7753728.0
371712.0
1.3212672E7
1.216512E7
4627968.0
-3108864.0
-4497408.0
1.201664E7
-3052032.0
-9824768.0
-2328064.0
-4459008.0
-5561856.0
-5627392.0
-1.3395968E7
-5105152.0
1.281024E7
1.8251264E7
9830912.0
1.064192E7
7792640.0
4830208.0
-1549824.0
-4717568.0
-3279872.0
-1.365504E7
-1.1827712E7
4895232.0
7221248.0
1.7710592E7
1.7578496E7
1.4285824E7
2540544.0
5932032.0
-1.344256E7
-2.0483584E7
-6213632.0
-7273472.0
-4243456.0
-5347840.0
-6037504.0
-2788864.0
-1.0100224E7
-1.5972352E7
-1.426688E7
-1.1947008E7
-965632.0
-2537472.0
-3773952.0
1.0003456E7
4517376.0
4042752.0
-1558528.0
-2868224.0
-2.0050432E7
-2.221312E7
-1.5017984E7
-1615872.0
-294912.0
-1.091328E7
-1.5066112E7
-6565376.0
-9780224.0
-1.5320576E7
-1.7076224E7
-9050624.0
-526848.0
-3657728.0
196608.0
-7198720.0
-5725696.0
-1.8559488E7
-5991424.0
3218432.0
-5221888.0
1693184.0
-3939840.0
3265536.0
-520704.0
-1927680.0
-6468096.0
-1.1728384E7
-6733312.0
-5273088.0
-1.34272E7
-1.6132096E7
-1.0330624E7
-7306240.0
-9841664.0
-1145856.0
-1.3362176E7
-1.0592768E7
-7668736.0
3345408.0
-5009408.0
3811840.0
539648.0
-5987328.0
-1777152.0
8230400.0
-6345728.0
-1.1551744E7
-1460224.0
8732672.0
530432.0
-1.1885056E7
-6091776.0
9829376.0
1.0525184E7
-34304.0
9330688.0
-2093568.0
-12288.0
2671104.0
6159360.0
3831296.0
-512000.0
-3934208.0
-4867072.0
1753088.0
1199616.0
9077248.0
299008.0
-6948352.0
3940352.0
9378304.0
-5715968.0
-9594368.0
-9965568.0
-5931008.0
4106752.0
9442816.0
2245120.0
-1.1534336E7
-1.600256E7
-9247232.0
-6955008.0
-1.0782208E7
-1.7732608E7
-1.2516864E7
-2.0691456E7
-2.3962112E7
-2714624.0
1.1252224E7
-1454080.0
-1274880.0
-8546304.0
-2.1650432E7
-1.421568E7
-5758464.0
-1.5739392E7
-4457984.0
-3735040.0
-9135104.0
-1.8629632E7
-1.249792E7
-1665024.0
6438400.0
6083584.0
1.0640384E7
6150656.0
5870080.0
5173248.0
7889920.0
1.1451904E7
6672896.0
8863232.0
1.2924416E7
4120576.0
-8177152.0
-5656576.0
3529216.0
4599296.0
4486144.0
-924672.0
-2932224.0
3390464.0
3624960.0
-405504.0
-9355264.0
-1.5185408E7
-1.331712E7
-2555392.0
-1.0206208E7
-9646592.0
5523456.0
6641152.0
193536.0
-2443264.0
-6766080.0
-1.65888E7
-3671552.0
1082368.0
-2980864.0
-1.1697152E7
-1.4503424E7
552960.0
5820928.0
4179456.0
-3946496.0
-1.4700544E7
-2.4326656E7
-1.3604352E7
8473088.0
529408.0
-7435264.0
-6366720.0
-1.4120448E7
-2378752.0
2337792.0
1.7252864E7
-1265152.0
2292736.0
-6465024.0
-6384640.0
-1.541632E7
-1.3330944E7
-3593728.0
8103424.0
9922048.0
-80896.0
-1.018368E7
-3926528.0
9375744.0
4045312.0
-1442816.0
-1234944.0
-8476672.0
5230080.0
1031168.0
-6761984.0
8626688.0
1772544.0
1.101312E7
6768640.0
-1265152.0
4414464.0
3840512.0
9949184.0
7301632.0
-4577792.0
-1.20832E7
-1.1055616E7
-3011072.0
6743040.0
4370432.0
6993408.0
9063424.0
2205696.0
-2742784.0
3300864.0
1.0905088E7
4977152.0
3229184.0
2477568.0
-1274880.0
-1583104.0
-3097600.0
7564800.0
-3425280.0
-1692160.0
-5744128.0
-2656256.0
9137152.0
8352768.0
3066880.0
-1840640.0
-8962560.0
-2828288.0
5259776.0
-2294784.0
-317440.0
-4887040.0
273408.0
8556032.0
-2178560.0
-76800.0
9266688.0
1.9106816E7
1.6865792E7
829440.0
-5187584.0
-1337856.0
2383872.0
-5526016.0
-9805312.0
90624.0
2459648.0
-887296.0
-3662848.0
-3373568.0
-938496.0
-1983488.0
4701184.0
6898176.0
4827648.0
1.0202624E7
2061824.0
-4974080.0
-1261056.0
5326848.0
1.39136E7
6508544.0
9240064.0
-1370624.0
-7005696.0
-5563392.0
-7057408.0
4821504.0
-1993728.0
-1410560.0
-7987200.0
-9589760.0
-9829888.0
-2966528.0
-7651840.0
-1.0110464E7
-3484160.0
5428736.0
2576896.0
-6509056.0
-5755904.0
-1.0556928E7
6192128.0
-8407552.0
-1.1278336E7
-1.6909312E7
-1.6234496E7
-2128384.0
-3565568.0
-1.2622848E7
-5299200.0
3947008.0
8526336.0
7678976.0
-4005376.0
-9288192.0
2390528.0
-561152.0
-994816.0
1.1272192E7
5005824.0
2692096.0
7448064.0
1602048.0
1691136.0
2781696.0
-9159168.0
-7975936.0
-7049216.0
1.6321024E7
1.3624832E7
1216512.0
-6034944.0
-1.2423168E7
-2.4001536E7
-1.7417728E7
-9933312.0
-1.5025152E7
-1.3507584E7
939008.0
9367552.0
1.2489728E7
1.1831808E7
1.2678144E7
5453312.0
1.35936E7
4168192.0
7518208.0
5008384.0
1.2115456E7
1.4851584E7
2757632.0
-2826752.0
-1436672.0
2851328.0
3445248.0
4082176.0
-612352.0
-5545984.0
-6080512.0
-5259264.0
1995776.0
7554560.0
5620224.0
-3476992.0
5713920.0
6267904.0
4329984.0
-4420096.0
-1.4447616E7
-1.2348928E7
-4880384.0
3758592.0
2251776.0
-344576.0
-4255744.0
-3925504.0
-7691776.0
-1.1359232E7
-1.5171584E7
-354816.0
8194560.0
-295424.0
-4466688.0
-7152640.0
-1391616.0
4034048.0
1459200.0
-1.05984E7
620032.0
4794880.0
-7928832.0
-1205760.0
1854976.0
-1.6539648E7
-1.225472E7
-1862656.0
-4327424.0
-2966528.0
-8330752.0
-1.5993344E7
-1.1116032E7
-8066560.0
-320000.0
5480960.0
1161216.0
-4293632.0
9625600.0
4581376.0
746496.0
-325120.0
-4677632.0
3576320.0
-498176.0
-3421696.0
8455168.0
4137984.0
3836928.0
-9719808.0
-3465728.0
5975040.0
9879040.0
2932736.0
4318208.0
1.3933568E7
9707520.0
2109952.0
4633088.0
-1832960.0
-1.327616E7
-1.2900864E7
-2364928.0
-1296896.0
250368.0
-1064960.0
9484288.0
4708352.0
5810176.0
6466560.0
8904704.0
-407040.0
-3584512.0
1067008.0
1710592.0
-6703616.0
-6296576.0
1734144.0
-8636928.0
-4484096.0
-7361536.0
638464.0
604672.0
1011712.0
3641344.0
1738752.0
-3254272.0
7200768.0
2743296.0
5209600.0
-331264.0
-1.0591232E7
-7305216.0
-1023488.0
-7371264.0
-1.3407744E7
-1.5698432E7
-2.0688384E7
-2.2401536E7
-1.1864064E7
-8990720.0
-4167168.0
9914880.0
1.785856E7
-1225728.0
-1.5579648E7
-5388288.0
-4148224.0
-8925184.0
-6249984.0
-1.4047232E7
4391424.0
6451200.0
1.0894848E7
8796160.0
1.2681728E7
1.0745856E7
5041152.0
-7458816.0
-2174976.0
7682560.0
-7298560.0
-8279552.0
-1.1251712E7
-9732608.0
-5403136.0
-3510272.0
5897216.0
2493440.0
-7754240.0
-5067776.0
-2196480.0
-2973184.0
-2490368.0
2062848.0
6411776.0
-1382912.0
1590272.0
47104.0
-6930432.0
-8238080.0
-1450496.0
8476160.0
9154048.0
9234432.0
9840128.0
-1477120.0
7706624.0
1.2284928E7
3166208.0
1.0100736E7
1.152512E7
2255872.0
-1692160.0
3848704.0
8694272.0
143872.0
6433792.0
6971904.0
1262592.0
-5953024.0
2187776.0
-1461760.0
134656.0
7865856.0
1.0152448E7
5520896.0
1.1067904E7
4217856.0
-1.159936E7
-3746304.0
-2178560.0
-1.295616E7
-9546752.0
1910784.0
2786816.0
8683008.0
3800064.0
-6247424.0
-6394368.0
-7470592.0
1456640.0
3272704.0
1889792.0
3870720.0
2159616.0
1369600.0
4871168.0
4593152.0
-7661568.0
-1.1079168E7
7145984.0
1.489152E7
1.19808E7
3709952.0
-1716224.0
-9647616.0
388608.0
-4277760.0
-792064.0
-5290496.0
-1.1657216E7
-1.0011648E7
2403328.0
620032.0
5627392.0
-3189248.0
2708480.0
9799680.0
-2483200.0
-1152000.0
9560576.0
9086976.0
5820928.0
1856512.0
2153472.0
-6327296.0
794624.0
7443968.0
1209856.0
-2698752.0
4474368.0
1.5853568E7
4386304.0
1.497856E7
1.8027008E7
-1188864.0
-7576576.0
-5801984.0
-7455744.0
-8058368.0
-7325184.0
-2794496.0
625664.0
-4188160.0
-1.1491328E7
-1.2915712E7
-3521536.0
-1612800.0
-1.2127232E7
-1.3476864E7
-3348992.0
-7667712.0
-1.2896256E7
-9992704.0
-1.6857088E7
-1.7309696E7
-1.001728E7
-1.3194752E7
-1.2581376E7
-1554944.0
-5370368.0
-7898624.0
-1.9138048E7
-2.0194816E7
-2.618368E7
-2.122496E7
4068864.0
1.0473984E7
6085120.0
1.0407936E7
1.4474752E7
9475584.0
8527360.0
6110720.0
5040640.0
1030144.0
-9709568.0
-3794944.0
-3927552.0
-1.0865664E7
-1.619968E7
-4835328.0
-2845184.0
-2323968.0
-1.8518016E7
-1.2694528E7
-1188864.0
-1187840.0
2478592.0
-3095552.0
6934528.0
-342016.0
-1602560.0
3822592.0
1.6451584E7
8842240.0
-1307648.0
-4361728.0
-1.2959744E7
-4444160.0
2983936.0
3260416.0
1.2870656E7
-888320.0
-3867648.0
-3976192.0
-7629824.0
-9237504.0
-1.1183104E7
-1687040.0
-780800.0
1390592.0
2766848.0
-8140288.0
-1.2792832E7
-8737280.0
-212480.0
-1.1357184E7
-9745408.0
689152.0
7886848.0
9630208.0
1005568.0
-2632192.0
-6027776.0
-4925440.0
-1883648.0
4995072.0
-2067456.0
-9031680.0
-1.4113792E7
-1.5699456E7
-7955456.0
-2768896.0
-1916928.0
-3196928.0
-4256256.0
-2881024.0
-1.2302336E7
-4923392.0
4072960.0
5832704.0
-1.3824E7
-1.1414528E7
-5496320.0
693248.0
-3173888.0
1413120.0
1.1746816E7
4965376.0
452608.0
1201664.0
1871360.0
-1962496.0
5173248.0
1.3022208E7
1.0272768E7
4092928.0
1.0692608E7
4540928.0
8518656.0
-2816000.0
4987392.0
-2648576.0
-1618432.0
-730112.0
-3374080.0
3198976.0
7437312.0
3857408.0
1.070848E7
9735680.0
-8710656.0
-6249984.0
-4646912.0
7361024.0
3340288.0
2207744.0
7270400.0
8145408.0
1609216.0
1935872.0
-2057216.0
5712896.0
2549760.0
-1431040.0
9320448.0
9713152.0
3155456.0
-2056192.0
-3245568.0
3738624.0
6864384.0
1.5036416E7
1.5556096E7
854016.0
-8656384.0
5843456.0
9649664.0
4407296.0
1.4162944E7
2.081536E7
7240704.0
6756352.0
8777728.0
855552.0
-580608.0
-5573120.0
4231168.0
1.9764224E7
2.108928E7
1.0427392E7
1.1723264E7
1.6216576E7
1.4900736E7
1.3884416E7
7768064.0
5192192.0
68608.0
8098304.0
7130112.0
1.208832E7
8063488.0
1.6795136E7
4932096.0
-3567616.0
-1405952.0
-1393664.0
-7894016.0
-5714432.0
-1.2412416E7
-1.3165056E7
1117184.0
247808.0
2245120.0
-8297984.0
-1.6454656E7
-403456.0
-7311360.0
-4398592.0
-7156736.0
-5830656.0
-74752.0
3571200.0
7478784.0
-2959360.0
-6890496.0
5536256.0
6203392.0
-2619392.0
-3003904.0
5909504.0
3520000.0
165888.0
-2089984.0
-3198464.0
64000.0
8664576.0
8553984.0
802304.0
-7451136.0
-1.3419008E7
-5448192.0
-1828352.0
7621632.0
1.0323968E7
5033472.0
-3564032.0
-6720512.0
-4255744.0
1.361408E7
8432640.0
-5369856.0
1.1920896E7
1.4101504E7
3817984.0
1.1278336E7
-1716736.0
453632.0
-2539008.0
-6182400.0
-1.4331904E7
-1.117184E7
3346944.0
9957376.0
3808256.0
-986624.0
987648.0
-4468736.0
-6016512.0
-3405312.0
1879040.0
-2518528.0
-5310464.0
5032960.0
8140288.0
4664320.0
1.7788416E7
9291264.0
-4399104.0
-3144704.0
-37376.0
-2259968.0
7244288.0
4562432.0
-3721728.0
2592256.0
-2165248.0
2945536.0
8162304.0
3369472.0
5392896.0
3954176.0
-4533760.0
-9611776.0
-1.0346496E7
-517632.0
-3039744.0
-1.080832E7
-9604096.0
-2.514432E7
-2.9672448E7
-1.4381568E7
-8241152.0
-8968192.0
-6664704.0
-1.1616256E7
-1.4342656E7
-5833728.0
1.0119168E7
360448.0
-2650112.0
-7713280.0
-5958656.0
-947200.0
-7245824.0
-1.1020288E7
-9588224.0
-1.4080512E7
-4768256.0
-1508352.0
-418816.0
-1552384.0
-8296960.0
-4750336.0
750080.0
8334336.0
2804224.0
6338560.0
2886656.0
-5539840.0
1.2626432E7
1.780736E7
-2438144.0
-8806400.0
-2.0355584E7
-2.1192192E7
-6881792.0
-5924864.0
-1.476864E7
-6498304.0
516608.0
-4776448.0
2293760.0
-4078080.0
-5402624.0
-6708224.0
-8478208.0
-1753088.0
-1.5161344E7
-1.24672E7
-8740864.0
234496.0
6498816.0
8309760.0
1.1883008E7
1.3119488E7
9027584.0
9633792.0
3615232.0
5175296.0
794112.0
-1.1237376E7
-4948480.0
-4938752.0
3291136.0
1047040.0
1517568.0
-4569088.0
-9550336.0
2431488.0
1.1824128E7
7135232.0
-3054080.0
-5639680.0
-7221248.0
-7482880.0
199680.0
-4806144.0
-8760320.0
-5880320.0
-1.01632E7
-1574400.0
5989376.0
1.048576E7
7284736.0
-1314816.0
7740416.0
1.5216128E7
1.0963968E7
212480.0
-1.0504704E7
-7433216.0
1474560.0
6811136.0
1575936.0
4895744.0
-2492928.0
1.3362688E7
6745600.0
-7640064.0
-1.3953536E7
-5900288.0
-2192896.0
-4575744.0
6479360.0
3201536.0
8632320.0
1.2117504E7
1.0623488E7
-2161664.0
-6646272.0
-1.1731456E7
-5848064.0
-1281024.0
823808.0
6096384.0
6530560.0
-558080.0
-5881344.0
775680.0
5465088.0
2922496.0
-2.0138496E7
-1.8985472E7
-1.4642176E7
-1.5327744E7
-1.7938944E7
-1.5156224E7
-9568768.0
-1.0707456E7
-1526784.0
-6768128.0
-2.0612608E7
-2.0596736E7
-1.1917312E7
-6757376.0
-1.6668672E7
-1.508352E7
-1.0131968E7
-1.2612096E7
892928.0
7264256.0
3527168.0
5551104.0
-1863168.0
-6854144.0
-1.1846144E7
-1.7810944E7
-2.6457088E7
-3.4530816E7
-2.2943232E7
-1.3776896E7
-1.371904E7
-8310272.0
-2870272.0
-1551872.0
2458112.0
8546304.0
-2914816.0
-128512.0
-3302400.0
-3848704.0
-4278784.0
2799616.0
-5704704.0
4417024.0
2.3087104E7
1.7385472E7
1.1341824E7
1.0747904E7
-2523136.0
-7792640.0
-6191616.0
3801088.0
-3069952.0
-4189184.0
-2119168.0
1548800.0
4968960.0
1.7985536E7
-839680.0
-7286272.0
-8657408.0
150016.0
2597376.0
-4217344.0
12800.0
6183936.0
5949440.0
1.5952384E7
1.3554176E7
181760.0
-1722880.0
327168.0
412160.0
43520.0
3468288.0
1207296.0
933888.0
-1953792.0
-5809664.0
3325952.0
-4390400.0
-1.2822528E7
-9428992.0
-1.022976E7
3029504.0
-5250048.0
-1.3878784E7
-1.1080704E7
-2729984.0
-3999232.0
-1.4889984E7
-8094208.0
-683520.0
-743424.0
-1255936.0
-4818944.0
-5517312.0
-1.1885056E7
-8434176.0
-6739456.0
-1.5531008E7
-1.6647168E7
1281536.0
1.3185536E7
341504.0
446976.0
-8552448.0
-5446144.0
-3462144.0
-1.496576E7
-1.0305536E7
-5275648.0
-4703744.0
2802176.0
1.2749312E7
1887232.0
9634304.0
691200.0
-3458048.0
-8305152.0
-7760896.0
-1.1585536E7
-1.4807552E7
-8740352.0
-2723328.0
-496128.0
174592.0
2864640.0
-5593600.0
931328.0
1.0177536E7
189440.0
675328.0
-2599936.0
288768.0
897024.0
-574976.0
4267008.0
-6500352.0
-3009536.0
1.1410944E7
709632.0
314880.0
-592896.0
-5248000.0
6998528.0
9205760.0
6554112.0
1.0641408E7
2488832.0
-5546496.0
7286784.0
3099136.0
1.0108416E7
1.665792E7
-2107904.0
-3545600.0
7746560.0
1.1190272E7
6713856.0
-8349696.0
-6669824.0
5964288.0
1.3033984E7
1.6740864E7
1.4905856E7
1.3391872E7
-140800.0
-1.2304384E7
-7924736.0
-2510336.0
1.054976E7
6568960.0
1.116672E7
2685440.0
3005440.0
1563648.0
9706496.0
-5348864.0
-6227456.0
-5541376.0
4313088.0
5001216.0
-5982208.0
-8220160.0
-6543872.0
2177024.0
2168320.0
6688256.0
4511744.0
-1.4176768E7
-1.427456E7
-1.0775552E7
-5157888.0
2194944.0
2538496.0
-6784000.0
-9979904.0
-1.2747776E7
-7654400.0
-1.419776E7
-9711104.0
7123968.0
6245888.0
-3952640.0
-5686272.0
-4736512.0
2221568.0
-5002240.0
-6549504.0
7577600.0
8186368.0
1309696.0
-7793152.0
-1.2832768E7
-1.2621312E7
-1.034496E7
-1.167104E7
-1.0041856E7
-1.371136E7
-1.1010048E7
-4089344.0
4694016.0
1982464.0
-7339008.0
9216000.0
458240.0
519168.0
9349120.0
-637440.0
-5880320.0
-5853696.0
6495744.0
1934336.0
-1785344.0
-4788224.0
2779648.0
-2302976.0
2232832.0
2740224.0
2546688.0
4967936.0
4743680.0
-467968.0
-6057984.0
1172480.0
574976.0
399872.0
9647104.0
-321024.0
6070784.0
-4217344.0
-1.2227072E7
-1.3278208E7
-1.7545728E7
-1.569792E7
-1.6474624E7
-9057280.0
-9203200.0
-6852608.0
-3961856.0
-1.412608E7
-2.0578304E7
-1.1871232E7
-8643072.0
-5923328.0
4124160.0
2899968.0
-1.07264E7
-1.4309376E7
-7949824.0
-1.126144E7
-1.4180864E7
-8557056.0
-9509888.0
-2414592.0
-71680.0
1239040.0
-4834304.0
-1459712.0
3598848.0
7759872.0
1.85088E7
9248256.0
121344.0
5796864.0
1.089024E7
1.93024E7
1.4107648E7
408576.0
4578816.0
-5042176.0
-7844352.0
1201664.0
-9121792.0
-1955328.0
326656.0
-2740224.0
-6159360.0
1963008.0
5373952.0
1.5514112E7
1.3748736E7
1.655552E7
1.2132352E7
4800512.0
3199488.0
-4341760.0
-4812288.0
1.1953152E7
1.4288896E7
7160832.0
3816448.0
5185536.0
-2902016.0
-2575360.0
-3832320.0
-3507712.0
-406016.0
5723136.0
5662208.0
9468928.0
-1117184.0
-1.0689024E7
-3692032.0
2025984.0
7240192.0
-4655616.0
-4112896.0
-8515072.0
-3678208.0
2276864.0
6617600.0
4987392.0
-6068736.0
1051648.0
-39936.0
2761216.0
2810368.0
1.042432E7
-5079552.0
-1.195264E7
-9986560.0
-6853120.0
3986432.0
-4993024.0
1336320.0
6656.0
-187392.0
1574400.0
-3256320.0
-1.0205696E7
-4072960.0
-896000.0
-4895232.0
-4770816.0
-9014272.0
-9330688.0
-1.0269184E7
-1.3689344E7
-2505216.0
2039808.0
-5537792.0
-3737600.0
-1.2838912E7
-1.8284032E7
-1.6937984E7
-1.4441472E7
-1.3818368E7
-578560.0
6604800.0
1.398784E7
1.5461376E7
1.1052544E7
2857984.0
2287616.0
-1686016.0
2273280.0
-2065920.0
-6713856.0
2753536.0
227328.0
-931328.0
8392704.0
8868864.0
4222976.0
2126848.0
551936.0
-9212928.0
-2.2023168E7
-1.8366464E7
-1.1913216E7
-8819200.0
-3203072.0
-1295872.0
-7342080.0
-1.2964352E7
-6411264.0
-8596480.0
6936576.0
6671872.0
-3500544.0
-2542080.0
-1.0687488E7
-7536128.0
-4029440.0
-7518720.0
6611968.0
1.0251264E7
4868608.0
9910784.0
2900480.0
-6900224.0
-8080384.0
-1718784.0
-695808.0
7291392.0
1.3515776E7
1.9271168E7
6551040.0
-1147904.0
1.0343424E7
6435840.0
-1682944.0
-2225664.0
-9146368.0
-8200704.0
-1.6679424E7
-1.9716096E7
-1.9098112E7
-2.1246464E7
-1.1428352E7
-1307648.0
7944704.0
-1483776.0
-1.0546176E7
1796608.0
-6802432.0
4684288.0
3371008.0
-3568640.0
210432.0
-5588480.0
4157952.0
1.0166272E7
1333248.0
8251904.0
8923136.0
-5308416.0
2379264.0
-71168.0
-1511424.0
-2832896.0
-1.1838976E7
-1.5265792E7
-2.4020992E7
-1.5228416E7
-1.447424E7
-9970688.0
8728576.0
1.1369472E7
2586112.0
-2100736.0
-2520064.0
-7019008.0
-1.337344E7
-6141440.0
-8708096.0
-1.0656768E7
1.3097984E7
1.4209536E7
3320320.0
9920000.0
5950464.0
-6710272.0
-5344768.0
-1.042176E7
-1.6738816E7
-7894528.0
-2679296.0
-2756096.0
-4881408.0
-1.0655744E7
-1989632.0
6388736.0
-4343808.0
-8947200.0
1.36448E7
8293376.0
2435584.0
1.1784192E7
-3158016.0
-1.8814464E7
-1.8258944E7
-1.4024704E7
-1.247744E7
-7770112.0
-4509184.0
-8482816.0
-1.4071296E7
-3782144.0
4756480.0
-7382016.0
-1.3220352E7
-3532288.0
9415680.0
3244544.0
355840.0
-6601216.0
3175936.0
1.2363264E7
-944128.0
-8792576.0
-1635328.0
7116800.0
7819776.0
78848.0
1.0202624E7
8091648.0
783872.0
4219392.0
-1.99296E7
-2.3679488E7
-9598464.0
-8385024.0
-1.1845632E7
-8714752.0
-1.2950528E7
-1.715456E7
-9904640.0
9315840.0
1.365248E7
1.158656E7
-5342208.0
-8093696.0
-7938560.0
-825856.0
1023488.0
3766272.0
8608256.0
-2353152.0
2659840.0
-8526848.0
-1.2594176E7
-9791488.0
-9176064.0
-1.0500096E7
-6194688.0
-3338240.0
-1.0091008E7
-5038592.0
3976192.0
1011200.0
-2514432.0
6143488.0
3541504.0
2497536.0
-471040.0
-3742208.0
-5437952.0
-1865216.0
2680832.0
2727424.0
1369600.0
-8545280.0
-1921536.0
-6738944.0
6521344.0
1.3786624E7
8419328.0
1.1428864E7
5197824.0
6807040.0
4055040.0
2761728.0
-7049728.0
-1.9246592E7
-1.3303808E7
-8443904.0
-5899776.0
-1.3246976E7
-5770752.0
333312.0
1.3884928E7
9239040.0
1.5863808E7
1.12E7
1629184.0
-1.7009664E7
-9280000.0
4280832.0
9356800.0
1.0315776E7
-22528.0
-5316096.0
2562560.0
3090944.0
3742208.0
2704384.0
5830656.0
2.2109184E7
2.0258304E7
2470912.0
-5359104.0
-3249152.0
-1.107712E7
-7190528.0
1593856.0
1772544.0
9041920.0
921600.0
3282432.0
-4742656.0
-2680832.0
1583104.0
5317632.0
9401856.0
7483392.0
5135360.0
-4900864.0
-1441280.0
-6666240.0
-7323136.0
-1.232384E7
-5039616.0
-3688448.0
4661248.0
3651072.0
7747584.0
-1499648.0
1.7161216E7
1.7389056E7
9112576.0
1.1396096E7
-1719808.0
-3124224.0
-6529024.0
-1.4958592E7
-1.093376E7
-1.5254016E7
-1.181184E7
-8995328.0
-7749632.0
-7898112.0
-4459520.0
-1580544.0
3360256.0
4314112.0
7773184.0
1.1237888E7
1052672.0
-2339840.0
-4996096.0
4119040.0
4757504.0
1392128.0
2398720.0
342528.0
-3708928.0
-2452992.0
-1643520.0
-1.504768E7
-1.4565376E7
-1.581568E7
-1.961216E7
-3244544.0
1801728.0
3836416.0
-3232256.0
-1.0652672E7
-5238784.0
1065472.0
-6739968.0
-1.0128896E7
-1.3433856E7
-2658304.0
2880512.0
-4847104.0
-2969600.0
-263168.0
-5596160.0
-9872384.0
-1.278976E7
-3748864.0
-3116032.0
-5002240.0
-9388032.0
-1.3865472E7
-9111040.0
-7764480.0
-9474048.0
-9779712.0
1037824.0
4449792.0
7095296.0
-6120448.0
-2824704.0
-6927360.0
-8707072.0
6623744.0
1.0312704E7
1.1725824E7
1.0607616E7
1.0194944E7
-3535872.0
-1.0835456E7
-3789312.0
6203392.0
748544.0
-4704256.0
3730944.0
3402240.0
8104960.0
3044352.0
7888384.0
2702848.0
1086976.0
-6759936.0
-340480.0
1.7531904E7
2.4361984E7
1.2163584E7
-684544.0
-6475776.0
1.1389952E7
7630336.0
8641536.0
6359040.0
1.1267072E7
8455168.0
3201536.0
2733056.0
-2053120.0
-1.0692096E7
-1.6677376E7
-1.67424E7
-1.4622208E7
1931776.0
7373312.0
5066240.0
-9558528.0
-9353728.0
-3722752.0
7974912.0
5535232.0
5022720.0
8293376.0
8385024.0
1.1286528E7
2466816.0
4795392.0
531456.0
8980992.0
1.027584E7
6794240.0
8756736.0
1.6462336E7
6307840.0
-200192.0
3875840.0
1012736.0
-292864.0
-1.0520576E7
-1.9742208E7
-9781248.0
630272.0
2067456.0
-1844224.0
-1.0991104E7
-1.1196416E7
-4396032.0
1.0308096E7
1.4909952E7
2.1466624E7
9570304.0
2632704.0
7330304.0
-886784.0
-8134656.0
-9770496.0
-8451072.0
-8010240.0
-1237504.0
-5715968.0
-2.5058304E7
-1.1104256E7
-3229696.0
-2074624.0
524800.0
2599424.0
7026688.0
6472704.0
2343424.0
6164992.0
-1.0113024E7
1575424.0
8921088.0
-1873920.0
-4812800.0
-9475584.0
-3445760.0
4660736.0
9198592.0
9020928.0
5774336.0
8388608.0
1.735424E7
6459392.0
4446208.0
-3964416.0
-1.012992E7
-1.2572672E7
-8842752.0
-3654144.0
-1.2955648E7
-8478720.0
822784.0
1044480.0
-2387456.0
-1.3755904E7
-9972224.0
1847296.0
-2948096.0
-7221760.0
-3115008.0
6261760.0
2567168.0
-3340288.0
3406336.0
-5986304.0
-2319872.0
2419200.0
2911232.0
-22528.0
-6363648.0
4973568.0
1884672.0
7972864.0
5160960.0
5482496.0
3112448.0
2582528.0
-5934080.0
-2293248.0
2475008.0
-8814080.0
-5593600.0
6556672.0
3788288.0
1.13024E7
6814208.0
697856.0
1.0702848E7
757248.0
135168.0
613888.0
828416.0
9438720.0
1.3170688E7
7258624.0
-2422272.0
-6388736.0
-3531264.0
-1081344.0
4500480.0
-1525760.0
3333120.0
-1449984.0
-5855744.0
1746944.0
-5147136.0
-3490304.0
640000.0
9292800.0
1.0909184E7
6313984.0
5006848.0
-6175744.0
-5159936.0
-187904.0
9268736.0
1.0871296E7
9907200.0
8218624.0
6946304.0
5405184.0
2181632.0
-1.0724352E7
-1.0551296E7
-8400384.0
-4872192.0
352256.0
1.0753024E7
1.492992E7
3692032.0
-3502592.0
-287744.0
2510336.0
5142016.0
6873088.0
-3357696.0
-7351296.0
-6722048.0
-3822080.0
6659072.0
1.3965824E7
2430976.0
-6345728.0
-6481408.0
-996864.0
-3482624.0
-1.1009024E7
-3691520.0
-2006016.0
-5950464.0
-6091776.0
-9587712.0
-1.734912E7
-2.1099008E7
-9987072.0
-1792000.0
7344128.0
-1747456.0
-7571456.0
-4672000.0
-1.0054656E7
-8858624.0
-6612992.0
-7327744.0
-2027520.0
5932032.0
2440704.0
-4638720.0
-8408064.0
-2688000.0
-923648.0
2107392.0
-4989440.0
-1.0550784E7
-1.2770304E7
-1.8171392E7
-1.4871552E7
-1.4375424E7
1335808.0
5486080.0
6785536.0
1570816.0
-6628352.0
-1876480.0
-8605696.0
-1.3412352E7
-7521792.0
-1454592.0
1355776.0
6804992.0
1.1725824E7
-466944.0
-4642816.0
3892736.0
2.1922304E7
1.0911744E7
2239488.0
-751104.0
-4227072.0
8098304.0
1.4076416E7
9330688.0
2.1331456E7
1.5565824E7
1.1061248E7
2221056.0
2476032.0
3188736.0
1.2625408E7
1.823488E7
1.401088E7
-2463232.0
-8007168.0
-2212352.0
-5179904.0
-3808256.0
-329216.0
-2982400.0
-100352.0
1235456.0
5145088.0
2232320.0
-1744384.0
-6616064.0
-6146560.0
-5300224.0
-3459072.0
-855552.0
8222208.0
1.6300544E7
1.350656E7
1.8998784E7
1.3978112E7
2818560.0
1287680.0
-1830912.0
-1.1624448E7
-4173312.0
-2979328.0
-592896.0
6871552.0
1.0737664E7
8307200.0
6985216.0
7144448.0
-263168.0
7642112.0
-1107456.0
60928.0
8068608.0
1.4844928E7
5199872.0
-349184.0
-9807872.0
-1.3272576E7
-9261568.0
2916352.0
5971968.0
-5365760.0
-6491136.0
-9190400.0
324096.0
6183424.0
-3553792.0
1377280.0
1.3016064E7
1.682944E7
1.0919936E7
8773632.0
8255488.0
1.501184E7
1.2986368E7
2817024.0
1.3888E7
1.3121536E7
1.4817792E7
1.5940096E7
1.4114304E7
8662528.0
2.2201856E7
1.104128E7
7580160.0
-2185728.0
-4079104.0
480768.0
-159744.0
2330112.0
6185472.0
1.623552E7
1.5229952E7
1.6568832E7
1.3370368E7
7321088.0
-4002816.0
-1.6561664E7
-1.5650304E7
-3808768.0
-1228800.0
1.2850688E7
2.03264E7
2211328.0
-8169472.0
328704.0
1544704.0
1.1623936E7
1.1186176E7
3586560.0
-2545152.0
1301504.0
283648.0
-9925632.0
-1.3733888E7
-1.45664E7
-6162944.0
-9150464.0
2941952.0
916480.0
-6980096.0
-9362944.0
-2596864.0
-2372096.0
269312.0
-2624512.0
-9101824.0
-1.0218496E7
2587648.0
1168896.0
-3583488.0
-1.372416E7
-5692928.0
-2098688.0
9083904.0
3627008.0
-4113920.0
2609664.0
2316288.0
9241088.0
-2784256.0
-2332672.0
-3459584.0
401408.0
5487104.0
-3648000.0
5051904.0
1.2824064E7
1.5186432E7
7001088.0
5676544.0
8212480.0
1.7977856E7
1.7737216E7
1.3992448E7
1.2052992E7
1.4390784E7
5916672.0
-1332224.0
2605568.0
-1351680.0
-4686336.0
-6978560.0
-5096448.0
-2018816.0
989696.0
8393216.0
1005056.0
-775680.0
-6863360.0
9428480.0
6466560.0
-2103808.0
3572736.0
3911680.0
4496384.0
4472320.0
-1894400.0
-1.0813952E7
3321856.0
1.7031168E7
-3966976.0
-1.4606848E7
-3960320.0
-6867968.0
1.0215936E7
1.4884352E7
2580992.0
-6482944.0
-1.197056E7
-1.0619904E7
-8942592.0
-1.0087936E7
-5819392.0
2172416.0
697856.0
6093824.0
8983040.0
-3044864.0
6222336.0
1.1507712E7
9701376.0
1934848.0
5394944.0
-2619904.0
-6682112.0
474112.0
960000.0
1540608.0
-1755648.0
-1.0830848E7
-8086528.0
-6573056.0
-2516992.0
-6578176.0
-4710400.0
-1.571584E7
-2.2068736E7
-1.9044864E7
-1.0673664E7
-4540928.0
-1.15712E7
-1172480.0
6670848.0
9928192.0
1.65632E7
-4256256.0
48128.0
-7432192.0
-8097792.0
-1.2981248E7
-1.8382848E7
-1.5352832E7
-1.892864E7
-1.43744E7
-8286208.0
-8098304.0
-9759744.0
-1.1388416E7
-5220352.0
-1.0560512E7
-9347584.0
-6589952.0
-1.209856E7
-8648192.0
-3028992.0
6174208.0
1.0455552E7
2908160.0
6606848.0
-7549440.0
-5060096.0
-5462016.0
-8719360.0
1598464.0
1.1245056E7
3845632.0
-1.208064E7
-1.2115968E7
7462400.0
1.321984E7
9727488.0
5493760.0
-4480512.0
-1518592.0
-1520640.0
-9293824.0
-1.317888E7
-1.6569344E7
-4809216.0
-1.2036096E7
-1.1628032E7
-4971520.0
3665408.0
5646848.0
-1.0999808E7
-3803648.0
4884992.0
-91648.0
8088576.0
3251712.0
2336768.0
3317760.0
-1.3174272E7
-8078848.0
1843712.0
8759808.0
5287936.0
8163328.0
-6400512.0
-4786176.0
1.2998656E7
1.3101568E7
228352.0
-6410240.0
440320.0
6795776.0
6271488.0
9882624.0
8316928.0
310272.0
6725120.0
1.4393344E7
6655488.0
3391488.0
6369792.0
1.1803136E7
2965504.0
-3305472.0
-2791936.0
5772800.0
4703744.0
8608256.0
-420864.0
-2337280.0
-1.0650112E7
-1.2069376E7
-1.301248E7
-1.0974208E7
-9306112.0
-6925824.0
-2643456.0
1.2949504E7
1.517824E7
1252864.0
1673216.0
-7846912.0
6586880.0
3668992.0
7768576.0
3093504.0
-1960448.0
1.339136E7
1.6839168E7
7526400.0
-1967104.0
-356352.0
3125760.0
2595840.0
1520640.0
5933056.0
7069184.0
8188928.0
1.1805184E7
8770560.0
1.1000832E7
1787392.0
599552.0
-484864.0
-6105088.0
8077824.0
7364096.0
-4796928.0
6817280.0
1.2288E7
5061632.0
-6951936.0
-9850368.0
-6257152.0
-3593216.0
-8452608.0
8448000.0
1.2284928E7
-227328.0
-8501760.0
5264896.0
-3504640.0
832000.0
-2565632.0
-5450752.0
-3159040.0
-694784.0
-2370048.0
-100352.0
6866944.0
3982336.0
5156352.0
-5304832.0
-1.0063872E7
-9261568.0
-2280448.0
-4110336.0
-2501632.0
3285504.0
6632448.0
4573184.0
2022912.0
-8796160.0
-6818816.0
5884416.0
4534784.0
-905216.0
-7330816.0
-299008.0
-5697536.0
-1.4328832E7
-1.1545088E7
-64000.0
-6212608.0
-6584320.0
-1.0384384E7
-1.5504384E7
-4292096.0
1.0791424E7
1.4288384E7
1.4849024E7
8349696.0
893952.0
-2633216.0
-390656.0
1.4588928E7
1.576192E7
1.3910528E7
3895808.0
5591552.0
1.2509184E7
1.2548608E7
-242176.0
-1288192.0
-6381056.0
-2216960.0
110080.0
-1465344.0
1.2376064E7
1.669632E7
5255680.0
-3992064.0
6255616.0
1.5894528E7
6891520.0
1377792.0
484864.0
-1611264.0
2899456.0
9244160.0
3023360.0
-7711232.0
7654400.0
7839744.0
-4377088.0
2397184.0
-290304.0
-2.4242176E7
-1.762816E7
-4571648.0
227840.0
-349184.0
3226112.0
7379968.0
3243008.0
-2.0212736E7
-1.3174272E7
-4388864.0
-2102784.0
5055488.0
8905728.0
8808448.0
2873856.0
-138240.0
-3441664.0
-6213632.0
-2386432.0
-5724160.0
-1.192192E7
-2.1062144E7
-1.401344E7
-1.40288E7
-1.7043968E7
273408.0
-2453504.0
-1.2067328E7
-2331136.0
-807424.0
2358272.0
7398912.0
3565568.0
-9391104.0
-8129024.0
-1133056.0
-3882496.0
-3370496.0
7254528.0
5191168.0
-3990528.0
2555904.0
-3634688.0
-1426944.0
2688512.0
1.0683904E7
1.659392E7
1.4418432E7
6486528.0
3492864.0
7105024.0
4370432.0
7076864.0
1.0165248E7
-1510400.0
-4733952.0
5491712.0
9819136.0
7970304.0
-5896192.0
-2.038528E7
-1.4306816E7
-8680448.0
-9058304.0
-2.141952E7
-2.0558336E7
-9882624.0
-1.0940928E7
-1.8749952E7
-1.6897536E7
-6939648.0
-1.416704E7
-9490944.0
1103360.0
2692608.0
-538112.0
1.1789312E7
4094976.0
1385472.0
8258048.0
986112.0
-6592512.0
-6903296.0
-56320.0
2412032.0
6554624.0
1.8830336E7
1.0215424E7
1679872.0
-910848.0
-1306112.0
1632768.0
1.0657792E7
1.0625536E7
1.0687488E7
1.3920256E7
1.06624E7
2.3945216E7
1.3802496E7
-2537472.0
-554496.0
9735680.0
6273536.0
-318464.0
4652032.0
-6434304.0
-1.0481152E7
-9324544.0
-5539328.0
-4717056.0
3180032.0
2019328.0
-4229632.0
-8974336.0
-6087680.0
3914752.0
1.2096512E7
-2212352.0
-9299968.0
1422848.0
401408.0
3076096.0
6605312.0
3584000.0
-5829632.0
4803072.0
8441344.0
3194368.0
4913664.0
5036032.0
168448.0
-4776960.0
-1675776.0
9691136.0
1690112.0
-7505408.0
-8466944.0
477184.0
9221632.0
1120256.0
1.352704E7
1.7675264E7
1.2804608E7
-1404416.0
965632.0
1.7130496E7
1.3648896E7
7885824.0
4703232.0
3049472.0
824832.0
2390016.0
8823808.0
9615360.0
1.0328064E7
1.8979328E7
9765888.0
2956288.0
8363520.0
9464320.0
1.0394624E7
1.5783936E7
8416768.0
-4715008.0
-1615360.0
2300928.0
-1288704.0
1.0546176E7
1.4427648E7
1.4857216E7
1.3100032E7
1.0266624E7
9046016.0
9916416.0
1.4643712E7
9408000.0
-6752768.0
-2870784.0
1256960.0
5608960.0
6369280.0
3949568.0
-1302528.0
4769280.0
1.0115072E7
5236736.0
8169472.0
7897600.0
-4935680.0
-5409280.0
-7553024.0
-7647232.0
-7927808.0
-1.8720256E7
-1.0269696E7
-1355264.0
800768.0
6501888.0
3101696.0
-1588736.0
-3526656.0
-1.6837632E7
1601536.0
612864.0
-3155456.0
-9025536.0
-2.3122944E7
-1.5236096E7
-4570112.0
-754176.0
2822144.0
5339136.0
8635392.0
-1272320.0
4612608.0
932352.0
-7103488.0
-1.2281344E7
-5204480.0
-5521408.0
-8012288.0
-9598976.0
1984000.0
-728576.0
5911552.0
-6792704.0
-1.3441024E7
-1.7806336E7
-1.7947648E7
-2.388224E7
-2.206976E7
-1.4232576E7
-1.2747264E7
-8088576.0
889344.0
3860992.0
6008832.0
2297856.0
-5171200.0
-409600.0
1.0678272E7
6776832.0
4793344.0
-5530112.0
-1.2689408E7
1290240.0
1.2769792E7
76800.0
-3503104.0
2489344.0
-4951040.0
2434560.0
8376320.0
4210176.0
-1583104.0
8731136.0
6073344.0
-6616576.0
1.0770944E7
1.3071872E7
1262592.0
-4068352.0
-4118528.0
4044800.0
5115392.0
26112.0
1.1437568E7
-3945984.0
-8370688.0
-4971008.0
-6904320.0
-5225472.0
-6174208.0
-2613248.0
-3992064.0
-542208.0
5258752.0
4868608.0
6668288.0
9276928.0
1.2950016E7
1.0461696E7
1.3909504E7
441856.0
-447488.0
8184320.0
8355840.0
-1.2842496E7
-1939456.0
1254400.0
-5147648.0
-6955520.0
6145024.0
1491456.0
-5864960.0
3116544.0
-292352.0
-2252288.0
1755648.0
-7378944.0
-8341504.0
-3122688.0
-6858752.0
-6576128.0
6745088.0
7873536.0
5223424.0
1401856.0
4838400.0
9048576.0
-3990528.0
-1.186048E7
-2935808.0
-6958080.0
-1.2044288E7
-1.4577152E7
-4698624.0
6370304.0
1.7579008E7
1.5402496E7
1.1616768E7
1.0593792E7
-314880.0
-1486848.0
1095680.0
3552256.0
3613696.0
2890240.0
-1840640.0
-3495936.0
-1896960.0
5243392.0
3259904.0
-689664.0
-1780736.0
-726528.0
-7175680.0
-1.1996672E7
-9476096.0
-5859840.0
-5272576.0
8636416.0
1.2283904E7
956928.0
-322560.0
1576960.0
2398208.0
-2878976.0
-469504.0
-3844096.0
-6397952.0
2802176.0
-568320.0
-161792.0
7736832.0
1.398784E7
7991808.0
-5827584.0
-1.0085888E7
-9832960.0
-1.4834688E7
-1.4865408E7
-1.4083072E7
-1.01376E7
-7109632.0
7376384.0
1.4181888E7
1.1765248E7
1354240.0
-1314816.0
4154368.0
1500160.0
1.0900992E7
8653824.0
1.1231232E7
2321920.0
855552.0
4798976.0
8477184.0
1.4675968E7
4177408.0
-2340864.0
-3512832.0
-7227904.0
-1482752.0
2712064.0
9502208.0
1.5304192E7
6211072.0
-107008.0
-8927232.0
-7962112.0
5393920.0
5203456.0
-1.1342848E7
-1.7537536E7
-1.67168E7
-2.2977536E7
-8372736.0
-3451904.0
2643456.0
2698752.0
-5968896.0
-1889792.0
-2305024.0
-1.47328E7
-1.8790912E7
-9627648.0
802304.0
-7170048.0
-1.171712E7
1052160.0
-1.2292608E7
-9415168.0
-1.6922112E7
-2861056.0
5674496.0
1999360.0
4231168.0
8267264.0
-2800128.0
-2049024.0
1111040.0
3292672.0
1.0786304E7
3805184.0
-7472640.0
-7048192.0
-9287168.0
-1.6019456E7
-1.0237952E7
-7407616.0
3761152.0
8977408.0
-3540480.0
-1540608.0
-5401600.0
-1.3648896E7
-1.756672E7
1217024.0
-413184.0
-4507136.0
-7433216.0
-5436416.0
1819648.0
2962432.0
6888960.0
-2157568.0
1.0692608E7
2024448.0
-5860864.0
-1626112.0
4763648.0
2824704.0
5295616.0
-4708352.0
-9051136.0
-1.1984896E7
-1.1398144E7
7422976.0
1.9453952E7
9842688.0
1.4770176E7
8337920.0
-1389056.0
-1163776.0
7809024.0
-5405184.0
-9907200.0
8163328.0
-715776.0
7184384.0
5884928.0
4395520.0
4982784.0
1.06752E7
1.3089792E7
8923648.0
-4236800.0
-4998144.0
-8660480.0
-2041344.0
-1.1451392E7
-1.0648576E7
3140096.0
4146176.0
4306432.0
-1434624.0
2417664.0
820736.0
-4786176.0
8644096.0
9011712.0
6889472.0
7640576.0
348672.0
-1.5744512E7
-1.87904E7
-1.5394304E7
-1.8120704E7
-1.8245632E7
-1.784064E7
-1.2570112E7
-1.2889088E7
-1.0384384E7
-1.3060096E7
-5698048.0
-7458304.0
-1.7847296E7
-1.0784768E7
-3709952.0
-7982080.0
-3440128.0
-2969088.0
1916416.0
-1695744.0
-623104.0
-631296.0
3978240.0
-453120.0
-4236288.0
-7606272.0
-1.054208E7
-1.0056704E7
-1.7279488E7
-9561600.0
-6575104.0
-6430208.0
-1.4708736E7
-3074048.0
4886016.0
9952256.0
2059264.0
-4014080.0
-7327744.0
1.1359232E7
1.6346624E7
465920.0
2975232.0
2180608.0
980992.0
22528.0
1.0078208E7
1.2542976E7
8863744.0
5725184.0
8705024.0
-1324544.0
-8792576.0
-512000.0
-1973760.0
1246720.0
-1603072.0
-2749440.0
1696256.0
-1.6217088E7
-7874048.0
489984.0
1.4872064E7
1.0105856E7
9531392.0
7622144.0
-2428928.0
4084736.0
2288128.0
-3178496.0
-4334080.0
-6451200.0
1442816.0
-9937920.0
-1.314304E7
-6437888.0
-1.2220416E7
-1.4811136E7
-5730816.0
-3556352.0
-1.0254848E7
-1.3704192E7
-9093632.0
-2412032.0
-3271168.0
3856896.0
-845824.0
1.3100032E7
1.273856E7
5382656.0
8837632.0
1.146112E7
3015168.0
3971584.0
7150080.0
4299264.0
6772736.0
5349888.0
-3667968.0
-1.1404288E7
-8699392.0
-1.000448E7
-2.0893184E7
-1.4191616E7
-5161984.0
5686272.0
-5133312.0
-1.6779776E7
-2.2397952E7
-2.1768704E7
-1.5155712E7
-6392320.0
-4497920.0
-6716416.0
-2242560.0
1951744.0
4355072.0
3479040.0
-4317696.0
4493312.0
-5092864.0
-1.2534272E7
-2.4269312E7
-1.5504384E7
-2.0242944E7
-1.3923328E7
-8194048.0
-4843520.0
-1.4557696E7
-7910400.0
6652928.0
-1797120.0
1744384.0
-206848.0
6177792.0
1.6665088E7
9269248.0
1.318144E7
5730816.0
-5826048.0
-2423808.0
6393344.0
9504768.0
2201600.0
3371520.0
-1463808.0
3841024.0
-370688.0
-1207808.0
1998336.0
3047424.0
-3618816.0
6637568.0
1330176.0
-6026240.0
-124416.0
-7670272.0
-271360.0
4106752.0
1995776.0
-782848.0
-2962944.0
-230400.0
5113344.0
3969024.0
-2881024.0
-2.1383168E7
-1.4226944E7
-7444992.0
1.0898432E7
1.1765248E7
1.1526656E7
8321536.0
2283008.0
2921472.0
7053312.0
2468864.0
-2205184.0
-1815040.0
-1.2088832E7
-5787648.0
-4271104.0
-2524672.0
-2092544.0
1.4332416E7
1.393152E7
6715392.0
6902272.0
1.370368E7
1149440.0
-1.0297344E7
-8205312.0
-1.52704E7
-1.9259392E7
-7579136.0
-2327552.0
-7814656.0
-1.8559488E7
-9923072.0
-501760.0
4347904.0
-908800.0
-1244672.0
4692480.0
1848320.0
-5722112.0
1210368.0
7977472.0
-2572288.0
-10752.0
-1.0359296E7
-5675008.0
-1.0462208E7
6757888.0
-5414400.0
-1.4867968E7
-1.226752E7
-9661952.0
322560.0
7669760.0
7545344.0
2946560.0
-1.2031488E7
-2138112.0
-7153152.0
-7421952.0
-5023744.0
-8052736.0
-1166336.0
1288192.0
2330112.0
5674496.0
-131584.0
-3929600.0
-5357568.0
-1.8492416E7
-1.6129536E7
-1.7839616E7
-2.2339584E7
-1.8076672E7
904704.0
-3594240.0
-1.0397184E7
-5456896.0
-3034624.0
-1.1213824E7
1972736.0
5516288.0
1.4257664E7
1.6628736E7
7732736.0
3182080.0
-4351488.0
-323072.0
4137984.0
7251968.0
8402432.0
1.2094464E7
5651456.0
1.2750336E7
1.4323712E7
7752192.0
5012480.0
-2271744.0
-1.0363392E7
-1.812992E7
-1.215488E7
-1.309952E7
-3.0462976E7
-2.432768E7
-1.4941184E7
-6476800.0
-1.3539328E7
-8848384.0
262656.0
-2399232.0
-3407872.0
-6598656.0
-4898304.0
1.0349056E7
3852288.0
-5740032.0
-1.7140224E7
-2.398976E7
-1.5233024E7
-1.315072E7
-1.7004032E7
-304128.0
7137792.0
-8179200.0
-1.6520704E7
-7910400.0
-5604864.0
-4196864.0
3023872.0
887296.0
2593792.0
477696.0
-1.4928896E7
-1.0186752E7
-5124096.0
-2.4450048E7
-1.3597184E7
-1.5761408E7
-2.2913024E7
-2513408.0
-3163136.0
-1.1773952E7
-1.0433536E7
-1.0853888E7
-1.082112E7
2692096.0
-3143680.0
-1.3251584E7
-1.2622848E7
-7975424.0
-4668928.0
-5691904.0
-1.3362688E7
-2.36032E7
-1.5575552E7
456704.0
3072.0
1114624.0
1.2430848E7
-1573376.0
6816768.0
4542464.0
1.1807232E7
5741568.0
1.0625536E7
1.369856E7
5453312.0
-175104.0
2651136.0
2107904.0
-8633856.0
-8217088.0
-8709120.0
-8923648.0
-1.0493952E7
-2.0285952E7
-1.6301056E7
-2.113024E7
-2889728.0
1864704.0
-1474560.0
-927232.0
43520.0
-7521280.0
-5792256.0
7991808.0
-1466368.0
7066624.0
8241664.0
865792.0
-1017856.0
-2319360.0
-3274752.0
9963520.0
1.0980864E7
6291456.0
5975552.0
-3714560.0
-1.066752E7
4236288.0
-1951232.0
-1.2159488E7
-1.2023296E7
-248832.0
1007104.0
1624576.0
8604160.0
-6905856.0
-5616128.0
4221952.0
87040.0
-9744896.0
-657920.0
3651584.0
-2542592.0
-6861824.0
-3716096.0
-1430016.0
1.301248E7
1.7094144E7
1.3536768E7
5022208.0
-3191808.0
-7578112.0
-9419264.0
-3594240.0
3901440.0
1.1042304E7
2.1833216E7
2.0240896E7
1.0475008E7
2857472.0
7067136.0
-7368192.0
-2.1426176E7
-1476096.0
-391680.0
2.0092416E7
2.1656576E7
7105536.0
1307136.0
-2076672.0
-4274176.0
-3803648.0
-4420096.0
-9300480.0
-2.142464E7
-8375296.0
-367104.0
2298368.0
-5633024.0
-5476864.0
-2036736.0
-9621504.0
-2740224.0
-2.569216E7
-2.5129984E7
-2412032.0
2330112.0
-2868736.0
-6782464.0
-7408128.0
-327680.0
-7915008.0
-7366656.0
1563136.0
-2725888.0
-1.0552832E7
-3399168.0
6616576.0
3770368.0
7742976.0
5572096.0
697344.0
5406208.0
-6830080.0
-1.2486656E7
5920256.0
3725824.0
1334272.0
6914560.0
4058624.0
-1.114368E7
-9508864.0
-9699840.0
-5963264.0
-7337984.0
-1.456128E7
3738624.0
3285504.0
-3982848.0
-646144.0
3356160.0
-1.007616E7
-3414528.0
-6884864.0
-3872768.0
-42496.0
-6702080.0
18432.0
2435072.0
78848.0
4112384.0
3294720.0
1672704.0
-4035072.0
-1.624064E7
-1.6211968E7
1206272.0
-5017088.0
-8332800.0
-8471552.0
-7707648.0
-8119296.0
-1081344.0
5477376.0
4598784.0
-3997184.0
-1689600.0
-450560.0
4463104.0
1.3491712E7
1.0412032E7
5346816.0
-1047040.0
-135168.0
1392640.0
-4436480.0
-8582656.0
-1.1856384E7
-9170944.0
-890880.0
-6869504.0
-8805888.0
-4817920.0
-3590656.0
-5928960.0
-1270784.0
253440.0
-5352448.0
-5981696.0
5534720.0
6187520.0
1.351424E7
3794432.0
2471424.0
1.2547584E7
-2464256.0
-6830592.0
-5822464.0
-4644864.0
-945152.0
4904448.0
3173888.0
759808.0
-606720.0
8727040.0
1.541888E7
1.1620864E7
-1178624.0
-503296.0
-4499968.0
817152.0
-5923840.0
-1.583104E7
-1.80096E7
-2.2696448E7
-1.5041536E7
-1.6616448E7
-8497664.0
-3634688.0
-8771072.0
-1.0873344E7
-1.3409792E7
-7201280.0
-8980480.0
-6556672.0
-3785216.0
-1.147904E7
-8451072.0
-5667328.0
-8756224.0
-1.497856E7
-202240.0
-2217984.0
-1.0231808E7
-1.20192E7
-5195264.0
-9835008.0
-5622784.0
-4829696.0
-1.4939648E7
-1.4938624E7
-6838784.0
5185536.0
4999680.0
1.4797312E7
1.3426688E7
-574464.0
-7493632.0
-1.1076608E7
-2996736.0
9772544.0
541184.0
-5663232.0
841728.0
-5202432.0
2985984.0
7530496.0
3521024.0
-2590720.0
7066624.0
7188480.0
7835648.0
1.3170176E7
5570048.0
1.1319296E7
3690496.0
6128640.0
-8878592.0
-380416.0
1.1035648E7
9936384.0
3456000.0
4685312.0
135680.0
2921472.0
2369536.0
-3766272.0
4667392.0
6314496.0
5680640.0
2429440.0
4266496.0
3682816.0
6818304.0
674816.0
-523776.0
3252224.0
2521088.0
1.0828288E7
4361728.0
-5346304.0
7605760.0
1.0215424E7
4334080.0
5537792.0
1.3999616E7
8158720.0
1109504.0
5907456.0
2910720.0
3882496.0
9149440.0
1.1072512E7
1.0975232E7
4813312.0
2599936.0
-1.055488E7
-5422592.0
-4946944.0
-3022336.0
-1.1843584E7
-1.4662144E7
-1.133824E7
-1.2832768E7
-9481216.0
232960.0
-4989952.0
-1.2548096E7
-1.6654336E7
-1.0421248E7
-9499648.0
-1.8520064E7
-1.1003392E7
648704.0
-9154560.0
-1015808.0
-4752384.0
1.0873344E7
7685632.0
1.5250432E7
4731392.0
-6499328.0
7620608.0
769024.0
-1.4036992E7
-1.1028992E7
-6382592.0
-9220608.0
1869312.0
1.1300352E7
9636864.0
4011520.0
6121472.0
-4839936.0
-4373504.0
-5807616.0
2788352.0
-945152.0
6893568.0
2.58944E7
7592448.0
217088.0
-2607616.0
-7928832.0
-4718592.0
-1120768.0
2270720.0
-7899136.0
-7545344.0
-3420672.0
-1.4946304E7
-1.1905536E7
49664.0
3109376.0
-8117760.0
-5383680.0
-1.0919424E7
142336.0
1615360.0
-1241600.0
-5999104.0
53248.0
1123840.0
-225792.0
-3375104.0
4849152.0
4688384.0
3243520.0
-3789312.0
1764352.0
2781184.0
6553088.0
8465920.0
1.013248E7
3432960.0
-3615744.0
-3501568.0
-5105664.0
2439168.0
8027136.0
-4664832.0
365056.0
-1470976.0
-4472320.0
-5870080.0
-1764864.0
1440768.0
-1.2826624E7
-1.6289792E7
-1.5957504E7
-2.0189184E7
-1.2280832E7
-2672640.0
-6019584.0
-1.1648E7
-6270976.0
-4755968.0
-2718720.0
1.1084288E7
1.0015232E7
9412096.0
3701248.0
5911552.0
-7246336.0
-1.6979968E7
-9406976.0
-1.1214848E7
-4637184.0
-8917504.0
-3494400.0
1529344.0
3151872.0
2665472.0
1.2035584E7
1.2376064E7
8555520.0
-8698368.0
-1.358336E7
-6847488.0
-2087936.0
-1.23136E7
-4355072.0
-6562304.0
3554816.0
1.0176512E7
3770880.0
-1.1744256E7
-1.6039424E7
-1.6408576E7
-1.6457216E7
-2.26432E7
-1.4643712E7
-1.4575104E7
-8778240.0
-1.3613568E7
-5613568.0
-6340608.0
-641024.0
-3241984.0
-1617920.0
6743040.0
1.4237184E7
1.7142784E7
1.1650048E7
-2188288.0
1.0039808E7
-1990144.0
-33280.0
-6245888.0
-3860992.0
1.0917888E7
1.0785792E7
3718144.0
-7993856.0
-1.099264E7
-3758592.0
493056.0
5848576.0
1940480.0
952832.0
8318976.0
5678080.0
-2129920.0
4897792.0
9201152.0
9067008.0
9409536.0
-8408064.0
-1.9784192E7
-9684480.0
-6779904.0
-2016768.0
5569024.0
7986688.0
9464832.0
1533952.0
-1418240.0
-1436160.0
-1414656.0
-3303424.0
237056.0
-5386752.0
-4537856.0
8228352.0
-171520.0
-1.3963776E7
-1.9019264E7
-1.4354944E7
-4260864.0
2779648.0
1802240.0
1.156352E7
1.5279104E7
8055808.0
8203264.0
-6968832.0
-13312.0
-3970560.0
-6703616.0
-5689856.0
-986624.0
-5351424.0
-8998400.0
-6619648.0
-6875648.0
-1.2926976E7
6603264.0
1861120.0
-7731712.0
-1.0642944E7
-944640.0
2550784.0
-7213568.0
-2.0744192E7
-2.6339328E7
-9499136.0
3761664.0
-1325568.0
-1.1419648E7
-9117184.0
-1669632.0
-5103616.0
-850432.0
-1.0264064E7
-1.2334592E7
-1.0396672E7
4723200.0
1.0190336E7
1665536.0
1.4969344E7
2.456064E7
1.5462912E7
1.8087424E7
2.8091392E7
2.498816E7
1.6135168E7
9494016.0
3479040.0
4126208.0
-1428480.0
-9153536.0
-1.465088E7
-1496064.0
-1073152.0
-1.2711936E7
-5111296.0
883200.0
3737600.0
-990208.0
-8696832.0
475136.0
309248.0
-1.6102912E7
-5998592.0
1.239296E7
7556608.0
9074688.0
7367168.0
-1136640.0
-1.0310144E7
-1.2731904E7
-9702912.0
4802560.0
382464.0
-6145024.0
-7623680.0
-1.7541632E7
-7688192.0
-860672.0
-5882368.0
1811456.0
965120.0
3612672.0
-6912000.0
-3907584.0
4794368.0
-1732096.0
-3756032.0
-6826496.0
-3243520.0
-1.6203264E7
-1.1377664E7
-1.6939008E7
-1.8016256E7
-1.5302656E7
-6551552.0
-4140544.0
3393536.0
3142144.0
-1.3507584E7
-1.4962176E7
-1.158144E7
-5321728.0
-8543232.0
3033088.0
1.8608128E7
1.1035648E7
649728.0
-4052480.0
-8323072.0
-4217856.0
3440128.0
-3380224.0
3548672.0
3255296.0
1.1623936E7
6274560.0
-647680.0
4269056.0
3465728.0
-8682496.0
4605952.0
-2340864.0
-4102656.0
-557056.0
-9360896.0
-3067392.0
7168.0
-4630016.0
-6065664.0
-1137152.0
-761856.0
-6575104.0
-8120832.0
-7982592.0
-1236992.0
-4617216.0
-1555456.0
1427456.0
4819968.0
-1780736.0
9800192.0
875008.0
-9439232.0
-2181120.0
-5269504.0
-3529728.0
-6348288.0
-8840192.0
7716352.0
2.227456E7
1.4334976E7
-1894912.0
2654720.0
5677568.0
-5051392.0
-6862848.0
-8739328.0
-2882048.0
-6049792.0
-5639168.0
-4224512.0
-1.7221632E7
-1.5524864E7
727040.0
8031232.0
-5353472.0
-1.2077568E7
-8877568.0
-7210496.0
-1.020928E7
-1235968.0
4281856.0
2167808.0
6025728.0
-9849344.0
-7629312.0
-970240.0
-2632192.0
-9459712.0
-1.2573696E7
-1.254656E7
-7372800.0
-8060416.0
1587200.0
-8613376.0
966656.0
5466112.0
1138176.0
-4518912.0
-5344256.0
-1.2347904E7
-1.0478592E7
1489920.0
2276352.0
1.5175168E7
1.232384E7
1187840.0
-2249216.0
-8752640.0
-9938432.0
1536.0
3208192.0
1648128.0
1324032.0
-7215616.0
-5241344.0
-393728.0
1543680.0
1.2716032E7
1.515008E7
1.4823936E7
1.417984E7
2867712.0
-5660672.0
1076224.0
-760832.0
3527680.0
2394112.0
-1399296.0
-2908672.0
-398336.0
8394752.0
6666240.0
6360064.0
-3484672.0
-1.0288128E7
-4726784.0
9130496.0
4385792.0
-2962432.0
-6809088.0
9234432.0
6891008.0
7680000.0
1203712.0
3081728.0
6780416.0
-4267520.0
-1159680.0
-616448.0
-1.5307776E7
-2.427392E7
-1.8394112E7
-1.1987456E7
-1371648.0
-2751488.0
2882048.0
-1.36064E7
-1.6818176E7
-7392768.0
-8357888.0
-9972224.0
-7861248.0
-5195776.0
-1.1354112E7
-4829696.0
4762624.0
1.3100032E7
1.1112448E7
3961856.0
-2843648.0
-6761984.0
-7458304.0
2807296.0
4043776.0
-9279488.0
-1.0297856E7
-2919424.0
-701952.0
5735936.0
7976448.0
-2365440.0
-1.6479232E7
-1.580544E7
-7435776.0
-8025088.0
9333248.0
1.2512768E7
1.755904E7
2.1187584E7
1.5493632E7
1.0216448E7
1553920.0
1121280.0
2044928.0
760832.0
1267712.0
-1.6858112E7
-1.527808E7
-1.0466816E7
-8475648.0
1505280.0
-2438144.0
-4455424.0
-7682560.0
-4350464.0
-2643968.0
-1294336.0
602112.0
1.626112E7
1.4767104E7
6123520.0
1971712.0
-3999744.0
8384000.0
8466944.0
4645376.0
6698496.0
7742464.0
8204800.0
5036032.0
-9443328.0
-1.7743872E7
-6569984.0
-971264.0
507392.0
3348480.0
5135360.0
1.0695168E7
8373248.0
-3960320.0
-2575360.0
3950592.0
3803648.0
-131072.0
-2615808.0
-3066880.0
175616.0
-1.3198848E7
-1.3655552E7
-2840064.0
2210304.0
5241856.0
-1029632.0
-3491328.0
-8595456.0
7285248.0
1.1229696E7
6217728.0
5691904.0
-7270912.0
8610304.0
7810048.0
57344.0
182784.0
-1.0821632E7
-1.1145728E7
-4888576.0
-1.9559424E7
-2.6573824E7
-6129152.0
-309248.0
2966528.0
1589760.0
-8133120.0
2000384.0
2924544.0
7526400.0
4351488.0
-1.365248E7
-1.7617408E7
-7500288.0
-9760768.0
-1.61792E7
-1.3112832E7
-7315456.0
1334784.0
-1051648.0
-4815872.0
-9910784.0
-3343872.0
4730880.0
-1854464.0
-850432.0
-6796288.0
-1.1879936E7
-7683072.0
-3417088.0
-7900672.0
5323776.0
2764288.0
-7533568.0
-1.3288448E7
-1.3284864E7
-1.3135872E7
-8403456.0
-7202816.0
487936.0
2491392.0
-1.5944192E7
-2.1144576E7
-1.2396032E7
-3351040.0
-4330496.0
-8304640.0
-9840128.0
2997248.0
8185344.0
1404416.0
-2958336.0
-3009536.0
2685440.0
5544448.0
1.353984E7
1.0867712E7
9573888.0
4610048.0
-9734144.0
2181120.0
1.0213376E7
3035648.0
9998848.0
6473728.0
2329088.0
1.150208E7
39936.0
-8695296.0
-1.645568E7
-1.3918208E7
-3033088.0
4078592.0
-3351552.0
-5052928.0
-9886208.0
-1.4925824E7
-1.4718976E7
-7273984.0
-1.302528E7
2905600.0
1.9069952E7
2.0031488E7
1.7650688E7
1.526016E7
7453184.0
7329792.0
1416192.0
6853120.0
1.114368E7
-4994560.0
96768.0
319488.0
1660416.0
-6456320.0
-7069696.0
-2.1389824E7
-1.8656768E7
-1.3165056E7
-1632768.0
4921856.0
1708544.0
586240.0
-481792.0
2865664.0
8360448.0
-1.6503808E7
-6737408.0
2283520.0
2445312.0
-3486208.0
671232.0
-5750272.0
-4505600.0
7788032.0
7512064.0
6691840.0
7141888.0
1.4902272E7
1713664.0
1.042176E7
8050688.0
-4083712.0
4598784.0
4888064.0
359424.0
1028096.0
-4976128.0
-1445376.0
1497088.0
4892160.0
-580096.0
-8103936.0
-1.1975168E7
-8137216.0
-1.7376768E7
-1.1166208E7
-1.5618048E7
-3616768.0
-3257344.0
-1.4599168E7
-1.1495936E7
7970304.0
2694656.0
1888256.0
3235328.0
1448960.0
-5887488.0
-1.3717504E7
-3663360.0
3278848.0
8317440.0
8824320.0
-2773504.0
1.0103296E7
2.1741056E7
1.549824E7
1.3290496E7
1.0351104E7
7876608.0
5174272.0
-5204992.0
-1584128.0
9761280.0
7371264.0
9564160.0
1459712.0
-3286016.0
-3369472.0
1431552.0
4493824.0
5931520.0
5334016.0
-3580928.0
-8646656.0
-3632128.0
1364992.0
7267328.0
1.6590336E7
1.4462976E7
9404416.0
4734464.0
-1.1596288E7
-7524864.0
-6379008.0
5617152.0
3799040.0
-3597312.0
1857024.0
4465152.0
2598400.0
4371968.0
9384960.0
1727488.0
-7730176.0
-8578560.0
-1851392.0
-614400.0
3304960.0
2191360.0
337408.0
-4780032.0
519168.0
-9952256.0
-1.7274368E7
-1.2770816E7
-4243968.0
-4121088.0
-7511552.0
-8503296.0
936960.0
7680.0
1779200.0
1.3571584E7
1067008.0
-1725952.0
-2519040.0
-5258752.0
1739264.0
-1.7430016E7
-1.2741632E7
-1.8386432E7
-7893504.0
-7642112.0
4586496.0
2000384.0
-2582016.0
6557696.0
-6322688.0
813056.0
-1.1127296E7
-1.1681792E7
-5575680.0
-710144.0
3024896.0
1.1441152E7
1.2263936E7
6608384.0
-338432.0
-1.4447616E7
-9660416.0
-1.2463104E7
-9245696.0
3716608.0
1842176.0
-3211264.0
-62976.0
-6129152.0
4231680.0
2838016.0
-8098816.0
-1.0285056E7
3070976.0
1047552.0
1057280.0
4204544.0
1.0298368E7
6152704.0
315904.0
-5339136.0
-6938624.0
-4222976.0
-6649344.0
-1.2604928E7
4030464.0
2697216.0
-2231296.0
-1.1820032E7
-1.9521024E7
-1.4816256E7
-1.0701824E7
-4364800.0
-2630656.0
-552448.0
-282112.0
-4489728.0
3758080.0
2720768.0
8720384.0
5847552.0
5714432.0
2925056.0
-1162240.0
5124096.0
-3806720.0
-1.8822656E7
-1.4510592E7
-1.1905024E7
-1.9053568E7
-1.2124672E7
-1.8386432E7
-8263680.0
-1234944.0
1.0950144E7
814080.0
-4057600.0
-1.1730944E7
-7726080.0
2062848.0
4707328.0
6406144.0
6972416.0
-2463232.0
2633216.0
3482112.0
217088.0
-9503232.0
-272384.0
-5879296.0
-1.9667456E7
-1.8665472E7
-1.4986752E7
1875456.0
-371200.0
-1.0546176E7
-1.002752E7
3222016.0
998400.0
-3060224.0
2563584.0
-3350528.0
-1.0196992E7
-1.1469312E7
-7449600.0
855552.0
7244288.0
856064.0
-4131328.0
-1.0581504E7
-6195712.0
-4302336.0
-6202880.0
-6498816.0
-3187712.0
6490624.0
-569344.0
-4806656.0
-8956928.0
-6201856.0
-5161984.0
-1314816.0
-6059008.0
7080448.0
-8037376.0
-1.2092928E7
-1409536.0
-2082816.0
-5473792.0
-4149248.0
-1891328.0
-1117184.0
-6059520.0
3233792.0
9810944.0
7183360.0
809472.0
5233664.0
8310784.0
57344.0
135168.0
-1.0816E7
-2173952.0
-6748160.0
-9454080.0
1.3568512E7
1.682176E7
1.6827904E7
1.3564928E7
303616.0
-499200.0
7328768.0
8714752.0
1272320.0
-1306624.0
-1626624.0
50688.0
1.2095488E7
1.5337984E7
1.524992E7
1.0545152E7
1.0857984E7
-2004992.0
-7039488.0
2318848.0
-1.0877952E7
-1.2230656E7
-2288640.0
2491904.0
-273920.0
-3900416.0
-1.2597248E7
-1016320.0
4691968.0
1431552.0
-1463296.0
-1.2175872E7
-1.1894272E7
126976.0
-1.2749312E7
-1.6572416E7
-6197248.0
-1.279744E7
-2.1894144E7
-2.4086016E7
-2499584.0
-1925120.0
7020544.0
3431424.0
1.075712E7
1.058816E7
-1.1615232E7
-1.1103232E7
-6827008.0
-1.0591744E7
-1513472.0
-8134144.0
-6113792.0
1681920.0
1.0845696E7
1.165056E7
1.2280832E7
4886016.0
1.1727872E7
1.516544E7
1.0589184E7
-3614208.0
-1.4063104E7
-1.9862016E7
-8792576.0
-3652608.0
-5800960.0
-2.2367744E7
-1.2423168E7
7031296.0
7742464.0
8828928.0
5701120.0
6768640.0
5372416.0
1490432.0
6946304.0
-1936384.0
-5464064.0
-5289984.0
-1.114368E7
-2761216.0
-7916032.0
-1.2945408E7
-9421824.0
-8314368.0
-1.7020928E7
-2.5073664E7
-2.2214144E7
-1.25952E7
-1.5840768E7
-8826368.0
1.0607104E7
1.0602496E7
-6749184.0
-1.9065856E7
-1.5386112E7
-1.042432E7
1728000.0
6880256.0
8101888.0
8717824.0
-2708992.0
-3488768.0
-1906688.0
-4988928.0
-9018368.0
-1.5518208E7
-9553920.0
-1.8030592E7
-1.172736E7
-867328.0
-4348416.0
-6088704.0
-1.5924736E7
-2.3038464E7
-1.0049536E7
-1.2717568E7
-5738496.0
-4132864.0
-1.657856E7
-3422208.0
-6686208.0
-1.1963392E7
-1.5165952E7
-438784.0
-2715136.0
-1.3223424E7
-1.7513984E7
-3010048.0
-3911680.0
-8676352.0
-2.0738048E7
-2140672.0
-8596480.0
-1.2484608E7
1769472.0
-3568128.0
-6971392.0
-1.0853888E7
-3622400.0
4580352.0
8315904.0
-472064.0
-4359168.0
-7121408.0
-2213888.0
-7252480.0
8641536.0
2386944.0
3228672.0
-7482880.0
-5266944.0
-5621760.0
1003008.0
-1.260544E7
-3864064.0
-1.4258176E7
3568640.0
2732032.0
-9377792.0
-9895936.0
-1.2451328E7
-1.0496E7
3359744.0
8342016.0
-9391104.0
-5210112.0
1.1559424E7
3802112.0
-1.0013696E7
-4076544.0
6073344.0
1.0084864E7
1.184768E7
1.0148352E7
6245376.0
3312640.0
1.0663424E7
5514240.0
4100096.0
-4530688.0
5348352.0
6098432.0
2765312.0
-7501824.0
-8256000.0
-5530112.0
1104384.0
896000.0
1.14688E7
8686592.0
-179200.0
3743232.0
8216576.0
5588480.0
8564224.0
3229696.0
-3957248.0
2438656.0
5204992.0
4185088.0
-1031168.0
-5584896.0
-1567744.0
-1550336.0
1.1549696E7
9126400.0
4199936.0
-7681024.0
-1.139712E7
-2828288.0
-1.1196416E7
655360.0
2423296.0
1556992.0
-1783296.0
3927040.0
6161920.0
6193664.0
-9522176.0
-1.62944E7
-2583552.0
-1202688.0
-6721536.0
-7619072.0
-1.0855936E7
-1.8827776E7
-2.0633088E7
-8374272.0
-8996352.0
-8750080.0
6706176.0
3504128.0
7581696.0
5124608.0
-7799296.0
-5352448.0
-2695168.0
-3488256.0
-4327424.0
-1.1276288E7
-3693056.0
-1.0962944E7
-8318976.0
-5656064.0
-9537536.0
1085440.0
6443008.0
2939904.0
-367104.0
7723008.0
1.5750656E7
8921600.0
7700992.0
4337152.0
7172096.0
5682688.0
1.11104E7
7362560.0
7241728.0
3217920.0
6416896.0
1.0518016E7
1.2635648E7
1.7736192E7
6736384.0
-6536192.0
-5788160.0
-4600320.0
4191744.0
551424.0
2742784.0
2933760.0
6974464.0
3618304.0
-8410624.0
-3053056.0
1800192.0
196608.0
7529984.0
1.1752448E7
1.0041856E7
1.046016E7
-200704.0
5978624.0
4994048.0
1190400.0
-105472.0
8274432.0
5995008.0
-4403200.0
-2175488.0
-1.1397632E7
-2.4424448E7
-1.0909184E7
3594752.0
-1.090048E7
-7299584.0
-1.4376448E7
-1.4542848E7
-1.0235904E7
-3968000.0
-1.867008E7
-1.6704E7
-954368.0
-1.0112E7
-8745984.0
7201792.0
-1543168.0
1463808.0
4057088.0
-3605504.0
513024.0
4851200.0
1.21984E7
1.157888E7
2450944.0
1.1139584E7
-1828864.0
-125440.0
-1397248.0
-7248384.0
-6152192.0
-1861120.0
-7827456.0
-4436992.0
6389760.0
3815936.0
-381440.0
-6320640.0
-1.2586496E7
-2.4953856E7
-2.497792E7
-1.4783488E7
-744960.0
-5701120.0
-1.4038528E7
-6949376.0
-166400.0
8420864.0
-1689600.0
7329280.0
1.2250624E7
1.397248E7
8825344.0
7142400.0
8240128.0
1.1971584E7
-37376.0
7432192.0
2703872.0
-6860288.0
9774080.0
-2650624.0
-1.3037056E7
-9708544.0
-4309504.0
586752.0
-126976.0
2552832.0
1.4408704E7
3725824.0
-1.1150336E7
-1.7547264E7
-1.1308032E7
-1.0753024E7
-5741056.0
-4100608.0
-8418304.0
-2222592.0
4227072.0
6035456.0
3655680.0
1665536.0
-5341696.0
-1.1033088E7
-1.0805248E7
-5698560.0
-2476544.0
-1.1716608E7
-2.4081408E7
-1.5622144E7
-1356288.0
-557568.0
-1188864.0
5378560.0
-1464320.0
1784832.0
8808448.0
2977792.0
-2238976.0
8610816.0
-730624.0
9197056.0
1.5999488E7
314368.0
-5858304.0
-8819200.0
-1.1316736E7
-9543680.0
-1.1408384E7
-1.280256E7
-1.2389888E7
-948736.0
4918272.0
1.2028928E7
3039232.0
-4599808.0
-8622592.0
-240640.0
2363392.0
-1095168.0
-1293824.0
-8528896.0
-1.3724672E7
-1.6945152E7
-1.1557888E7
-9942016.0
-3305472.0
-5637120.0
6202880.0
-256512.0
-8995840.0
-6107136.0
326144.0
-1447424.0
4178432.0
1.2288512E7
8484864.0
1.1510272E7
8259072.0
-3926528.0
-8730112.0
-8970752.0
-1.0049536E7
-494080.0
-1.1222528E7
-8935424.0
-8401408.0
-1.3814272E7
-1.2078592E7
-9457152.0
-4645888.0
-9781760.0
-1500160.0
2450432.0
6645248.0
6385152.0
1.1350016E7
2064896.0
-7532032.0
-1.2353024E7
-987648.0
-1482240.0
-8209408.0
-1.3454336E7
-1.1708928E7
-1287168.0
2216960.0
-4237312.0
-4305920.0
799232.0
-296448.0
-7443968.0
-1.6234496E7
-6841344.0
126464.0
-1.6531968E7
-2971136.0
4799488.0
1.741312E7
7630336.0
-9499136.0
3144704.0
1.7168384E7
5455360.0
1.7202176E7
2.1236736E7
7832064.0
8555008.0
9246208.0
9700352.0
-1.145344E7
-2343424.0
-4641280.0
-1.215488E7
-1.0865152E7
-9937408.0
-5357056.0
-1.1467264E7
-8454144.0
-1.3436928E7
-1.0826752E7
8606208.0
1.8650112E7
8450560.0
1.0287104E7
4636672.0
-3055104.0
-4577792.0
-2120192.0
3658240.0
4136960.0
3479552.0
1404416.0
4413952.0
-4273152.0
-5136384.0
-5797888.0
-4649984.0
-1.3159936E7
-1.279488E7
3922944.0
2226688.0
-2129920.0
-4698112.0
-6384128.0
-3002880.0
924160.0
-4931072.0
-262656.0
1536000.0
-6931968.0
-5951488.0
-1356800.0
-1.0413056E7
-4979200.0
9829376.0
1.3176832E7
69632.0
3020288.0
8394752.0
8971776.0
9086464.0
-5622272.0
-1.2934144E7
2993152.0
1.2476928E7
2085376.0
5807616.0
1.13408E7
5749248.0
1847296.0
9130496.0
-2781696.0
-5392896.0
-5518336.0
-889344.0
-5836288.0
-7747584.0
-8114688.0
-1.5203328E7
-8920064.0
3873792.0
-902144.0
1656320.0
6221824.0
4969984.0
1.0148864E7
4357632.0
2988544.0
-1.1076096E7
-3431936.0
-5740032.0
-1.1621376E7
-1656320.0
-726016.0
-334848.0
-265216.0
-184320.0
-2377216.0
3965952.0
4115456.0
1.3257728E7
1.1177984E7
357888.0
3354624.0
1.811712E7
1.0585088E7
6417408.0
7432704.0
-1421824.0
-8345600.0
-8928256.0
-2383360.0
-4172288.0
7433216.0
9740800.0
-2064896.0
1.392896E7
1.6309248E7
8450560.0
4134912.0
5785088.0
7720448.0
992768.0
-1071104.0
80384.0
-150016.0
-1.2946432E7
-1.7715712E7
-4060160.0
-1.1041792E7
1.6169984E7
1.2077568E7
8533504.0
4887552.0
1.137664E7
1.217024E7
9598976.0
2.3346688E7
1.6733696E7
1.1178496E7
1.2781056E7
5463040.0
8321536.0
9623040.0
-2706432.0
-3602944.0
6676992.0
1.9473408E7
1.7769472E7
1176064.0
5712896.0
9965056.0
5517824.0
-1533440.0
172544.0
4014592.0
416256.0
-1325056.0
-9222656.0
4328960.0
-4941824.0
-649216.0
1.5132672E7
1.4496256E7
1.132032E7
7499776.0
2815488.0
194560.0
-3986944.0
-4260864.0
-2233856.0
3442688.0
-4354560.0
-2251264.0
7656448.0
1.298176E7
-903168.0
3622912.0
-3489280.0
-8654848.0
-1.2732416E7
-1.7005056E7
-3745792.0
3802624.0
4724224.0
3586560.0
5036544.0
6756864.0
-2772992.0
-5988352.0
-8389120.0
-4073472.0
-3750400.0
-1.0219008E7
1505280.0
-4240896.0
1719296.0
1.60768E7
1.120512E7
1979392.0
-4511744.0
-7612416.0
-412160.0
982528.0
-1719808.0
1415168.0
-6752768.0
-1.3139968E7
101888.0
1.1702272E7
1.3875712E7
1.197824E7
-1540608.0
3061248.0
-4261888.0
-475648.0
-3504640.0
-4421120.0
-1.1490816E7
-3637760.0
-2856448.0
-7422464.0
-6064640.0
-657920.0
-1.007104E7
-1.6802304E7
-3425792.0
1521664.0
-4969472.0
-4354048.0
-1388544.0
-1879040.0
2989568.0
7622656.0
1.0563072E7
43008.0
3674624.0
2756608.0
1919488.0
305152.0
2608128.0
-8390144.0
-1984000.0
4384256.0
6550528.0
5260288.0
9355776.0
1.604608E7
1.0601984E7
-130048.0
3049984.0
7900160.0
-1.0975232E7
-1.0795008E7
-3156480.0
-4312064.0
-7489536.0
-6379008.0
-1.4459904E7
-1.7415168E7
-4215808.0
-2384896.0
-5416448.0
-5644800.0
6269952.0
6140416.0
5191680.0
4032512.0
1436672.0
7106048.0
-754176.0
-8735232.0
-4724736.0
-1.0945024E7
-3045376.0
1879040.0
8023040.0
9715712.0
4003328.0
4663808.0
-6146560.0
-6181888.0
-3830272.0
-948224.0
7801856.0
5718528.0
5112320.0
8980480.0
3368448.0
5383680.0
-7558656.0
-2717184.0
-505344.0
1792000.0
3777024.0
1.2777984E7
3718656.0
-1.524736E7
-1.7616384E7
-9903104.0
-2539008.0
7860224.0
1031168.0
7782912.0
8345600.0
4741120.0
-1101312.0
3427328.0
5118464.0
2668032.0
-6113280.0
2353152.0
5293568.0
1.1988992E7
2.1185024E7
2.8929024E7
2.63296E7
1.16096E7
9966080.0
2.1642752E7
1.1501056E7
1875456.0
-2294784.0
-1276416.0
-9065472.0
-5227008.0
-9630720.0
-1444352.0
4034560.0
2610688.0
7044608.0
7905280.0
-2074624.0
-4084736.0
-9144832.0
-1.5469056E7
-1.692672E7
-3015168.0
-3184640.0
-252416.0
-2961920.0
5218816.0
782336.0
-8795136.0
-1890304.0
-3565568.0
-3735040.0
2943488.0
-1955328.0
-1964544.0
6581248.0
1.1935744E7
2.1646336E7
1.3072384E7
5188096.0
2075136.0
1.2712448E7
2.1355008E7
1.3924864E7
3097088.0
-1.0530304E7
-1.0590208E7
-1712128.0
-564736.0
4263936.0
-6423040.0
-9598976.0
-5039104.0
-5539840.0
-9604096.0
-1.4023168E7
418304.0
-4160000.0
-7645184.0
2538496.0
-6407680.0
-2747904.0
-8268800.0
-3538432.0
9492992.0
6024704.0
-7966720.0
-3199488.0
-8163328.0
-3586048.0
-1807360.0
-113152.0
5807616.0
-9583104.0
-7699456.0
1477120.0
3198976.0
1060864.0
-4249088.0
6235648.0
8459264.0
2917888.0
6209536.0
3419136.0
-151552.0
739840.0
2961920.0
1592320.0
9259008.0
5345792.0
1.6275968E7
8649728.0
8738304.0
49664.0
-3522048.0
-978944.0
8978432.0
9622016.0
1.69088E7
1.0275328E7
1574912.0
3560960.0
-3245056.0
-3583488.0
-1.983744E7
-1.5572992E7
-3361280.0
5960704.0
1290752.0
3388928.0
2214400.0
-8128512.0
-6926848.0
-1.5235072E7
-1.508352E7
1303040.0
-2549760.0
-1557504.0
3575296.0
-2210816.0
-811008.0
2909696.0
6073344.0
7107584.0
5803008.0
-1536000.0
362496.0
2159616.0
4765696.0
1645056.0
-6493184.0
-8495616.0
-1.4289408E7
-6286848.0
-9701376.0
-2952192.0
-7743488.0
2220032.0
-3149824.0
-1.0962944E7
-1426944.0
-6692352.0
4244480.0
1.0545664E7
2615808.0
2128896.0
4235776.0
6951424.0
-5186560.0
-1.2525056E7
-5057024.0
-1.1339776E7
-5324288.0
-7876608.0
-3506176.0
1587712.0
1.0477056E7
9464320.0
4825088.0
2248192.0
1906176.0
-5377024.0
-6800384.0
-1886720.0
-3260928.0
-5579264.0
2733568.0
-683520.0
2358272.0
836096.0
-4556800.0
-1.0296832E7
-7326208.0
-6912000.0
-2340352.0
-3996160.0
-8722432.0
-1.7853952E7
-1.677824E7
-1.2335616E7
-1.69472E7
-1.2225536E7
-4700672.0
2147328.0
6857216.0
-1118208.0
-9525760.0
-9510912.0
-1.1557888E7
-3539456.0
-6794752.0
-709632.0
7696384.0
-3354112.0
-1.1063808E7
-1.1068928E7
-1910784.0
894976.0
9937920.0
7512064.0
1761792.0
-2828288.0
3298816.0
1003520.0
5232128.0
3076096.0
-2230784.0
-427520.0
6418432.0
7131136.0
-536576.0
-2928128.0
-4901888.0
-3968512.0
-1567232.0
1594368.0
8572416.0
7084544.0
1.2276736E7
1.6185344E7
-4916224.0
-6064128.0
-1390080.0
-1608192.0
-9419264.0
-1.6379904E7
4261888.0
-5120512.0
-1.1188224E7
-1.5066112E7
-1.2411904E7
-3606016.0
-342528.0
-4639232.0
2248704.0
6424576.0
-5805568.0
-5368832.0
-2240512.0
-1.685248E7
-5751296.0
-4104192.0
-9120768.0
-3071488.0
587264.0
-3988992.0
6472704.0
7865344.0
5635072.0
4639232.0
3143680.0
1677824.0
7107072.0
1.3490688E7
1.2044288E7
9483264.0
-186368.0
-4379136.0
1.449728E7
1.4081024E7
1.7693696E7
-1458688.0
-7388160.0
-8664576.0
-6090240.0
-1.195776E7
-1.0866688E7
8372224.0
2.1211136E7
784384.0
-6761984.0
1110016.0
-1062912.0
-1.2364288E7
-5904384.0
-5425152.0
-5539840.0
3660800.0
9028096.0
-5655040.0
-9398272.0
-7485440.0
-8173056.0
-1.441536E7
-1.2473344E7
-5279232.0
1297408.0
-5151744.0
1647616.0
-166912.0
-7693312.0
-2.1259776E7
-1.2032512E7
-5319680.0
-4608000.0
-1321472.0
693248.0
8561664.0
7211008.0
5463040.0
-6155776.0
-8819200.0
-3009536.0
7281664.0
1.0643456E7
8535040.0
2885120.0
-308736.0
-1.5016448E7
-4875264.0
-1610240.0
-902656.0
4778496.0
1.6130048E7
1.1150336E7
8307200.0
3267584.0
6252032.0
9238016.0
-372224.0
-9468928.0
611328.0
-1792000.0
-1.1674112E7
-8825856.0
2245632.0
-3163136.0
-1.0162176E7
-7150592.0
8129536.0
9392128.0
2942464.0
5046784.0
8833536.0
8474624.0
2785280.0
-1782272.0
-1333248.0
1156096.0
-4027392.0
-2341888.0
-8951296.0
-1.4702592E7
-7141376.0
-9596928.0
-1.34272E7
-1.5481344E7
-1.7345536E7
-5090816.0
5917184.0
1.4039552E7
-4160512.0
-692736.0
2229760.0
4154880.0
-4281856.0
-1.1153408E7
-748032.0
6600192.0
5105664.0
-4860928.0
-5001728.0
-953856.0
-2620416.0
-3420160.0
1595904.0
-6504448.0
-1.0852352E7
-7068160.0
-9523712.0
-1.43488E7
-5471232.0
-2755584.0
141312.0
6689792.0
2.1063168E7
3975680.0
2834944.0
-4212224.0
-1.2073472E7
-1.3113344E7
6260224.0
-667136.0
-6667264.0
2878976.0
-5114368.0
-7743488.0
-5414400.0
1288704.0
1012224.0
-9064960.0
-2.7675648E7
-2.3711744E7
-4958720.0
226304.0
-410624.0
-4821504.0
-9893376.0
-1.1234304E7
-1.3493248E7
3307520.0
-4983296.0
-411648.0
-1128960.0
1880064.0
372736.0
-4943360.0
-1.311232E7
-1.4111744E7
-1.6854016E7
-9199616.0
-300544.0
-6366720.0
-7980544.0
1763840.0
5724672.0
1.5583232E7
2.4721408E7
7435776.0
-3495424.0
5065216.0
1226752.0
-5395968.0
-6676480.0
-1.0382336E7
-1.2882944E7
-1.831936E7
-1.5200256E7
-9722368.0
-2445312.0
6490112.0
4123648.0
1349120.0
-7061504.0
1738240.0
2218496.0
9405952.0
-2992128.0
-622080.0
1767936.0
6816768.0
1168384.0
-3968000.0
-6940672.0
-7800320.0
-1.4208512E7
-1385984.0
-7899136.0
-1.4141952E7
-2.1626368E7
-1.5744E7
-8002560.0
-727040.0
-3527168.0
3771904.0
2.1613056E7
5274624.0
7339008.0
1.2952576E7
2.1290496E7
2.330368E7
3592192.0
-1.3316608E7
-7238144.0
1669632.0
-8227328.0
-4453376.0
-1.0631168E7
-8685056.0
-1.7634816E7
-1658368.0
4824064.0
2491904.0
-7583232.0
-4620800.0
7299584.0
1313280.0
-8103936.0
-1.8543104E7
-1.7764352E7
-1.3390848E7
-2938368.0
-1177088.0
-1098752.0
-2167808.0
-2493440.0
-1.3202432E7
-9405952.0
1453056.0
-4914688.0
-4003840.0
-9680384.0
-8043008.0
-1927168.0
-2952704.0
-429056.0
672256.0
-1.4221312E7
-7021056.0
-2120192.0
-6413312.0
-7547904.0
-5539328.0
-9377792.0
958464.0
5676032.0
-3173376.0
-1.6885248E7
-6087680.0
-192512.0
5556736.0
3461120.0
1.0453504E7
7898112.0
3134464.0
-3510784.0
-1.4713344E7
-1.414144E7
-8159232.0
-1.5113216E7
-1.4573568E7
165888.0
-5692416.0
-1.4389248E7
-6809088.0
-1312768.0
-4635136.0
-1.0208768E7
-7249408.0
-2621952.0
-311296.0
7046144.0
86016.0
3640832.0
-1278976.0
-884224.0
-1066496.0
-1.1780096E7
-1.810688E7
-1.1294208E7
-1.0472448E7
-72192.0
5112320.0
-2190848.0
-5182976.0
176640.0
7309312.0
1.7633792E7
3827712.0
-7385088.0
-547328.0
7108096.0
-824320.0
-1746432.0
-1092096.0
-209920.0
-854016.0
392704.0
8130048.0
4792320.0
1612288.0
2947072.0
7656448.0
5860864.0
7256576.0
5310464.0
4158464.0
2630144.0
-1.1090944E7
-1.1460608E7
-1.5289344E7
-3664384.0
-3983360.0
1997312.0
2143232.0
4579840.0
9494528.0
1.0467328E7
6915072.0
6705664.0
6690816.0
6912000.0
3812864.0
-1686528.0
-9425920.0
-7250432.0
-4566016.0
-4450304.0
-6814208.0
-3079680.0
-4850688.0
-6641664.0
-3402752.0
-8453632.0
-1.4543872E7
-2.2243328E7
-2112000.0
9350656.0
7800832.0
3183104.0
7317504.0
2926080.0
-1.2148224E7
-1426432.0
696320.0
-8408064.0
863232.0
-6837760.0
-1.4935552E7
-9387520.0
-6795264.0
420352.0
1.2575232E7
1.2429824E7
660992.0
-2184704.0
-6604800.0
1417216.0
9915392.0
1.4797824E7
7123456.0
3562496.0
4014592.0
9635328.0
1.9702272E7
1.7229824E7
1.5236096E7
8561664.0
1.1851264E7
7724032.0
1659392.0
5910528.0
1.2246528E7
1.3197824E7
5302784.0
8218112.0
1950720.0
-713728.0
-1599488.0
6365696.0
5048832.0
-1331712.0
-9430528.0
-7252992.0
-1.4028288E7
-8763392.0
1372672.0
-3689984.0
-2929664.0
442368.0
-6927360.0
6017024.0
1352704.0
-9539584.0
-8954880.0
-1809920.0
6952960.0
-2651648.0
-8340480.0
-1.5770112E7
10752.0
-5773312.0
-1.2469248E7
-1.691392E7
-1.0303488E7
-1.096448E7
2470912.0
7959040.0
1.613056E7
1.1698688E7
-2662400.0
-1695744.0
8637952.0
2991616.0
-6864384.0
-1.3938176E7
-8618496.0
-4217856.0
5651456.0
9121792.0
1.810944E7
8419840.0
-5206016.0
-1.0701312E7
-7989760.0
-2999808.0
1.48224E7
1.4376448E7
1.5096832E7
9166336.0
1340928.0
-2982400.0
1760256.0
-8672768.0
-2805760.0
-3230720.0
-4954112.0
-153600.0
3814400.0
4686336.0
6635520.0
-645632.0
-1996288.0
-2439168.0
965120.0
-9191936.0
-4262912.0
-5065216.0
-3264512.0
-4121088.0
851456.0
4095488.0
1.0939392E7
1.1259392E7
9140224.0
4659200.0
1.9257344E7
1.525504E7
7443456.0
6109696.0
1.4319616E7
8845312.0
5089280.0
-3838976.0
-1.054208E7
-5260800.0
-1555456.0
-3808256.0
-1.3379072E7
-1.8589184E7
-1.0534912E7
-1.143296E7
-8923648.0
-1.1293696E7
-1246720.0
1.4672896E7
5516800.0
8077824.0
7086592.0
-4466688.0
-1.147136E7
-6586368.0
1748992.0
-4633600.0
242176.0
-8104960.0
-7610880.0
-5177344.0
8399872.0
2896384.0
-1.1577344E7
-1.4034432E7
-911872.0
7247360.0
1.3802496E7
6363136.0
-1.284352E7
9362944.0
1.201408E7
1.8372096E7
4952064.0
-6666240.0
-1.524736E7
-1.3615104E7
5582336.0
6960128.0
4929536.0
-133120.0
-1951232.0
3406336.0
-1483264.0
848384.0
-702464.0
-5435392.0
-1500160.0
-7312384.0
-1.2383232E7
-1.3221376E7
-7312896.0
-1.8213376E7
-8758272.0
2570240.0
5630464.0
-3483648.0
560640.0
6334976.0
1.2198912E7
-4572672.0
2669568.0
908288.0
8297984.0
1.0386944E7
-7010816.0
-1.1685376E7
-3535872.0
3525120.0
7169024.0
8218112.0
1.0354688E7
1.7113088E7
6646272.0
1.5727616E7
-299520.0
133632.0
1846272.0
1.182464E7
1.2946432E7
1.1464192E7
6690816.0
9410560.0
1683456.0
-5557248.0
-344064.0
-1056768.0
5980672.0
-3041280.0
-1.1997184E7
-5477888.0
-5813248.0
-2401280.0
1196544.0
-3196416.0
-2969088.0
2444800.0
-3106816.0
3337728.0
-1843712.0
3319808.0
1495552.0
-1018880.0
-735744.0
4543488.0
-1366528.0
237056.0
3447808.0
-1030656.0
-4763648.0
-5337088.0
4638208.0
4114944.0
6529024.0
1.2094976E7
3601920.0
-4000256.0
-1.2647936E7
-1.5244288E7
-1.9283456E7
-1.1168768E7
1147392.0
1.1536384E7
8510464.0
1223168.0
1.829632E7
-3810304.0
-1.1132928E7
5254144.0
682496.0
-1.2510208E7
775680.0
1.2956672E7
3065856.0
-1.0259456E7
-1.212416E7
-9675264.0
-8921600.0
-7107584.0
-1.1104768E7
-8429056.0
-8761344.0
-1.8543104E7
-2.0107776E7
-2.9889536E7
-2.0770816E7
-1779200.0
3604992.0
-6629376.0
-235008.0
-7843840.0
-1.1375104E7
-1.7536512E7
-5365760.0
7114240.0
1.0618368E7
1.1784192E7
7981056.0
-7137280.0
-1.7206784E7
-1.9777024E7
-2.0221952E7
-1.3925888E7
-1.3425664E7
-1.2695552E7
-7653376.0
-3084288.0
5788160.0
5142528.0
-1231872.0
-9702912.0
-1.5427584E7
-9946112.0
-1.2470784E7
-1.2947968E7
-1.0936832E7
-6369280.0
-1.6121344E7
-9329152.0
-9233408.0
-3242496.0
-1.0640384E7
-3303424.0
9497600.0
1.4713344E7
1.3310976E7
7696896.0
-1224704.0
248320.0
4446720.0
7626752.0
5821952.0
-8104960.0
-1.2808704E7
-1.5328256E7
-1.0756608E7
1022976.0
-1290752.0
293888.0
318976.0
1300992.0
7619072.0
8012288.0
-2554368.0
-1.0694144E7
-3493888.0
2155520.0
7292928.0
6035968.0
8866816.0
6031360.0
1.2893696E7
-6209024.0
-1.0392576E7
-4332032.0
-1695232.0
-1.1885056E7
-6879744.0
-3985408.0
-6993408.0
-1.092096E7
-9516032.0
-9788416.0
-5294080.0
-1464832.0
1531392.0
1370624.0
2497536.0
1.1084288E7
5321216.0
-3560448.0
-493056.0
550400.0
849408.0
1613824.0
6895104.0
8610304.0
6764544.0
1.4841856E7
1.2024832E7
1465344.0
-3374080.0
1298432.0
-6226944.0
-1.165312E7
-1.3292544E7
-1.1569152E7
-1.1928064E7
-6789632.0
-4388352.0
312320.0
8310272.0
-4709888.0
-5273088.0
-2933248.0
-8857600.0
-9821696.0
14336.0
4832768.0
-1806336.0
-3910144.0
-4268032.0
2199040.0
-2812928.0
-2.2346752E7
-1.5554048E7
-1.530112E7
-1.0130432E7
-1.577728E7
-1.4100992E7
2691072.0
7051776.0
1886208.0
-4868608.0
1.1078656E7
1.527808E7
1.415936E7
6361600.0
7868416.0
3133952.0
-3686400.0
6830592.0
1.1568128E7
2440704.0
1.5783936E7
1.5268864E7
6567424.0
4846080.0
3645952.0
8749056.0
1.4982144E7
4135424.0
-946176.0
-5137408.0
1.1879936E7
1.5616512E7
798208.0
-6947328.0
-1.1012096E7
-4392960.0
3318784.0
1483776.0
7870464.0
1.327616E7
9541120.0
365568.0
1.2775936E7
2.7892736E7
2.071808E7
1.138688E7
-2891776.0
-6587904.0
-270336.0
1220608.0
-2004992.0
1996288.0
2757632.0
1.2438016E7
6511616.0
1.042176E7
9500672.0
4199936.0
-1.0520576E7
-9387008.0
3380736.0
1.0747392E7
9482240.0
7812096.0
1.521152E7
2079232.0
-1.8975744E7
-1.0433536E7
-832512.0
7736832.0
-6048768.0
-1.24416E7
-7063552.0
-4689408.0
-1095680.0
4658176.0
-122368.0
-170496.0
1.8910208E7
2.268672E7
1.7289728E7
1954816.0
4987904.0
7983104.0
6371840.0
1.1430912E7
1.4876672E7
3912192.0
5958656.0
5722624.0
1132544.0
-1282560.0
-913408.0
-1.629184E7
-3.2710656E7
-1.453312E7
-2317312.0
-1816064.0
175616.0
4932096.0
4932608.0
1516032.0
-894976.0
-1.665536E7
-1.6926208E7
-4648960.0
1886208.0
-1575936.0
-4194304.0
-5520384.0
-1.8626048E7
-2.3141888E7
-1.7679872E7
-1.6237056E7
-9275392.0
8300032.0
-2484736.0
4047360.0
3444736.0
4685824.0
-4413952.0
-5592576.0
-4584960.0
1.2809216E7
9716224.0
9052672.0
-1656320.0
-7202304.0
-5852160.0
-4230144.0
-2765824.0
5276672.0
-3865088.0
-2.0209152E7
-1.3149184E7
-2172416.0
-961024.0
5825536.0
7665664.0
2355712.0
-2071552.0
-1757696.0
1722880.0
-470528.0
4002304.0
4609024.0
-5427712.0
-6277120.0
6544896.0
-765952.0
-1152512.0
-681984.0
3622912.0
1.0054656E7
-6655488.0
-5643264.0
6686720.0
1.2079616E7
-3980800.0
-1.1914752E7
-4661760.0
-657920.0
-1.5062528E7
-1.795072E7
-9043968.0
-1.2355584E7
-701952.0
-2277376.0
-5824512.0
-1.1890176E7
-3952128.0
-8373760.0
-1.1877888E7
-4358656.0
-276480.0
3394560.0
8347136.0
4833792.0
2619392.0
-6157824.0
-1083904.0
386048.0
1518592.0
-3404800.0
-2491392.0
-3150848.0
-3081216.0
-1427456.0
408064.0
-2166272.0
-3109376.0
-56832.0
-3724288.0
-4426752.0
-3999232.0
-8659968.0
-428032.0
62464.0
7025152.0
2422272.0
1579008.0
190976.0
-9597952.0
-3789824.0
4280320.0
5979136.0
544768.0
2413056.0
9809920.0
8187392.0
-3005952.0
-1.1065344E7
-3321856.0
1085952.0
-2104320.0
197120.0
1.7801728E7
1.6278528E7
7811584.0
8870400.0
8074240.0
-9185792.0
595968.0
7017472.0
1.06496E7
1056256.0
-4450816.0
2132992.0
-8887808.0
-8949760.0
898560.0
-5698048.0
-5451776.0
-2741248.0
-1213440.0
416768.0
1552384.0
-8573952.0
-1.169664E7
-7159296.0
-8314880.0
-1.0952192E7
-3686400.0
-5642240.0
-6743040.0
-6476288.0
-5284352.0
8163328.0
5267456.0
-3230720.0
-4072448.0
2987520.0
-1.0776064E7
-8054784.0
-6715904.0
-6794240.0
-2363904.0
4752384.0
1.2226048E7
1.2767744E7
9627648.0
1.478144E7
2.0192256E7
1.1123712E7
8154624.0
-4463104.0
-781824.0
5857792.0
2.0435456E7
1.1206144E7
1.7453056E7
9029120.0
1.3021696E7
2238464.0
6473216.0
9918976.0
1843712.0
-2560000.0
-4722176.0
-3772416.0
332288.0
3844096.0
3436032.0
9096704.0
5807104.0
1.1656192E7
2008064.0
1.8050048E7
1.9046912E7
1.2141056E7
1.379328E7
7063552.0
2423296.0
-1838592.0
1388544.0
1.2971008E7
1.165824E7
8902144.0
5658624.0
-2650624.0
-7394304.0
-6905856.0
-1.2624384E7
-1.202944E7
-1.1382784E7
-4168704.0
-2739200.0
-1826304.0
-581120.0
-6694400.0
1068032.0
-3037696.0
2638336.0
-1153024.0
4507136.0
-1733120.0
-7295488.0
-1897984.0
-1473024.0
-9193472.0
-7477248.0
-8158208.0
-1.513984E7
-9770496.0
-1.0605056E7
287744.0
-341504.0
3852288.0
-1184768.0
2512384.0
1865728.0
-1585664.0
-834048.0
-4672512.0
3036160.0
-4837376.0
-1.1045376E7
-5945344.0
-7992320.0
-4525056.0
1840640.0
1.5891968E7
1.5716864E7
1.1355648E7
8366592.0
2614272.0
5632.0
1125888.0
-7109120.0
-4008448.0
-3298816.0
5551104.0
-1416192.0
-4539904.0
-6257152.0
-1.2571136E7
-1.2112896E7
-1.3940224E7
-6961152.0
-5788672.0
3079680.0
2971136.0
-3491840.0
3171840.0
1813504.0
1495040.0
77312.0
437248.0
4262400.0
-3698176.0
-5903872.0
-6735872.0
-1.0318848E7
-1.1936768E7
-1.1670016E7
2373120.0
1.3081088E7
4993536.0
-8181248.0
-6881280.0
-5383168.0
2731520.0
6029312.0
2953728.0
5882880.0
1677312.0
-5983232.0
-1.250048E7
-6786560.0
-1923584.0
-314368.0
1730048.0
-6109184.0
-1784320.0
3063296.0
-5466624.0
2072064.0
1397248.0
-6585344.0
-2569216.0
-813568.0
-6025728.0
-1.024E7
-1.0756096E7
6688768.0
1.1743232E7
9306624.0
309248.0
6513664.0
1398272.0
4512768.0
1.3917696E7
1.2610048E7
2.3381504E7
1.5758848E7
6219776.0
-43008.0
-1.186816E7
-1.1085824E7
-1.441024E7
-1.3339136E7
-1.4546432E7
-1.8230784E7
-8321536.0
-4590592.0
-1.4915584E7
483328.0
2371072.0
4896256.0
-5651456.0
-1.441792E7
-1.755136E7
-940032.0
8440320.0
5361664.0
2803712.0
-2.0217344E7
-7133696.0
1.3181952E7
1.63456E7
1.4352896E7
2.2070272E7
2.3651328E7
1.1398144E7
-4483072.0
-9319936.0
-6413312.0
4764160.0
-792576.0
1.7363968E7
5180416.0
-4776448.0
-3748352.0
5590528.0
-5517312.0
-6796288.0
2106880.0
1577984.0
-4241408.0
-1.095168E7
-303616.0
2482688.0
-3216896.0
-7639552.0
2343424.0
-2467328.0
-7571456.0
-4867584.0
4042752.0
811520.0
3012608.0
1587712.0
-1.1972608E7
-8588800.0
-4264960.0
-7197696.0
-6690304.0
4253696.0
9095168.0
4782592.0
4592640.0
2012160.0
-3914752.0
-8333312.0
1651712.0
-713728.0
735232.0
2202624.0
355328.0
5069312.0
1.116672E7
1.0960384E7
1.523968E7
-3211264.0
2656256.0
-905216.0
-4328448.0
-3461120.0
-2449920.0
-3056128.0
-4473344.0
-5286400.0
-3817984.0
-6406144.0
-1.6494592E7
-1.0818048E7
-1.2071936E7
-1.1515392E7
-8353792.0
-4591616.0
5617664.0
-7126528.0
-1.1564544E7
-9885184.0
4481024.0
1.4875648E7
826368.0
-5318144.0
-1.2215808E7
-1.7908736E7
-1.9606528E7
-1.238272E7
3008000.0
1.1288576E7
-1180160.0
-5163520.0
684544.0
9536512.0
1.3506048E7
1.4839296E7
5558784.0
4637696.0
1.2960768E7
3095552.0
4590080.0
1.6654848E7
1.8779136E7
1.3617152E7
5421056.0
-5481472.0
-8484864.0
-6958080.0
-4201984.0
-397312.0
5917184.0
3892736.0
5110784.0
-6369280.0
-7299584.0
-9804800.0
-3377152.0
378880.0
3572224.0
3515904.0
9881600.0
8607744.0
-1156096.0
-384512.0
2893312.0
-1.109504E7
-9227776.0
1692672.0
1072640.0
-1.61152E7
-2405376.0
3054592.0
1352704.0
-3063296.0
-4853760.0
-540160.0
7539712.0
7150592.0
-8649728.0
-7394304.0
1.1846656E7
1.8737152E7
1.941248E7
1.0103808E7
6317568.0
1233920.0
6487552.0
6437888.0
9762816.0
-1734656.0
146944.0
-1755136.0
-473600.0
-4790272.0
-5138432.0
1086464.0
3468800.0
1.1144704E7
1.3357568E7
-38912.0
-1.0027008E7
-3163648.0
7047168.0
-7800832.0
3214336.0
-3425280.0
7877120.0
1.2900352E7
5076992.0
1.3016576E7
1.659136E7
6528000.0
5669376.0
-5170688.0
-552448.0
-590336.0
-8217088.0
-9327616.0
-5967360.0
-4616704.0
-5881856.0
-4744192.0
-9651200.0
-1.243904E7
-1.5439872E7
-1661440.0
4681216.0
-1.3758464E7
-1.2579328E7
-4602368.0
906240.0
4045312.0
8618496.0
7558144.0
-7367680.0
-440320.0
7720960.0
1.3756928E7
9446400.0
-970240.0
1682432.0
-1192960.0
-3532800.0
-4651008.0
-7775232.0
-4555264.0
-5237760.0
7268864.0
-2068992.0
-8994816.0
-4408832.0
-1.8201088E7
-1.5158784E7
-1.1488256E7
-1.2509696E7
-8675328.0
-6986240.0
2085376.0
7283712.0
971776.0
-2883584.0
-1787392.0
-5252096.0
-8857600.0
-8180736.0
-1.7717248E7
-1.0984448E7
-5944832.0
-9766912.0
-2043904.0
1.0670592E7
1.6620544E7
4848640.0
-3587584.0
-8748032.0
-9219072.0
-1.1656192E7
-6302208.0
-892928.0
1.1958784E7
4171264.0
1.5071744E7
1.6659456E7
6243328.0
1.1308544E7
5062144.0
-5925888.0
-7639552.0
-7186432.0
3746304.0
1.7311744E7
8579584.0
2723840.0
1020928.0
1.0306048E7
1.6005632E7
8090112.0
1.100288E7
556032.0
-509440.0
-2606080.0
-1772032.0
-3246592.0
-4900352.0
3148288.0
8738304.0
1.4080512E7
1298944.0
693760.0
1404928.0
2534400.0
-1086976.0
1235456.0
1.7878528E7
1.2491776E7
1.7331712E7
8824832.0
-7691776.0
-1.7485824E7
-2.532608E7
-2.1117952E7
-1.9697664E7
-1.5501312E7
-1.3109248E7
-1.5076352E7
-3790336.0
6485504.0
4358656.0
-3763712.0
-871936.0
1458688.0
6240256.0
2.3433728E7
6252544.0
3263488.0
-4167680.0
-4729344.0
-9777664.0
4612096.0
-1573888.0
1005568.0
1944576.0
-7923200.0
-1.0379264E7
-1.0889728E7
-5871616.0
-3357696.0
-777728.0
9090560.0
5294080.0
1.255168E7
2525184.0
4706304.0
1.3488128E7
6270976.0
-1113600.0
9030144.0
8476160.0
1.10976E7
1.2429312E7
1.264128E7
4419584.0
-383488.0
2043904.0
1206272.0
1.2458496E7
1.0395136E7
3692032.0
2061824.0
1614848.0
1.2056576E7
8112128.0
1427456.0
1.0465792E7
-3655168.0
37376.0
-2416128.0
3216384.0
6920704.0
1.395712E7
1.0876928E7
6688768.0
3454464.0
-3358208.0
-5218816.0
-6527488.0
-7793152.0
-1427968.0
6212096.0
1.3544448E7
1.1321856E7
6468096.0
1.4982144E7
5922304.0
6906368.0
-4281856.0
1570816.0
6487552.0
7555584.0
1.2921856E7
7128576.0
1289216.0
-1.2220928E7
-9449984.0
164352.0
4361728.0
-9220096.0
-1.3267456E7
-1.705728E7
-4923904.0
-1758208.0
-4354560.0
-1868800.0
-332288.0
-8526336.0
-1.5614976E7
-544256.0
-8172032.0
-9207296.0
-8834560.0
-8054784.0
1139712.0
-3421184.0
-6220288.0
-1.3215232E7
-1.1406848E7
-6231552.0
-6925312.0
-5521920.0
1.1421696E7
1.0606592E7
4182016.0
6159360.0
1443328.0
4562432.0
1888256.0
6841856.0
1.4728192E7
2695680.0
2406400.0
6932480.0
7379456.0
4137984.0
6837248.0
-1235456.0
-4768256.0
-9008640.0
-3779072.0
-2597376.0
3531264.0
6886400.0
-6301696.0
-6154240.0
166400.0
-205312.0
7860736.0
8894976.0
3756032.0
-550400.0
9988096.0
3857920.0
-328192.0
3292672.0
-2881024.0
-1.0202112E7
-1.449472E7
-1.5550976E7
-1.0038272E7
-3739648.0
1393152.0
5487104.0
8393216.0
1.1972608E7
1.1115008E7
9319424.0
1.1451904E7
1.4533632E7
9380864.0
4059136.0
6192128.0
5390848.0
-3597312.0
-9855488.0
-5094912.0
352256.0
5902336.0
7567872.0
4868608.0
9601536.0
6518784.0
-8204288.0
-3722240.0
2.2276096E7
2.9722624E7
6800384.0
-8918016.0
-1.0639872E7
-3143680.0
-4148224.0
4619776.0
1230336.0
436736.0
-7680.0
-329728.0
-7106048.0
-1.0656768E7
-7537664.0
-9672192.0
-9533952.0
-1.5367168E7
-1.4362624E7
-6300160.0
-974848.0
318976.0
5517824.0
698368.0
5012992.0
1.6187904E7
677888.0
9650688.0
1998336.0
4287488.0
851968.0
28672.0
-3283968.0
-1.6551424E7
-8869888.0
-9019904.0
-2.3382016E7
-1.585152E7
-1.451776E7
-2.3635968E7
-1.9758592E7
-1484800.0
7920128.0
1.737984E7
7607808.0
-5013504.0
-1115136.0
-1653760.0
2927616.0
-8785920.0
-6543872.0
-8563200.0
-2853888.0
-3350016.0
4320768.0
4144128.0
-4321792.0
5463040.0
-3136512.0
-5508096.0
2638336.0
-6116352.0
-1.4723072E7
-1.104128E7
-1.0668032E7
-1.041664E7
-9227264.0
-1.0579456E7
-1.1005952E7
449536.0
-4550144.0
-54272.0
-2637312.0
-5216256.0
-4427776.0
3318784.0
7354368.0
2130944.0
2563584.0
-2213888.0
-127488.0
6274560.0
1.3224448E7
-1300480.0
3932672.0
-2854400.0
-2714112.0
8656384.0
1.4093312E7
1.453056E7
1.532928E7
7346176.0
4475904.0
7038976.0
9012736.0
4837888.0
-3201024.0
-990208.0
-9362432.0
-1.6709632E7
-1.1333632E7
-1.3683712E7
-1.3515776E7
-1705472.0
7220736.0
6133248.0
7484928.0
8751616.0
1.0850304E7
8295936.0
6705152.0
-1255936.0
-6762496.0
-1.0946048E7
-5878784.0
1091584.0
-1782784.0
-4503040.0
7327232.0
3897856.0
-3688960.0
-835072.0
-1028096.0
1903104.0
-1852928.0
-1.382144E7
-1.7691648E7
-1.2017664E7
2486272.0
-2540032.0
-6332416.0
-2701312.0
-5433344.0
4034048.0
475648.0
6809600.0
3613696.0
7666176.0
1.1124736E7
1.5547392E7
1.0130944E7
1.8605568E7
1.4132224E7
1.17504E7
4063232.0
-607232.0
-503808.0
1.1100672E7
-4338688.0
-3089408.0
-1.6668672E7
-1.7084928E7
-9150464.0
-3059712.0
-3824128.0
-1.4648832E7
-2.661376E7
-1.4890496E7
-5535744.0
-8878592.0
-8152576.0
-4278272.0
-4931584.0
-7336960.0
-1.0215424E7
-2213376.0
3977728.0
3113472.0
5721088.0
3537408.0
2365952.0
3705856.0
1.8750464E7
5435392.0
-926720.0
4736512.0
7781376.0
4608000.0
2222592.0
9650688.0
5374976.0
3356160.0
-2231296.0
-5981696.0
1512448.0
1.1516416E7
5285376.0
7056896.0
785920.0
-1235968.0
-6695936.0
-6780416.0
-6402560.0
352768.0
8701952.0
5318656.0
4220416.0
1.3231616E7
5301760.0
-3593216.0
-5047808.0
-4723712.0
2948096.0
215552.0
4348928.0
1.222656E7
7368192.0
946688.0
-2904576.0
-6439936.0
-5775360.0
-3976704.0
2604544.0
1.0926592E7
1.4813184E7
1.9402752E7
2.482688E7
513536.0
-1.0628096E7
-8492032.0
1796096.0
-1027584.0
-7070720.0
-3228672.0
-1993728.0
2909184.0
1.0312704E7
1.2140544E7
6515712.0
2241536.0
1.1977728E7
7559680.0
1.348864E7
1647616.0
-4805632.0
-6129152.0
-4156928.0
-6835200.0
-3319808.0
-4303872.0
-3447808.0
-4373504.0
-8776192.0
-33280.0
6263296.0
7197184.0
7221760.0
9975296.0
8917504.0
1466880.0
9931264.0
3507712.0
1.7270272E7
1.5140352E7
1.3852672E7
8541696.0
8994816.0
1043456.0
1.0077696E7
-3512320.0
-4811264.0
-8517632.0
-1.0628096E7
-4661760.0
2747392.0
-1821696.0
-4941312.0
-2190848.0
7797248.0
4040192.0
100864.0
5336576.0
8625664.0
2.1938688E7
1.7028096E7
6821376.0
431104.0
269312.0
-4792320.0
-1.3836288E7
-1.725952E7
-1.4057472E7
-1.3671424E7
-1.4422016E7
-6788608.0
-8345600.0
-5691392.0
-8143872.0
1.1803136E7
4236800.0
-1.6206848E7
-8070656.0
-5261312.0
4666368.0
2402816.0
2065920.0
-1.1858944E7
-9061376.0
-4599808.0
6583808.0
1.6958464E7
1.6785408E7
9881088.0
-5215744.0
-4987904.0
96256.0
-144896.0
-2073600.0
-1.081856E7
-8233472.0
1892352.0
-3066368.0
-9891840.0
-1.839872E7
-1.6389632E7
-8684544.0
-1.2622336E7
-6786048.0
-1.3509632E7
-8686592.0
-1011712.0
-2433536.0
91648.0
-2424320.0
1925632.0
8507392.0
3331072.0
-3742720.0
-2727424.0
4464640.0
-1490432.0
-1.0852864E7
-1.3080064E7
-3573248.0
-147968.0
5074432.0
4865536.0
-1299456.0
4240384.0
6234624.0
-374272.0
9713664.0
6178304.0
4943360.0
6938112.0
-1760256.0
-3584.0
1.86368E7
1.2546048E7
1.6182784E7
9827840.0
5386752.0
-4095488.0
1.4778368E7
1.4629376E7
1.2101632E7
2741248.0
2152448.0
-3002368.0
5611520.0
-1347072.0
-6605312.0
-1.2768768E7
1111040.0
5160448.0
7749632.0
5850624.0
9514496.0
1.3718016E7
1704448.0
6649856.0
7906816.0
3853312.0
-755712.0
4780544.0
5093888.0
4007424.0
1.1011584E7
4150784.0
-389120.0
-1.1109376E7
-6175744.0
7125504.0
7906304.0
1139200.0
4996096.0
850432.0
302592.0
4421120.0
2833920.0
-1144832.0
-1708032.0
-900096.0
7312384.0
-619520.0
-1.1004416E7
-5073408.0
-1.1337728E7
-1.2604416E7
-1.0762752E7
-1.7885184E7
-1.9478528E7
-8568320.0
685056.0
1.069312E7
-172032.0
-1.238272E7
-1.4069248E7
-5940736.0
-7187456.0
-2210304.0
-6890496.0
-2772992.0
-5146112.0
-7031296.0
1360384.0
9062400.0
3483648.0
-2280960.0
-1.1830272E7
-2296832.0
1235968.0
-2709504.0
-1265152.0
-1278976.0
-5012480.0
4643840.0
3583488.0
2003968.0
3044864.0
-1000448.0
-2701312.0
-4858880.0
-4683264.0
-4881408.0
-2997760.0
2628096.0
2695168.0
2978816.0
-582656.0
-1.2845568E7
-6303744.0
1213440.0
-3502080.0
-1.2225536E7
-5527552.0
-6989312.0
1101824.0
7631872.0
-4055552.0
2552320.0
6195712.0
8913408.0
4671488.0
3771392.0
2123776.0
1137152.0
8401408.0
7487488.0
8590848.0
8070144.0
2572288.0
7613952.0
1265664.0
-2608640.0
-9028608.0
-6216192.0
3374080.0
-8193024.0
2697216.0
646656.0
-6102528.0
-9939968.0
777728.0
-3065856.0
-1591808.0
-1864192.0
-1.3239296E7
-1.5087616E7
-8193536.0
-1.6608256E7
-1.6579072E7
-5473792.0
613376.0
-700928.0
1269248.0
-5856768.0
-3168256.0
-1.1096576E7
-1.1845632E7
-4892672.0
1111552.0
9603584.0
5438464.0
-3846656.0
-8283648.0
7484416.0
6639616.0
369152.0
-7435776.0
-6258176.0
-6939136.0
-3902464.0
1.0456064E7
1.2373504E7
1021952.0
-2146304.0
464896.0
-1243648.0
7184384.0
1.279744E7
6770688.0
6530560.0
-1915904.0
5762560.0
1.2708352E7
5309440.0
-1653248.0
1018368.0
1.2005376E7
-30208.0
5175808.0
9426432.0
9297920.0
9906176.0
1.3300224E7
1.559296E7
1.0169856E7
635904.0
-1.794816E7
-2.0637696E7
-9624064.0
1790464.0
-322048.0
1.1996672E7
6600192.0
1712640.0
3469824.0
-358912.0
1.1815424E7
6686208.0
4022272.0
7631360.0
7799296.0
2182656.0
6872064.0
1.0278912E7
2875392.0
7556608.0
1.1562496E7
6171648.0
-1415680.0
5434368.0
-9278464.0
-1.5136768E7
-9227264.0
-5155328.0
57856.0
5650432.0
-6347776.0
-2976256.0
346112.0
1023488.0
-156672.0
-2042880.0
1057280.0
4435968.0
117248.0
1.3354496E7
1.2622848E7
3080192.0
-1.0130944E7
-3366912.0
-2318336.0
5318656.0
-2694656.0
-5886976.0
4565504.0
7535104.0
4726272.0
-1.175808E7
-1.4941696E7
-1.7427456E7
-1.8994688E7
-1.0768384E7
-6280192.0
7488512.0
5471744.0
1.0546688E7
1.7522688E7
2583040.0
9836544.0
7528960.0
-3558400.0
-7331840.0
-3576832.0
-1.074432E7
-1.7850368E7
-1.57312E7
-1.09056E7
-3164672.0
5815808.0
4509696.0
-510976.0
-2910208.0
-1403392.0
-3130368.0
5187072.0
4608512.0
2009600.0
1.3067776E7
1.5635456E7
1.6978432E7
8525312.0
-3348480.0
1.8293248E7
1.7741312E7
1.108224E7
-4781568.0
-5322240.0
-8062464.0
259072.0
-7589888.0
-6043136.0
881152.0
8385024.0
1540096.0
-2555392.0
-3501056.0
-2573824.0
7148032.0
1310208.0
3001344.0
2625536.0
-1.0470912E7
-1.2393472E7
-9066496.0
-9930752.0
-1.2519936E7
-6480384.0
-72704.0
-964096.0
8029696.0
1.001984E7
5456896.0
4389888.0
8928256.0
1.3014528E7
1.7207296E7
8001536.0
2093568.0
-1880064.0
-6999552.0
-2541568.0
1498624.0
-1.1786752E7
-7580160.0
-5581312.0
1.1183104E7
1.6884224E7
-2071552.0
3817984.0
1.0594304E7
-190464.0
2970624.0
5428736.0
-2675712.0
-1.2170752E7
-8253440.0
-1.2973568E7
-3609600.0
-3789824.0
-1.162752E7
-6216192.0
-1.1410944E7
-9640448.0
-894976.0
-1.176576E7
-7193600.0
-1.0190336E7
-5529088.0
5146112.0
-886272.0
672256.0
8393216.0
5138944.0
5430272.0
1.6938496E7
1.146368E7
6979072.0
1.2640256E7
1.4787584E7
1.4774272E7
1.596928E7
9632768.0
8252928.0
5913600.0
7501824.0
9775616.0
1.5231488E7
1.8529792E7
5506560.0
-6952448.0
-2054144.0
1015808.0
3281920.0
-1952256.0
-1.2256768E7
-7779328.0
-102400.0
-2152448.0
-2532352.0
-1952768.0
3312128.0
5994496.0
5008384.0
567808.0
1.0912768E7
6233088.0
1853952.0
-7438848.0
-7542272.0
-3862528.0
-2992640.0
1.067008E7
1743360.0
-1.1790336E7
2084864.0
3329024.0
-5192704.0
-1.0586624E7
-1.271808E7
2468352.0
-7447552.0
-4362240.0
4979712.0
-33792.0
3518464.0
8397824.0
-3008000.0
-1.978368E7
-1.4771712E7
-9918976.0
-1.6395264E7
2323968.0
1.6739328E7
6198784.0
5925888.0
9748480.0
4786176.0
-5495808.0
-6389248.0
-3000832.0
415232.0
-640000.0
-6724096.0
-1.0315264E7
-2.0798976E7
-6553088.0
-1327616.0
-1525760.0
2131456.0
-2162688.0
2790912.0
2344960.0
3342336.0
-4719616.0
-299008.0
5038592.0
4281856.0
-473088.0
8797184.0
1.1817984E7
1.2911104E7
3063296.0
1.4834176E7
9153536.0
1211392.0
710656.0
4348416.0
8675328.0
1.0102272E7
1.6016384E7
5529088.0
-8201216.0
-1310720.0
578048.0
-238592.0
599040.0
949760.0
-1.2690944E7
-9366016.0
-5165056.0
-1475584.0
1.0618368E7
4279296.0
-992256.0
-2868736.0
-1480704.0
8760320.0
3860992.0
2926592.0
1.0396672E7
1.1099648E7
1.052416E7
5229056.0
3318272.0
7551488.0
9459712.0
7447040.0
8687104.0
1840640.0
6593024.0
3304448.0
5962752.0
9958400.0
8084480.0
1971712.0
-8156160.0
-4040704.0
-4354560.0
6257664.0
1198080.0
3139072.0
-2229248.0
1.2238336E7
9089536.0
2650112.0
6236672.0
1418240.0
6579712.0
1.1127808E7
1.4191616E7
9177088.0
1.0152448E7
1.368064E7
5849600.0
3405312.0
7702016.0
1.2714496E7
1.1454976E7
2700800.0
-2628096.0
-204288.0
-2012160.0
5051392.0
-3435520.0
5741056.0
8086528.0
205312.0
-4378624.0
7284736.0
9875968.0
679424.0
4289536.0
-4048896.0
-9227776.0
-1.1241472E7
-1.5486464E7
-4697600.0
-788480.0
3520000.0
7569408.0
-1926144.0
-1656832.0
1056768.0
730112.0
-4842496.0
-6747136.0
-1714688.0
-2131968.0
-1.0876928E7
-8844800.0
-1.1538432E7
-1.5218176E7
1593344.0
7291392.0
5789184.0
1.2574208E7
-525824.0
-5284352.0
-1905152.0
6278144.0
-2874880.0
-9810944.0
-6780928.0
1541632.0
-372736.0
-3236864.0
-971776.0
-3661312.0
3325952.0
1174528.0
1.018624E7
-976896.0
-4668928.0
1.6105984E7
2.1492224E7
1.5959552E7
1.2681216E7
1572352.0
-3100672.0
1283584.0
-235008.0
624640.0
1799168.0
2454528.0
3674624.0
1838080.0
7338496.0
777728.0
-4090368.0
6650368.0
-797184.0
-8647168.0
2691584.0
776704.0
203776.0
5980160.0
6926848.0
479232.0
-5549568.0
2427392.0
-2864640.0
-1736192.0
-1070080.0
-1157120.0
-3443200.0
1863680.0
1238528.0
-819712.0
1.598464E7
1.8484224E7
6229504.0
5569024.0
-2741248.0
2445312.0
7080960.0
6030336.0
1.187328E7
8847360.0
3778560.0
-6510080.0
1309696.0
-4167168.0
-2458624.0
7016448.0
8425472.0
-1123840.0
615424.0
521216.0
7118848.0
-3228672.0
-3494912.0
3600896.0
7249408.0
-1177600.0
-2480128.0
-6459392.0
697344.0
-2297344.0
-5322240.0
-9049088.0
175616.0
8755712.0
1637888.0
-7656448.0
-1.1117056E7
-2942976.0
1589760.0
8696320.0
1.1830784E7
1.764608E7
3959296.0
7850496.0
-8707072.0
-1.2896256E7
-1.3405184E7
473088.0
8141824.0
1757696.0
728064.0
-2016768.0
-4182016.0
-9138688.0
-7521280.0
-2901504.0
-2209792.0
-4935168.0
1513472.0
-4806144.0
-4538368.0
-5961216.0
1.1994624E7
7999488.0
5141504.0
1.179392E7
1.1808768E7
1.8425856E7
5892096.0
4240384.0
1113600.0
-8109056.0
-1.0865152E7
-790528.0
-8763904.0
-2215424.0
-2397696.0
1145344.0
1214464.0
-7370752.0
-1.2394496E7
-1.0573824E7
812032.0
5442560.0
1560576.0
-9141760.0
-6268416.0
-1597952.0
1.9037696E7
9780736.0
7753216.0
-340992.0
-4826624.0
1410560.0
5358080.0
9067008.0
8805888.0
6471168.0
2341888.0
2487808.0
-4070400.0
-8401408.0
-1162752.0
1.1242496E7
1.8939392E7
1.494016E7
3733504.0
-4592640.0
-5191168.0
4550144.0
-758272.0
-1940992.0
9273344.0
1.1224064E7
8437760.0
738816.0
5159424.0
1.4081024E7
5229568.0
5520896.0
5715968.0
8744960.0
-1169408.0
-1.2023296E7
-5508096.0
-2477056.0
-1.0761216E7
-2.1124096E7
-957440.0
8020992.0
1.3156864E7
3563520.0
3002368.0
3811840.0
2903552.0
-2621440.0
4982272.0
6952448.0
3559936.0
-5809664.0
6818816.0
677376.0
2813952.0
1.0319872E7
8271872.0
1.3136384E7
7040512.0
-2314240.0
8084480.0
1.429504E7
153600.0
-2211328.0
1.1928064E7
1.5981056E7
6524928.0
8837632.0
4942336.0
1.464576E7
9709056.0
-1901568.0
1.40032E7
7890432.0
-3649024.0
1823232.0
6129152.0
1.5442432E7
1.7942016E7
1.6247808E7
5817344.0
-1429504.0
-5719552.0
-4144128.0
2787840.0
3781632.0
7415808.0
3445248.0
4526080.0
1172992.0
-5473792.0
-5231104.0
-4750336.0
-1680384.0
304128.0
-562688.0
844288.0
-6425088.0
-3851264.0
-1056768.0
-645120.0
-2100736.0
37376.0
-2325504.0
-1.2569088E7
-9378816.0
6827520.0
8744448.0
3570688.0
8059392.0
4907008.0
8375296.0
1.52832E7
4035584.0
1935360.0
-4290048.0
-2550784.0
112128.0
-483840.0
1.0594304E7
1.9191808E7
1.5061504E7
1.4556672E7
7971840.0
-1629696.0
2742272.0
1.1515904E7
6318080.0
403968.0
1761792.0
7568896.0
1.4912E7
1.9644928E7
7012352.0
6849024.0
4062720.0
6045184.0
-912384.0
-7064064.0
-5398528.0
-487936.0
1244672.0
1.8562048E7
1.012224E7
-6205952.0
-7332864.0
267264.0
9082368.0
1722368.0
-1780224.0
-4949504.0
3788288.0
6015488.0
1690624.0
7159296.0
6066688.0
3851264.0
760832.0
-4492288.0
-1.1869696E7
-6366208.0
-4399104.0
-9079296.0
-4133888.0
-1351168.0
-662016.0
-3082240.0
2386944.0
-3260928.0
-1.2578304E7
-1.3502464E7
-1.3088768E7
-1.3256704E7
-1.3778944E7
-1.0059776E7
-8486400.0
-399872.0
5686784.0
1.0239488E7
1.0626048E7
6424064.0
1.8438144E7
1.9500544E7
1.7935872E7
1.4976E7
4930048.0
-8955904.0
-550400.0
-861184.0
2870272.0
-3210240.0
-2742784.0
6254592.0
1.8996736E7
1.394432E7
6656000.0
-6026240.0
-8404480.0
-1178112.0
4692992.0
4363264.0
4576768.0
-1071104.0
-124928.0
2052608.0
1410560.0
9202688.0
5456896.0
1263616.0
-249344.0
-1.2601856E7
-1.0609664E7
-1.1957248E7
-7977472.0
-1395200.0
-1.035008E7
-5050368.0
292352.0
3907072.0
-2140160.0
-3252224.0
8816640.0
1.913088E7
1.5092224E7
1.3622784E7
2.080256E7
2.9210112E7
3.0197248E7
3.3754112E7
2.5481728E7
1.8457088E7
1560064.0
8124928.0
1.1270656E7
1.6351744E7
1.5637504E7
8138240.0
5585920.0
1.2235776E7
4837376.0
7027200.0
2641408.0
2485248.0
-6024704.0
2187264.0
4462080.0
8656384.0
3684864.0
-6315520.0
-1.0020864E7
5105152.0
1.4006784E7
9505280.0
-3857920.0
1.0765312E7
7431168.0
1975808.0
9663488.0
1.7542656E7
2.103808E7
1.1064832E7
5246976.0
-4275712.0
2233856.0
5308928.0
1.4672896E7
1.1677696E7
1.1444736E7
1.0830336E7
1.61024E7
5534208.0
-4059648.0
3856896.0
5984256.0
7128576.0
1.1402752E7
1.3034496E7
3580416.0
-4634112.0
-2652160.0
4711936.0
7769600.0
5609472.0
8754176.0
7083008.0
6631424.0
1504256.0
43008.0
6362624.0
-2266624.0
1668096.0
-475648.0
5979136.0
3493376.0
-922112.0
9769984.0
2.2553088E7
9888256.0
8795136.0
4367872.0
-4585984.0
4319232.0
6013440.0
5926912.0
8204288.0
1.8338304E7
1.4998016E7
-9336832.0
-9714688.0
-3547136.0
-8809984.0
-1.2267008E7
-7374336.0
-937472.0
2078720.0
1.1293696E7
5757952.0
6950912.0
909824.0
1.0622464E7
1.2827648E7
6289920.0
1.0242048E7
5468672.0
4493312.0
1.6185856E7
1.3328384E7
9836032.0
2100736.0
-1256448.0
-1671680.0
-4829184.0
4562432.0
1.4913536E7
1.4047744E7
1.2458496E7
9043968.0
9408512.0
9668096.0
5997568.0
7636480.0
-3017728.0
-9991680.0
3686912.0
1.159168E7
7977984.0
1.3931008E7
2.319104E7
1.9294208E7
1.447936E7
1217024.0
-5769216.0
-6017536.0
-1.1674112E7
-6093312.0
9756672.0
7764480.0
-7729664.0
-2.2358528E7
-1.9021312E7
-1.1436544E7
-6546944.0
-3107840.0
-181760.0
6768128.0
1289728.0
2696192.0
3551744.0
4938752.0
7791616.0
2774016.0
1525248.0
-2240512.0
-5636096.0
-3459584.0
3027968.0
3627520.0
4026880.0
1.3496832E7
8503296.0
1.4531072E7
1.4554624E7
6045184.0
2666496.0
7262208.0
6848512.0
6786560.0
6964736.0
1.2749312E7
1.7998848E7
1.1120128E7
1334784.0
9395712.0
3974144.0
-1953792.0
2651648.0
6482432.0
-5447168.0
1610752.0
1470464.0
8951808.0
9846784.0
1.0605568E7
3112960.0
4534784.0
1.1233792E7
3648000.0
5228032.0
1.0891264E7
1.193472E7
1.1265536E7
6579712.0
9929216.0
7650304.0
-325632.0
1.1148288E7
2.5558016E7
1.7744384E7
1.5464448E7
1.64224E7
8925696.0
-3637248.0
-2916352.0
1932800.0
9968128.0
1.0733568E7
7249920.0
8366592.0
1.2813312E7
1.5669248E7
93696.0
9253888.0
6427136.0
5076480.0
-4716032.0
-9364480.0
248832.0
8028672.0
-7135744.0
3836928.0
2924032.0
1.1387904E7
1.3735936E7
7101952.0
3659776.0
-7257600.0
-5840384.0
-2381312.0
-5095936.0
-3616256.0
2164736.0
-2275328.0
69120.0
-3235328.0
1.5530496E7
1.605376E7
1.1438592E7
2.0383232E7
1.3202432E7
1.638656E7
4877824.0
4816896.0
2819584.0
1.8049024E7
1.662976E7
1.1239424E7
1.9372544E7
2.4521728E7
9768448.0
6931968.0
-453120.0
-6198272.0
3710464.0
1.3558272E7
1.5424E7
1.1308544E7
9453568.0
2.0411392E7
1.5090688E7
8625152.0
1.1237376E7
1.137408E7
-4287488.0
8061952.0
2405888.0
273920.0
9312256.0
2.5048064E7
1.848064E7
1.2722176E7
1.6710656E7
7634944.0
1.170688E7
1.538304E7
1.8866688E7
9341440.0
-1.0998784E7
-3814912.0
9693184.0
1.9372544E7
2.2226944E7
2.071552E7
7509504.0
9076224.0
5657600.0
2809856.0
8753664.0
7599616.0
-558592.0
-151552.0
-9282048.0
-3097088.0
7738880.0
1.2629504E7
6035456.0
8574976.0
-3432448.0
1.8082816E7
2.1887488E7
1.0598912E7
7671296.0
1.0497024E7
1.5194624E7
4391936.0
-5305344.0
1.0627584E7
1.1254784E7
9747456.0
6156800.0
4274688.0
2853376.0
1.1246592E7
1.1606016E7
-5850112.0
-7970304.0
5857280.0
5112320.0
7201280.0
7252480.0
1.0301952E7
7670784.0
1.3010944E7
8808448.0
5597696.0
1.1848192E7
6339072.0
1.0909184E7
5783040.0
273408.0
976896.0
4599808.0
1.2124672E7
2.5193472E7
1.4346752E7
2.2816768E7
2.7649536E7
1.944064E7
3585536.0
-7149568.0
9107968.0
1.5602688E7
1.4160384E7
8120320.0
1.2388864E7
6199296.0
-170496.0
1.0912768E7
1.080064E7
1699328.0
1.0439168E7
2.165248E7
1.4088704E7
1.2160512E7
2115072.0
-872960.0
1.4409728E7
2.6123776E7
2.7169792E7
2.1515264E7
2.4804352E7
1.4652416E7
1.5223808E7
-886272.0
-6315008.0
-5179904.0
1214976.0
9994240.0
2.1176832E7
4078592.0
1.257728E7
1.06752E7
1.8281984E7
1.9556352E7
7500288.0
1.0788864E7
1.0254848E7
6777856.0
7624192.0
1.3395456E7
1.1512832E7
1.4417408E7
1.6357376E7
1.614848E7
1.1792896E7
-2211840.0
-2629120.0
7586816.0
1.10848E7
1069568.0
3492864.0
-4940800.0
1588224.0
1.305856E7
-1985024.0
5473280.0
1.023744E7
2.4611328E7
1.8486272E7
1460224.0
-5716480.0
2855424.0
3658752.0
1.685504E7
6872064.0
1.0769408E7
1.4272512E7
6747648.0
3495936.0
-1123328.0
-7898112.0
-1.2322816E7
-4669952.0
1462784.0
4300288.0
2137600.0
1.021696E7
1.612288E7
1.0993664E7
1.1254272E7
1.129984E7
1.167616E7
1.8461696E7
1.588736E7
9242624.0
2084864.0
1.298944E7
2.746112E7
2.8877824E7
1.5676416E7
1.0645504E7
2.35392E7
2.5176576E7
3.0603776E7
2.5565184E7
1.4230016E7
2.187264E7
1.5058944E7
1.569536E7
1.0041344E7
1.0921472E7
6392320.0
3340288.0
1.152768E7
1.1559936E7
1.0851328E7
1.4480384E7
1.0993664E7
1.8553856E7
7500288.0
3653120.0
-1593856.0
-3326976.0
5950976.0
1.1748864E7
1.0232832E7
-881664.0
-667648.0
3346432.0
6351360.0
4477952.0
8054784.0
-545280.0
-6229504.0
-161792.0
1.1797504E7
1.0950144E7
2.1224448E7
1.9949568E7
1.0109952E7
7522304.0
1.2396544E7
1.5303168E7
1.5945728E7
1.565952E7
1.9309056E7
1.8410496E7
1.3251072E7
8672256.0
1.01248E7
3829760.0
6807552.0
5891584.0
1.7347584E7
5964800.0
7127040.0
1.4443008E7
1.0602496E7
1.5331328E7
1.2131328E7
1368064.0
9785344.0
1.5258112E7
-6533632.0
1942016.0
1.0475008E7
1.6418304E7
1.8591232E7
1.5286272E7
6359040.0
1.0056704E7
1.3065728E7
1.0271744E7
1.0869248E7
1.0697216E7
4307968.0
-570368.0
6240256.0
8038912.0
9384448.0
6236160.0
1.5628288E7
2.2896128E7
2.3442432E7
2.8192256E7
1.8840576E7
8854016.0
4845568.0
5291520.0
1.1401216E7
9575424.0
1.5817216E7
9555456.0
3525632.0
2070528.0
6033920.0
5295104.0
4410368.0
5738496.0
1.5303168E7
2.6803712E7
1.2235264E7
9993216.0
1.2740608E7
1.5587328E7
9921024.0
1.1148288E7
7052288.0
9754112.0
9308160.0
6531072.0
2.0059648E7
1.4652416E7
2.0603904E7
2.4163328E7
3.1189504E7
3.2434688E7
1.8544128E7
5035008.0
1.0894336E7
9971200.0
1.1720704E7
1.96864E7
8497152.0
9696768.0
-1612288.0
127488.0
-3556352.0
-9248256.0
-1374720.0
-6297088.0
8192.0
1.20576E7
-174592.0
377344.0
1662464.0
2.158336E7
1.6792064E7
7397888.0
9521664.0
1.7344512E7
6689792.0
-1019392.0
1.4408192E7
1.5673344E7
9525760.0
1.4516224E7
1.993472E7
1.0563072E7
8773120.0
1.2352512E7
1.4886912E7
1.5967232E7
4926464.0
2.3599104E7
3.408896E7
3.8736384E7
2.7912704E7
1.5933952E7
1.8213888E7
1.8403328E7
1.0733568E7
7694848.0
7483904.0
1.189888E7
5151232.0
1.213952E7
1.2353536E7
1.7944064E7
1.641728E7
1.2467712E7
4338176.0
1.0169856E7
1.51424E7
1.2057088E7
6118400.0
7994880.0
1.8096128E7
2.0509184E7
1.4189056E7
1.3525504E7
1.9422208E7
1.7530368E7
1.7336832E7
1.9416064E7
1.4148096E7
1.2489216E7
-2538496.0
7321600.0
6193152.0
-2404864.0
2266624.0
1.0975232E7
1.9939328E7
3.1048704E7
3.2971264E7
2.8275712E7
2.5772544E7
2.8167168E7
3.081728E7
3.0864384E7
1.9162624E7
2.0096512E7
1.9860992E7
2.2031872E7
1.231616E7
2180608.0
9777664.0
2.4916992E7
2.9379584E7
2.2990848E7
1.7417216E7
2.899968E7
1.907712E7
1.7220608E7
6643200.0
9182208.0
1.4848512E7
6636544.0
8741888.0
5219840.0
8976896.0
6114304.0
-1620480.0
9785344.0
1.3654528E7
1.9771904E7
1.5172608E7
1.0218496E7
8295936.0
1.8924544E7
2.5087488E7
1.9934208E7
1.9412992E7
1.9927552E7
1.4478848E7
921600.0
-7439360.0
4024320.0
961024.0
6981120.0
1.8697216E7
1.99296E7
2.3693312E7
1.9662848E7
2.5867264E7
3.1902208E7
1.1299328E7
6091264.0
1.4284288E7
1.326592E7
1.425664E7
1.92384E7
1.5115264E7
2.1204992E7
9747968.0
1.5811584E7
1.505024E7
8862720.0
1.5807488E7
8503808.0
1.5320576E7
9513472.0
9914368.0
1.25696E7
2.42176E7
1.07904E7
5944832.0
1.5526912E7
5624832.0
7092224.0
1.5061504E7
8289280.0
1.3024256E7
2.2015488E7
2.5387008E7
2.0906496E7
1.4085632E7
9614336.0
2.2866944E7
2.1119488E7
2.2661632E7
2.5113088E7
2.681344E7
2.8683776E7
1.34528E7
1.1500032E7
9845248.0
2.1887488E7
2.5230848E7
2.2798848E7
1.7074176E7
2.0637184E7
2.7572224E7
3.5674112E7
2.6143744E7
2.0557824E7
2.4433664E7
2.1961216E7
1.620992E7
2.5606656E7
1.8486272E7
1.3504512E7
1.6826368E7
7158784.0
-1725952.0
8103936.0
2075648.0
1.1864064E7
2.483456E7
2.5959936E7
1.917952E7
1.1549184E7
8013312.0
2531328.0
2257920.0
1632256.0
1.1283456E7
1699840.0
-2249216.0
1634816.0
5305344.0
1.6265728E7
2.491648E7
2.0205568E7
2.4104448E7
2.472704E7
2.3634432E7
1.946624E7
2.6200576E7
2.0013568E7
1.228288E7
8517632.0
1760768.0
1980416.0
1.170176E7
1.7224192E7
1.812224E7
1.005568E7
1.4621184E7
2.051328E7
2.5841152E7
2.3506944E7
2.2216192E7
1.1606016E7
2.2770176E7
2.3558144E7
2.1737984E7
1.227264E7
9967616.0
2.0805632E7
1.5005184E7
1.5382528E7
2.1327872E7
2.2613504E7
7716352.0
1.2048384E7
1.304576E7
1.0172416E7
1.6871424E7
1463808.0
156160.0
8418816.0
9780224.0
1.2311552E7
1.4255104E7
1.0622976E7
1.625088E7
1.8604544E7
1.5101952E7
1.1625984E7
8219648.0
7181824.0
2.1902848E7
3.847168E7
2.5681408E7
2.1465088E7
2.7565568E7
1.6265216E7
1.3276672E7
1.068288E7
9622528.0
1.6086528E7
1.2904448E7
7136768.0
1642496.0
5280768.0
3432960.0
-7436288.0
-5206528.0
-8998400.0
-4710912.0
701440.0
1.0118656E7
1.8483712E7
8753152.0
2520576.0
1.4774784E7
1.7277952E7
2.5489408E7
3.3491968E7
2.1462528E7
7247872.0
-3094016.0
1.1009024E7
2.1936128E7
2.2297088E7
2.618624E7
1.9232256E7
1.9728896E7
2.462464E7
1.182208E7
-5300224.0
6935552.0
1.7071104E7
1.509632E7
1.732096E7
1.1276288E7
1.6859136E7
1.0303488E7
1.8944512E7
1.0764288E7
9596928.0
1.31328E7
1.4971392E7
1.4375936E7
1.7353216E7
2.8086784E7
2.6953728E7
1.9633152E7
9332224.0
1.0318336E7
1.1912192E7
1964032.0
1374720.0
1.5291392E7
1.7579008E7
2.5698304E7
1.7570304E7
1.6155648E7
1.5776768E7
1.641728E7
2.6512384E7
2.4933376E7
2.0910592E7
1.9495936E7
2.1193216E7
2.0166144E7
2.009088E7
2.157056E7
1.6761856E7
1.4004224E7
1.6914944E7
9467392.0
9930752.0
1.7637376E7
2.0688896E7
1.20576E7
1.4857728E7
1.829376E7
1.4027264E7
1.0024448E7
2.2002688E7
1.6243712E7
2.5125888E7
2.5773056E7
1.3342208E7
1.0522112E7
1.9016704E7
2.6205696E7
2.5889792E7
2.1231104E7
2.1868544E7
8566272.0
1932800.0
1.215744E7
1.336576E7
2.5790976E7
2.760192E7
1.9011072E7
7571456.0
1.6363008E7
1.8174464E7
7497728.0
6152192.0
1.2180992E7
1.8781696E7
3.0104064E7
2.5207296E7
2.4090112E7
2.4105472E7
1.1340288E7
9840640.0
1.3000704E7
2.0774912E7
1.7970176E7
1.9388928E7
2.2184448E7
1.1096064E7
1.1883008E7
2.4664064E7
2.0327424E7
1.8230272E7
1.9732992E7
2.2451712E7
2.8608512E7
1.8691072E7
2.66752E7
3.2758272E7
2.6336768E7
2.5662464E7
2.1015552E7
2.9129216E7
1.473536E7
2.0832256E7
2.6272256E7
1.7801728E7
1.1573248E7
1.0643968E7
1.3330432E7
1.18144E7
1.4445568E7
1.1454464E7
1.1324416E7
1531392.0
5747200.0
8291328.0
1.2802048E7
8414208.0
1.8976256E7
2.1807104E7
2.2424064E7
2.3128064E7
2.5775616E7
2.997504E7
3.1488E7
2.4620544E7
2.1580288E7
1.4385664E7
2.4525312E7
2.6985472E7
3.784192E7
2.6870272E7
3.2945152E7
3.0587904E7
2.4301056E7
2.275072E7
2.5913856E7
2.596608E7
1.6864256E7
1.216768E7
2.2774784E7
2.6024448E7
3.1337984E7
2.873856E7
2.791168E7
9868288.0
2.0652544E7
3.5011584E7
3.3863168E7
2.6281472E7
3.3043456E7
2.779648E7
2.7629568E7
3.5684352E7
2.8281344E7
3.2559616E7
2.4132096E7
2.09024E7
3.2918016E7
2.3476224E7
2.4575488E7
1.843456E7
1.2698624E7
1.1204096E7
7304704.0
1.0799616E7
1.3604352E7
3.6256768E7
4.2167296E7
3.066624E7
2.1766656E7
2.5724416E7
2.6010112E7
3.407616E7
2.8441088E7
2.5655808E7
2.6617344E7
2.4584192E7
9015808.0
1.4484992E7
2.1456384E7
2.3643648E7
2.1313024E7
1.6154624E7
1.5177216E7
6568448.0
1337856.0
1.0371072E7
2.0781056E7
1.9878912E7
2.0280832E7
2.3809024E7
1.4112768E7
1.0912256E7
1.2872192E7
1.8963968E7
1.5491584E7
1.3672448E7
1.3511168E7
1.1849728E7
1.6109568E7
3.3140224E7
2.0475904E7
9337344.0
1.1396096E7
2.0450304E7
2.069504E7
2.4651264E7
2.0780032E7
1.1262464E7
6667776.0
5787648.0
1.7007104E7
2.6199552E7
1.8620416E7
2.2585856E7
2.9107712E7
2.3593984E7
2.0734464E7
1.605888E7
2.9263872E7
2.9172224E7
2.3936512E7
3.2180736E7
1.8947072E7
2.3787008E7
2.6752512E7
2.8248064E7
2.1701632E7
2.206976E7
1.6410112E7
1.4998016E7
2.15168E7
2.4827392E7
2.6351104E7
3.9632384E7
3.3290752E7
2.5870336E7
2.8447744E7
4.4352512E7
3.8810112E7
2.6592768E7
1.8130432E7
2.5921536E7
2.4325632E7
2.7336192E7
2.208768E7
2.8565504E7
2.5987072E7
2.9802496E7
2.3765504E7
2.4918016E7
3.4791936E7
3.7742592E7
2.8363776E7
1.4600192E7
2.0990976E7
2.0901376E7
2.34752E7
1.9999744E7
2.119168E7
1.0981376E7
1.8921984E7
2.6633728E7
2.631936E7
1.8223104E7
2.744576E7
2.3277568E7
2.5607168E7
2.5763328E7
1.633792E7
2546688.0
6697472.0
1.2801536E7
9046016.0
7590912.0
1.6984576E7
2.498048E7
2.576896E7
2.662912E7
2.3503872E7
2.7888128E7
3.6035072E7
3.4650112E7
3.441664E7
2.8850176E7
2.3449088E7
3.6005376E7
2.6502144E7
2.3235072E7
2.1874688E7
2.88128E7
2.7692544E7
2.6323968E7
2.7039232E7
2.3360512E7
1.975552E7
2.590464E7
3.2324096E7
3.541248E7
2.9312E7
2.9836288E7
2.947072E7
2.4709632E7
1.0651648E7
1.8848256E7
2.3361024E7
3.7432832E7
4.0743936E7
3.6864512E7
3.099136E7
2.2267392E7
1.5294464E7
8881152.0
1.7483264E7
2.6996736E7
3.5367936E7
3.1200256E7
2.5188352E7
1.8089984E7
1.942784E7
1.3958144E7
2.3993344E7
2.193408E7
4.4534272E7
4.2998272E7
3.3921024E7
3.6862464E7
3.1658496E7
2.8809728E7
2.1758464E7
1.4279168E7
2.9850112E7
3.73888E7
3.041024E7
2.631936E7
2.6661376E7
2.5360896E7
3.0198272E7
3.1271424E7
2.8135936E7
2.930944E7
2.905088E7
3.9102976E7
2.9142528E7
2.4959488E7
2.7536384E7
2.8263424E7
3.2059392E7
3.3948672E7
3.6676096E7
3.6346368E7
2.5508864E7
2.4052736E7
3.2196608E7
3.9845888E7
3.6301312E7
4.4121088E7
3.9381504E7
2.9517824E7
1.7028096E7
2.278144E7
3.621632E7
2.042112E7
2.8189696E7
3.5946496E7
3.0996992E7
3.158528E7
2.895872E7
3.472896E7
3.6987392E7
4.225536E7
2.8477952E7
2.2265856E7
2.7204608E7
3.097856E7
2.4333312E7
3.0201344E7
3.9482368E7
3.5494912E7
2.5408512E7
1.731328E7
3.2045056E7
2.7879424E7
3.6027904E7
3.0664192E7
3.9719424E7
4.3828224E7
5.087488E7
4.9845248E7
4.2191872E7
3.456256E7
2.1648896E7
3.2463872E7
3.8156288E7
3.5576832E7
4.3117056E7
4.4376576E7
4.2625024E7
2.4174592E7
2.5100288E7
2.9966848E7
3.7542912E7
2.8978176E7
1.9948032E7
2.5618944E7
3.1650304E7
3.551744E7
2.792704E7
4.3928576E7
4.7478272E7
5.3960192E7
5.4326272E7
4.3869696E7
3.6754944E7
3.10528E7
3.3508352E7
3.4574336E7
2.5222144E7
2.0724736E7
2.7875328E7
3.0603776E7
2.882816E7
2.747904E7
3.4814976E7
4.095744E7
3.4299904E7
3.3099264E7
2.7974144E7
4.4046336E7
4.8594944E7
4.0541696E7
3.389184E7
3.0166016E7
3.1568896E7
3.0493696E7
2.4086528E7
1.8722816E7
3.3092096E7
4.286208E7
3.1366656E7
2.518528E7
1.6444416E7
1.5904768E7
2.6459136E7
3.7968384E7
3.9017472E7
3.2518656E7
3.8669312E7
4.1298944E7
3.8334464E7
4.0532992E7
3.4976256E7
3.1063552E7
3.1997952E7
4.2077696E7
3.649792E7
4.187904E7
3.8903296E7
4.3475968E7
4.253952E7
4.0006144E7
4.2560512E7
3.7154304E7
3.465728E7
3.4688512E7
2.7559424E7
2.9126656E7
2.8742656E7
2.0992512E7
2.843392E7
2.646016E7
3.4756096E7
4.4639744E7
4.0556544E7
2.5698816E7
3.263488E7
4.0392704E7
3.832064E7
3.2115712E7
3.0744576E7
3.154944E7
3.00928E7
3.6381184E7
3.7211648E7
3.9614976E7
4.4875264E7
4.6688256E7
4.8705024E7
5.152512E7
4.1831936E7
3.7925888E7
3.1297536E7
3.4494976E7
4.2939904E7
3.4021888E7
3.9302144E7
4.7967232E7
3.0319616E7
1.9113984E7
1.3968384E7
3.4774528E7
5.3571072E7
4.4928512E7
3.2016384E7
3.3766912E7
3.227904E7
3.0998528E7
4.0867328E7
4.2045952E7
4.1250816E7
4.5799424E7
5.2851712E7
4.8433664E7
4.6137344E7
4.3863552E7
5.4111744E7
5.4291456E7
3.9857664E7
3.2925696E7
3.5599872E7
4.767744E7
4.2013184E7
4.7457792E7
4.9745408E7
4.3439104E7
3.0735872E7
3.6051456E7
4.5769216E7
4.8452608E7
2.9848064E7
2.994176E7
3.3153024E7
4.1890816E7
4.4009472E7
4.3858432E7
3.8229504E7
3.6668416E7
3.4118144E7
4.2990592E7
4.2816E7
3.4109952E7
4.1433088E7
3.9181824E7
4.1809408E7
4.4872704E7
4.9067008E7
5.2043776E7
5.6825344E7
4.4056576E7
4.7346176E7
4.9174528E7
5.9203072E7
5.7171968E7
5.3669376E7
5.7785344E7
5.9130368E7
5.306368E7
5.967616E7
5.6698368E7
5.1917824E7
5.6051712E7
5.1677184E7
4.0423424E7
3.9781376E7
4.1874432E7
4.7650816E7
5.5627776E7
4.4894208E7
4.36224E7
4.7973888E7
3.4930176E7
3.6783104E7
3.8591488E7
4.4031488E7
5.2863488E7
5.3520384E7
5.3434368E7
4.6018048E7
4.5347328E7
5.0898432E7
5.6001024E7
5.4465536E7
4.7973888E7
4.5701632E7
4.817664E7
6.2921728E7
6.6070016E7
4.8861696E7
4.8069632E7
4.5816832E7
4.270336E7
4.8640512E7
5.3732352E7
5.326848E7
5.45408E7
4.590336E7
5.3197824E7
5.8683392E7
6.3283712E7
5.9873792E7
4.3794944E7
3.865856E7
5.2910592E7
5.8514944E7
5.861888E7
5.5824384E7
4.7069696E7
5.005312E7
5.7201664E7
4.9489408E7
3.1682048E7
3.5231232E7
3.2654336E7
3.6599808E7
4.5697024E7
4.7613952E7
5.179904E7
5.1825664E7
4.3954688E7
4.4169728E7
4.303104E7
5.0870784E7
6.5606656E7
6.3394304E7
4.548096E7
4.070656E7
4.7718912E7
5.256704E7
4.8973312E7
4.977152E7
5.7104384E7
6.0517888E7
5.10976E7
5.3856768E7
4.5626368E7
4.3459584E7
6.1922304E7
6.1160448E7
5.2113408E7
4.3849216E7
5.286144E7
5.6933376E7
5.9229184E7
5.241088E7
3.6164096E7
4.4307968E7
4.1652736E7
5.8043904E7
5.2663296E7
5.750272E7
6.4352256E7
5.347072E7
5.0166784E7
3.87712E7
4.7556608E7
5.369856E7
5.5387136E7
5.4237184E7
6.0008448E7
5.7234944E7
5.5596032E7
4.4748288E7
5.099264E7
6.0236288E7
5.0053632E7
5.1593728E7
5.4304768E7
5.0644992E7
4.2462208E7
6.1797888E7
6.6763264E7
4.423424E7
3.9053312E7
5.5869952E7
5.8363904E7
4.4557824E7
4.499712E7
4.9319424E7
5.54112E7
5.3371904E7
5.5048704E7
5.2739072E7
5.7780736E7
6.4288256E7
6.4165888E7
6.4544256E7
6.3551488E7
6.4216576E7
7.0923776E7
5.9845632E7
5.324032E7
6.9801472E7
6.1184512E7
6.2931968E7
7.0213632E7
6.8260864E7
5.4032384E7
5.325824E7
4.894976E7
5.7972224E7
6.1499392E7
6.7866624E7
6.4927744E7
6.7595264E7
6.386432E7
5.8778112E7
5.4410752E7
6.2770176E7
6.50112E7
5.153024E7
4.5432832E7
4.6312448E7
4.2097664E7
5.7404928E7
6.5439232E7
5.174272E7
5.2634624E7
5.2023808E7
5.0374656E7
5.426688E7
6.4607744E7
7.2064512E7
5.878016E7
5.4637568E7
6.8943872E7
6.4720384E7
5.9196928E7
6.001408E7
5.94176E7
6.9290496E7
5.653248E7
6.829824E7
7.112704E7
6.2756864E7
6.6485248E7
6.5895936E7
6.2405632E7
7.0053888E7
7.4609152E7
7.293696E7
7.171584E7
6.5181184E7
7.2576512E7
7.2254976E7
7.0244352E7
6.9027328E7
6.8100608E7
7.621888E7
7.7607936E7
8.6025216E7
6.513152E7
5.6687616E7
5.884928E7
7.0865408E7
6.8368896E7
6.9803008E7
6.336E7
6.8985344E7
6.4737792E7
5.6885248E7
5.8164224E7
5.007872E7
5.5663104E7
6.5025536E7
6.8939776E7
7.296E7
7.1203328E7
7.4138624E7
8.555776E7
9.4450688E7
7.8436864E7
8.299264E7
7.5497984E7
6.7252736E7
7.7976064E7
6.634496E7
7.071488E7
7.4811904E7
6.78144E7
6.1627904E7
6.7916288E7
5.7507328E7
5.795584E7
6.8471296E7
7.6346368E7
7.481344E7
8.1803264E7
7.608576E7
7.9861248E7
6.818304E7
6.3682048E7
6.8717568E7
6.8461568E7
7.5756544E7
9.347328E7
8.9136128E7
7.7092864E7
6.724096E7
7.1749632E7
7.392768E7
6.4871936E7
7.7984256E7
6.477056E7
6.6259456E7
7.6320256E7
7.448576E7
7.7055488E7
7.798784E7
6.9203968E7
6.604288E7
6.7900416E7
6.5327104E7
6.3600128E7
5.806848E7
7.4179584E7
8.6249472E7
8.6184448E7
9.197312E7
8.5176832E7
7.8083584E7
7.2293888E7
7.110912E7
6.874624E7
7.2383488E7
7.9007232E7
6.687232E7
7.9778304E7
9.3174784E7
8.4907008E7
8.4348416E7
7.7679104E7
7.4631168E7
8.3634176E7
8.672E7
8.7490048E7
8.0912896E7
7.7697024E7
9.089024E7
8.1019392E7
8.4950528E7
8.174848E7
8.6872064E7
8.7382016E7
8.407552E7
8.3785216E7
8.5415424E7
7.5047936E7
7.0112256E7
8.3417088E7
8.7633408E7
9.2091392E7
9.3754368E7
8.2637312E7
9.0633216E7
9.5064576E7
9.829632E7
9.4632448E7
9.745664E7
9.2506624E7
9.6088576E7
9.8500608E7
1.0105344E8
9.0772992E7
8.4953088E7
9.5616E7
9.6740864E7
9.1331584E7
9.2322304E7
9.8328576E7
9.0996224E7
9.0546176E7
8.7110656E7
9.3067776E7
7.8977536E7
8.7800832E7
1.01078528E8
9.8556416E7
9.366272E7
8.363776E7
8.6375424E7
9.8487296E7
9.4279168E7
8.8881152E7
9.3739008E7
9.5079936E7
8.462592E7
7.9508992E7
8.97408E7
8.919808E7
8.6908416E7
9.3273088E7
8.2032128E7
8.722944E7
8.6413824E7
1.00190208E8
1.1157248E8
1.0519296E8
9.6681472E7
8.87168E7
9.544704E7
8.9516032E7
8.892416E7
8.4412928E7
8.621824E7
8.07296E7
8.2329088E7
1.001344E8
1.10715904E8
9.5526912E7
9.389568E7
1.00919808E8
1.02575616E8
9.5270912E7
1.02051328E8
1.17630976E8
1.07067904E8
1.00074496E8
9.755392E7
1.0380544E8
9.98144E7
1.0572544E8
1.07286528E8
1.11239168E8
1.01000704E8
1.04323072E8
9.51296E7
9.8834944E7
1.04416768E8
1.12096256E8
1.15324928E8
1.168512E8
1.1792128E8
1.14894336E8
1.05296896E8
9.6230912E7
1.02966784E8
1.12641536E8
1.0989312E8
1.22636288E8
1.2113152E8
1.13284608E8
1.05621504E8
9.904384E7
1.04426496E8
1.1525888E8
1.21871872E8
1.23698688E8
1.24603392E8
1.31825664E8
1.2716544E8
1.25116928E8
1.16127232E8
1.2104704E8
1.1479808E8
1.16560384E8
1.09582848E8
9.8320384E7
1.03740928E8
1.07288064E8
1.14215936E8
1.05829888E8
1.0983936E8
1.2584448E8
1.22594816E8
1.32530688E8
1.28232448E8
1.28144896E8
1.2074752E8
1.13694208E8
1.21202176E8
1.21242112E8
1.24038656E8
1.16980224E8
1.11844352E8
1.16949504E8
1.199744E8
1.13575424E8
1.12870912E8
1.22721792E8
1.27523328E8
1.27862272E8
1.27283712E8
1.21378304E8
1.2239616E8
1.23252736E8
1.26818816E8
1.23611136E8
1.19141376E8
1.13380864E8
1.26100992E8
1.3340416E8
1.30868736E8
1.2797952E8
1.27613952E8
1.35431168E8
1.31904512E8
1.31034112E8
1.33485568E8
1.30242048E8
1.37670144E8
1.29299968E8
1.3134848E8
1.30981888E8
1.27947776E8
1.35647744E8
1.32432384E8
1.36305664E8
1.37849856E8
1.32018176E8
1.3202944E8
1.3705216E8
1.30481664E8
1.3327616E8
1.40087808E8
1.35739904E8
1.3101056E8
1.38069504E8
1.406592E8
1.36461824E8
1.41078528E8
1.37196544E8
1.2745472E8
1.27719424E8
1.1246848E8
1.22701824E8
1.31410944E8
1.28905728E8
1.41587456E8
1.41110272E8
1.36623104E8
1.35422464E8
1.33457408E8
1.31133952E8
1.38780672E8
1.41879296E8
1.49520896E8
1.53424896E8
1.48506624E8
1.49054976E8
1.44182784E8
1.45170432E8
1.47326976E8
1.36452096E8
1.37186816E8
1.37574912E8
1.43062528E8
1.48242432E8
1.43076352E8
1.43529984E8
1.49518336E8
1.61878016E8
1.56857344E8
1.53844224E8
1.5134208E8
1.45738752E8
1.44662016E8
1.55654144E8
1.570944E8
1.54644992E8
1.46417152E8
1.40911104E8
1.58757376E8
1.56283392E8
1.55094016E8
1.53428992E8
1.45691648E8
1.51919616E8
1.5709952E8
1.47298304E8
1.4928896E8
1.47796992E8
1.46791424E8
1.47082752E8
1.49423104E8
1.58510592E8
1.47985408E8
1.51432704E8
1.53339904E8
1.55318272E8
1.67806976E8
1.76595968E8
1.75281664E8
1.57310976E8
1.6224E8
1.62201088E8
1.61028608E8
1.76172544E8
1.86374656E8
1.78958848E8
1.712E8
1.65375488E8
1.51399424E8
1.65239296E8
1.68502272E8
1.62653184E8
1.74696448E8
1.61913344E8
1.51992832E8
1.47382784E8
1.513728E8
1.63413504E8
1.71568128E8
1.71347968E8
1.61928704E8
1.80914176E8
1.7633792E8
1.75184384E8
1.85050112E8
1.86407424E8
1.73837312E8
1.75453696E8
1.76186368E8
1.88047872E8
1.78909184E8
1.77015808E8
1.73800448E8
1.79310592E8
1.68956928E8
1.74892544E8
1.70432512E8
1.65065216E8
1.77762304E8
1.80228096E8
1.776384E8
1.8011392E8
1.92970752E8
1.7962752E8
1.7983232E8
1.87757568E8
1.93659904E8
1.83133184E8
1.69184256E8
1.74381056E8
1.86523136E8
1.88241408E8
1.86187776E8
1.950848E8
1.95666944E8
2.00730624E8
1.97803008E8
1.88881408E8
1.95278848E8
1.99857664E8
1.96174848E8
1.97920768E8
1.94573824E8
1.92111104E8
1.86226176E8
1.9111936E8
1.95710976E8
2.00753664E8
1.95969024E8
1.93484288E8
1.98630912E8
2.03683328E8
1.9075584E8
1.95691008E8
1.97316608E8
2.1154304E8
2.10376192E8
2.03867648E8
2.10589696E8
2.12216832E8
2.0115968E8
1.89648896E8
1.92080384E8
1.99574016E8
2.03170816E8
1.92165888E8
1.87732992E8
1.85472512E8
1.8692608E8
1.95186688E8
2.08779776E8
2.1051648E8
1.99530496E8
2.03908096E8
2.13392896E8
2.13502976E8
2.0285952E8
2.04835328E8
2.07271424E8
2.02440192E8
1.984768E8
1.9873536E8
2.03720192E8
2.05726208E8
2.10907648E8
2.24977408E8
2.10862592E8
2.01590784E8
2.01697792E8
2.09119744E8
2.2099968E8
2.18605056E8
2.21021184E8
2.20045312E8
2.24776704E8
2.23835648E8
2.17078784E8
2.23031808E8
2.30370304E8
2.32054272E8
2.31924736E8
2.3161856E8
2.16675328E8
2.195712E8
2.19726848E8
2.11716608E8
2.0721152E8
2.06744576E8
2.1060096E8
2.03571712E8
2.03477504E8
2.1049344E8
2.13715968E8
2.18021376E8
2.24693248E8
2.21436928E8
2.185728E8
2.25806848E8
2.22257664E8
2.31916544E8
2.4381696E8
2.36163072E8
2.3926528E8
2.4214528E8
2.4810496E8
2.35439104E8
2.2931968E8
2.31863808E8
2.31362048E8
2.38921728E8
2.44260864E8
2.29774336E8
2.31862784E8
2.31918592E8
2.26750464E8
2.35606528E8
2.43154432E8
2.23919616E8
2.04973568E8
2.16265728E8
2.22221824E8
2.27808256E8
2.2012672E8
2.1585152E8
2.24355328E8
2.35827712E8
2.42792448E8
2.4258816E8
2.3887872E8
2.33787392E8
2.19890176E8
2.18780672E8
2.2898944E8
2.3259648E8
2.32940032E8
2.28850688E8
2.27295744E8
2.34668544E8
2.33261056E8
2.20125696E8
2.08175104E8
2.23452672E8
2.28791808E8
2.26484224E8
2.34973184E8
2.50729472E8
2.50681856E8
2.48764928E8
2.33318912E8
2.35516928E8
2.3950592E8
2.30677504E8
2.45933056E8
2.5692672E8
2.56034304E8
2.44599296E8
2.47259136E8
2.5604864E8
2.57501184E8
2.42574336E8
2.46073344E8
2.48085504E8
2.45181952E8
2.44255744E8
2.45062144E8
2.361472E8
2.40393216E8
2.42659328E8
2.48008704E8
2.51997696E8
2.38749696E8
2.36466688E8
2.46160384E8
2.43407872E8
2.38002176E8
2.5403392E8
2.50870272E8
2.38362112E8
2.46606336E8
2.58622976E8
2.48430592E8
2.44569088E8
2.5396224E8
2.564352E8
2.58894336E8
2.55837184E8
2.52025344E8
2.46925312E8
2.43915776E8
2.39374848E8
2.48698368E8
2.49288704E8
2.42281472E8
2.38260224E8
2.39837184E8
2.42645504E8
2.4635136E8
2.51067392E8
2.47494144E8
2.43153408E8
2.49949696E8
2.61413888E8
2.4854528E8
2.51868672E8
2.42084864E8
2.34728448E8
2.43929088E8
2.54772224E8
2.547456E8
2.53078528E8
2.51983872E8
2.3928576E8
2.23934976E8
2.24235008E8
2.38735872E8
2.57814016E8
2.55356928E8
2.54933504E8
2.38560256E8
2.43703296E8
2.52282368E8
2.5135872E8
2.505728E8
2.42223104E8
2.44349952E8
2.57138176E8
2.53377024E8
2.53341696E8
2.5357568E8
2.51091968E8
2.42473984E8
2.44376064E8
2.41700864E8
2.41202176E8
2.37334528E8
2.35553792E8
2.4232192E8
2.5682432E8
2.44760064E8
2.34970112E8
2.421632E8
2.37803008E8
2.38195712E8
2.44773376E8
2.43717632E8
2.51977728E8
2.26582016E8
2.24776704E8
2.3527424E8
2.42298368E8
2.32328704E8
2.32309248E8
2.3913472E8
2.40243712E8
2.42473472E8
2.43303424E8
2.37425152E8
2.3565568E8
2.44491264E8
2.36548096E8
2.2586624E8
2.2726144E8
2.30286848E8
2.31712768E8
2.37685248E8
2.4502272E8
2.39775232E8
2.31496192E8
2.42176512E8
2.43311104E8
2.36780544E8
2.3016704E8
2.40470016E8
2.39929344E8
2.30671872E8
2.1763072E8
2.09112576E8
2.15036928E8
2.1043712E8
2.24121856E8
2.33143296E8
2.33261056E8
2.34174464E8
2.3331328E8
2.36946432E8
2.27441152E8
2.18840064E8
2.14423552E8
2.21046784E8
2.197376E8
2.20816896E8
2.19898368E8
2.24759808E8
2.22723584E8
2.15913472E8
2.08894464E8
2.07330304E8
2.15357952E8
2.31015424E8
2.29231616E8
2.29307904E8
2.24851968E8
2.2370304E8
2.24989696E8
2.22413312E8
2.23750656E8
2.2966272E8
2.3090944E8
2.3171584E8
2.33970176E8
2.30749184E8
2.24805376E8
2.18701312E8
2.29067264E8
2.21748736E8
2.24239616E8
2.12197888E8
2.10411008E8
2.11723264E8
2.1391104E8
2.14388224E8
2.143232E8
2.22157824E8
2.18365952E8
2.17301504E8
2.29180928E8
2.19339264E8
1.92669696E8
2.01409536E8
2.1110272E8
2.16669184E8
2.220544E8
2.12481536E8
2.00336384E8
2.02781184E8
2.0182272E8
1.97156352E8
1.97865984E8
2.04451328E8
2.07872512E8
1.99912448E8
1.88683776E8
1.79760128E8
1.9247872E8
1.90838272E8
1.96010496E8
2.0336128E8
2.03237888E8
2.07338496E8
1.9922688E8
1.8629888E8
1.99722496E8
2.08125952E8
1.99603712E8
2.02899968E8
1.94641408E8
1.97560832E8
1.96312576E8
1.9522816E8
2.01199616E8
2.07440896E8
2.12996096E8
2.01102848E8
1.9806976E8
1.9128832E8
1.83793664E8
1.71627008E8
1.77611776E8
1.90270976E8
1.9491584E8
1.95011072E8
1.86291712E8
1.82952448E8
1.88625408E8
1.96228608E8
1.8906624E8
1.85624064E8
1.91305216E8
1.9043584E8
1.82618624E8
1.91856128E8
1.88983296E8
1.89123072E8
1.8809856E8
1.8865152E8
1.84935424E8
1.8683904E8
1.85752064E8
1.82183424E8
1.784064E8
1.79314176E8
1.77363456E8
1.7747968E8
1.75640576E8
1.73007872E8
1.66263296E8
1.70029568E8
1.67174144E8
1.67595008E8
1.77816576E8
1.76390656E8
1.62276352E8
1.57105664E8
1.67838208E8
1.72984832E8
1.71451904E8
1.65891584E8
1.7238016E8
1.76635392E8
1.8470144E8
1.91421952E8
1.84232448E8
1.83967232E8
1.8267904E8
1.77516032E8
1.71612672E8
1.700096E8
1.72456448E8
1.74852096E8
1.7205248E8
1.7755904E8
1.82066176E8
1.75383552E8
1.71572224E8
1.7648128E8
1.72122112E8
1.76600576E8
1.8148864E8
1.75570944E8
1.67176704E8
1.61070592E8
1.73344256E8
1.71584512E8
1.74511104E8
1.6673792E8
1.70852864E8
1.70886656E8
1.70927104E8
1.718144E8
1.66836736E8
1.62311168E8
1.55690496E8
1.66089216E8
1.74147072E8
1.7036032E8
1.66907904E8
1.61619968E8
1.70683392E8
1.61783296E8
1.53458176E8
1.52216576E8
1.64408832E8
1.59225344E8
1.5908096E8
1.55941888E8
1.61158656E8
1.68278016E8
1.6064256E8
1.58219776E8
1.59335936E8
1.62521088E8
1.5423744E8
1.54059776E8
1.51922176E8
1.564288E8
1.66560768E8
1.54310144E8
1.58834688E8
1.58329856E8
1.52470016E8
1.60487936E8
1.56191744E8
1.54277376E8
1.556864E8
1.56187136E8
1.48352E8
1.37863168E8
1.38556416E8
1.40955136E8
1.5028224E8
1.51259648E8
1.51376384E8
1.54807296E8
1.51399424E8
1.35248896E8
1.50594048E8
1.60661504E8
1.56603904E8
1.36845824E8
1.28961024E8
1.3404928E8
1.38735616E8
1.3627904E8
1.415296E8
1.41335552E8
1.43350272E8
1.42462976E8
1.44893952E8
1.46646016E8
1.37675264E8
1.38022912E8
1.4004224E8
1.42239744E8
1.4461696E8
1.27382016E8
1.35063552E8
1.41874176E8
1.390848E8
1.3962496E8
1.29748992E8
1.30153472E8
1.28336384E8
1.32404224E8
1.24557312E8
1.23405824E8
1.257984E8
1.33003776E8
1.46411008E8
1.3894656E8
1.36014336E8
1.44359936E8
1.32417024E8
1.30921472E8
1.2550144E8
1.357952E8
1.3009408E8
1.2568832E8
1.34548992E8
1.37952768E8
1.3592576E8
1.33801984E8
1.3608704E8
1.33797888E8
1.2119552E8
1.30929664E8
1.32096E8
1.18114304E8
1.12608768E8
1.08720128E8
1.2638464E8
1.28017408E8
1.28919552E8
1.31807744E8
1.27685632E8
1.29259008E8
1.23701248E8
1.23517952E8
1.29685504E8
1.29127936E8
1.37677312E8
1.31433984E8
1.29039872E8
1.21896448E8
1.28109056E8
1.20832E8
1.22310144E8
1.21831424E8
1.28289792E8
1.2971264E8
1.23729408E8
1.10932992E8
1.0767616E8
1.1329536E8
1.30000384E8
1.34313472E8
1.21902592E8
1.31031552E8
1.31459072E8
1.36077312E8
1.39248128E8
1.3726208E8
1.19352832E8
1.18043136E8
1.24704256E8
1.2962304E8
1.170432E8
1.25518336E8
1.30300416E8
1.29252352E8
1.2675584E8
1.26423552E8
1.23397632E8
1.24665856E8
1.18946304E8
1.15812864E8
1.18501376E8
1.2408576E8
1.23115008E8
1.20008704E8
1.20015872E8
1.24289536E8
1.1368704E8
1.13938944E8
1.10339072E8
9.7470464E7
1.02199808E8
1.12418816E8
1.1286784E8
1.20612864E8
1.24603392E8
1.25743616E8
1.23198464E8
1.1600128E8
1.14041344E8
1.13046528E8
1.10560768E8
1.07634688E8
1.12798208E8
1.18036992E8
1.2818944E8
1.25080576E8
1.147392E8
1.10688768E8
1.1904768E8
1.24580352E8
1.24193792E8
1.23151872E8
1.2441344E8
1.19952896E8
1.19410176E8
1.13834496E8
1.12486912E8
1.0544896E8
1.05444352E8
1.14830336E8
1.17224448E8
1.07739648E8
9.9395072E7
9.7695744E7
1.04608256E8
9.9561984E7
1.01505024E8
1.09571072E8
1.07897856E8
1.11011328E8
1.1227392E8
1.12409088E8
1.12028672E8
1.05528832E8
1.0972928E8
1.03832064E8
1.1727616E8
1.11544832E8
1.04977408E8
9.9763712E7
1.0956288E8
1.1485184E8
1.18963712E8
1.18211584E8
1.09918208E8
1.03405056E8
1.06471936E8
1.0780672E8
1.08729856E8
1.14984448E8
1.1597824E8
1.10528E8
1.07175936E8
1.02359552E8
9.9666944E7
9.3659136E7
8.9299968E7
1.0174464E8
1.04398336E8
1.00471296E8
9.2973056E7
9.4440448E7
9.1689472E7
8.3593728E7
8.8487424E7
9.9252224E7
9.9229184E7
9.0295808E7
8.8972288E7
9.1463168E7
8.2164224E7
8.5302272E7
9.4361088E7
9.734912E7
9.4809088E7
1.00412416E8
9.3805568E7
1.0313984E8
1.00310528E8
9.9247104E7
1.076224E8
1.04803328E8
1.02693376E8
1.05362432E8
9.3450752E7
9.5169024E7
9.4434304E7
9.8735104E7
1.0460416E8
8.8316416E7
9.0340352E7
9.2668928E7
7.3693184E7
7.7425152E7
6.8939776E7
7.59936E7
8.9949696E7
9.7375232E7
8.6900224E7
8.5034496E7
8.4393472E7
8.4350464E7
8.6324736E7
8.6936576E7
1.0142976E8
1.0512384E8
9.7691648E7
1.0272512E8
1.11829504E8
1.02099456E8
9.6656384E7
9.714688E7
9.1685888E7
8.9003008E7
9.2282368E7
1.003904E8
8.790528E7
8.8803328E7
1.01768704E8
9.9894272E7
9.6945664E7
8.9880064E7
8.1385984E7
8.5892608E7
8.8940032E7
9.0294784E7
9.29408E7
9.6876032E7
8.7474688E7
8.3235328E7
9.3374976E7
8.9928192E7
8.9659904E7
9.124352E7
9.1022336E7
8.8704E7
8.1005568E7
7.037184E7
6.70976E7
6.8256256E7
6.7832832E7
7.8315008E7
7.735296E7
7.9220736E7
7.4823168E7
7.980032E7
8.2181632E7
7.511808E7
8.0999936E7
8.5595136E7
9.4976512E7
9.3129216E7
8.1578496E7
7.9698944E7
8.9163776E7
8.4371456E7
8.436736E7
8.7481856E7
8.9293824E7
8.9469952E7
8.5545984E7
7.9409664E7
7.6302336E7
8.2070016E7
8.5229056E7
8.4997632E7
8.3219456E7
9.3042688E7
9.6164352E7
9.49376E7
8.4602368E7
7.4154496E7
5.9036672E7
5.4579712E7
6.9832704E7
6.5397248E7
7.8436352E7
8.1936896E7
7.9866368E7
8.40832E7
9.1274752E7
8.1074176E7
6.5596416E7
6.6948096E7
6.8544E7
7.1324672E7
7.139072E7
6.0749824E7
5.5529472E7
6.0263936E7
7.1852544E7
7.6202496E7
8.7483904E7
7.7097984E7
8.187136E7
8.6069248E7
7.7950976E7
8.6511616E7
8.4325888E7
8.6608384E7
6.9666304E7
7.2456704E7
7.7676544E7
8.0959488E7
7.9464448E7
7.7624832E7
8.6296064E7
8.798464E7
7.6490752E7
6.8580352E7
6.05056E7
5.7381888E7
5.916672E7
5.2419072E7
5.584896E7
7.2439808E7
6.9517824E7
5.9885568E7
5.8812928E7
5.6533504E7
5.4326784E7
5.9666432E7
6.5624576E7
7.1711232E7
6.7566592E7
6.3428096E7
7.3533952E7
8.7611392E7
8.6491136E7
7.8189568E7
7.067136E7
5.626624E7
5.135104E7
6.4183808E7
6.4694784E7
6.7273216E7
6.4937984E7
6.3297024E7
6.6919936E7
7.3137152E7
6.7264E7
6.3257088E7
5.1680256E7
5.0138624E7
6.2258176E7
7.0237696E7
7.535616E7
7.0111232E7
6.9426688E7
6.6770944E7
6.5243136E7
7.399936E7
7.7680128E7
7.3808896E7
8.4303872E7
7.766784E7
6.260992E7
6.03264E7
5.9041792E7
7.5197952E7
8.5521408E7
7.5191296E7
6.6848256E7
7.490816E7
7.3545216E7
6.5688064E7
6.331136E7
5.8323968E7
5.1017728E7
6.976E7
6.9618688E7
5.5095808E7
5.9044352E7
6.6896896E7
6.1276672E7
4.7325184E7
5.0148864E7
5.1598848E7
5.4632448E7
5.8673664E7
4.8627712E7
5.6839168E7
7.5219968E7
6.4804352E7
5.5652864E7
5.5823872E7
5.8761728E7
6.5504256E7
6.2211584E7
7.6466176E7
5.7778688E7
5.1967488E7
5.5806976E7
6.2604288E7
6.0473856E7
5.8136576E7
5.4504448E7
6.41536E7
5.7199616E7
5.4020096E7
5.8883584E7
5.7110528E7
4.767232E7
4.4866048E7
5.0281472E7
6.316544E7
7.207936E7
6.0849152E7
4.870144E7
5.80096E7
5.8305024E7
5.6641024E7
4.4990976E7
4.6128128E7
4.2023424E7
6.513152E7
6.7483136E7
4.8367104E7
4.9545728E7
5.5599616E7
6.3574528E7
6.4062976E7
5.099264E7
5.6077824E7
7.1055872E7
6.9607936E7
6.502144E7
7.4011136E7
7.7376E7
7.3326592E7
7.1205376E7
6.7141632E7
6.3190016E7
6.8276736E7
6.8676608E7
6.2866944E7
6.3314432E7
4.361984E7
3.6202496E7
3.9672832E7
5.4194176E7
5.6530432E7
4.8631296E7
4.9798144E7
5.587456E7
5.6214016E7
5.0907648E7
5.4166016E7
5.3684736E7
5.109248E7
4.9682944E7
5.9782656E7
6.8088832E7
6.4466432E7
5.5973376E7
5.4593024E7
5.6848896E7
6.9024256E7
6.8237312E7
7.2631296E7
7.3744384E7
6.0646912E7
5.0285056E7
4.9809408E7
4.9304064E7
5.3628416E7
6.0007424E7
6.2087168E7
6.0953088E7
5.6131584E7
4.5794816E7
5.4142976E7
5.5808E7
5.5010816E7
5.780736E7
5.8400768E7
7.3519104E7
5.8733568E7
6.070016E7
6.1851648E7
5.2139008E7
5.0661888E7
4.5615616E7
4.5617152E7
4.6629376E7
5.260544E7
5.0878976E7
4.731136E7
5.0456064E7
5.1387904E7
5.6546816E7
5.3825024E7
5.7848832E7
5.2547584E7
5.2514304E7
4.4829184E7
4.9838592E7
5.6287232E7
5.374208E7
5.9581952E7
5.9825152E7
6.5827328E7
6.4953856E7
6.243328E7
5.296128E7
5.6549888E7
6.55872E7
5.7088E7
6.0404736E7
6.1133824E7
5.0778112E7
5.2708864E7
6.4007168E7
6.15808E7
6.2034432E7
5.9683328E7
5.61536E7
5.2224E7
3.5309056E7
3.4217472E7
2.980864E7
2.6610688E7
3.2188416E7
3.9979008E7
3.6525568E7
3.8473728E7
4.9934848E7
4.1936896E7
4.6408704E7
3.5709952E7
3.5288576E7
5.1030528E7
5.8649088E7
6.3757312E7
5.6025088E7
4.8375296E7
4.7351296E7
4.29824E7
4.5676544E7
5.5619072E7
5.2796416E7
5.40416E7
5.5359488E7
5.5710208E7
4.4202496E7
4.3536384E7
3.8089216E7
3.2935936E7
5.1250176E7
6.128896E7
4.841728E7
3.5734016E7
3.9017472E7
4.0850944E7
5.0312192E7
4.175616E7
3.7758464E7
5.521664E7
4.5963264E7
4.4587008E7
4.5699072E7
4.4235776E7
4.16E7
5.1736064E7
4.370432E7
4.5896192E7
4.57088E7
4.3093504E7
5.4096384E7
5.2855296E7
5.28512E7
4.8486912E7
4.1891328E7
3.0245888E7
3.7097472E7
4.119552E7
3.9760384E7
3.4096128E7
3.1535616E7
3.8797312E7
4.4953088E7
5.6189952E7
5.6645632E7
5.3077504E7
4.4499456E7
3.3233408E7
4.1118208E7
4.7082496E7
5.4761984E7
3.7947392E7
4.1040896E7
5.2716544E7
5.657088E7
5.0142208E7
4.3732992E7
5.8054144E7
5.121792E7
4.422656E7
5.5409152E7
5.3900288E7
4.2480128E7
2.9256704E7
2.5172992E7
3.7244928E7
3.9363584E7
3.4944E7
4.0771072E7
4.4465664E7
4.0664064E7
3.6012032E7
3.3308672E7
3.3936896E7
4.6625792E7
5.2792832E7
4.5131264E7
2.6011136E7
3.26784E7
3.307264E7
4.0905728E7
4.3720704E7
5.4116352E7
4.6298112E7
4.1750016E7
4.8544768E7
5.5525376E7
4.4043264E7
4.5893632E7
3.8065664E7
4.1209856E7
3.80288E7
4.372224E7
4.4243968E7
4.5473792E7
3.7439488E7
2.962688E7
3.3891328E7
4.4048384E7
4.6575616E7
4.9938944E7
4.9248256E7
4.7144448E7
4.3693568E7
3.4809856E7
3.156224E7
3.1996416E7
2.7169792E7
2.8240896E7
3.0692352E7
3.4176E7
4.1811456E7
4.0809472E7
3.5668992E7
4.0016384E7
4.9337344E7
5.964032E7
5.3979648E7
4.1330176E7
4.1908224E7
5.319168E7
4.6398464E7
4.3351552E7
4.0108544E7
4.4182016E7
4.7630336E7
3.6601344E7
3.6134912E7
3.8185472E7
3.0638592E7
3.967488E7
3.92704E7
3.95136E7
2.5966592E7
2.3693824E7
3.8224384E7
4.8032768E7
4.13184E7
3.8075392E7
3.2257024E7
1.4931456E7
3.0563328E7
2.781696E7
3.4325504E7
1.9555328E7
2.0440576E7
1.4258176E7
2.1130752E7
2.7086848E7
4.5599744E7
3.9662592E7
2.9752832E7
3.3000448E7
3.8874624E7
4.2235392E7
4.39296E7
3.6433408E7
4.3278336E7
5.3808128E7
4.3394048E7
3.9798784E7
4.604928E7
5.1495424E7
4.2866176E7
3.630592E7
3.1422976E7
2.368256E7
3.3080832E7
4.1674752E7
3.6689408E7
3.1168512E7
3.4485248E7
4.7427584E7
3.857152E7
4.2250752E7
4.45952E7
3.7803008E7
5.2012544E7
4.2725888E7
2.6754048E7
3.0833152E7
3.2840192E7
4.5104128E7
3.8905856E7
2.7333632E7
2.514688E7
2.8747264E7
3.1394816E7
3.5293184E7
3.8590976E7
3.2537088E7
3.9927808E7
3.8353408E7
4.4452864E7
4.2754048E7
3.051264E7
3.067648E7
3.5643904E7
3.1993856E7
3.8014976E7
4.03584E7
3.9197696E7
3.7082624E7
3.5293184E7
3.295744E7
3.276544E7
3.373312E7
3.5922432E7
4.375808E7
4.7657472E7
4.8581632E7
3.9800832E7
3.033344E7
2.2068224E7
3.219712E7
5.0184704E7
5.1284992E7
3.8430208E7
4.7614976E7
4.4460544E7
3.5610112E7
3.5307008E7
3.9956992E7
2.7777536E7
1.8172416E7
3.4305536E7
3.8826496E7
2.6382336E7
4.1136128E7
5.513216E7
5.5410176E7
4.4957696E7
3.6068864E7
2.8890624E7
3.0672384E7
2.5967616E7
1.453056E7
1.883136E7
2.8833792E7
3.7966336E7
3.7088768E7
3.1940096E7
3.305984E7
2.954752E7
2.9149184E7
3.8920192E7
3.0945792E7
2.6108928E7
2.4022016E7
3.6565504E7
3.2602112E7
3.5247104E7
4.6274048E7
3.4921984E7
1.9022336E7
3.025664E7
3.5780608E7
3.6569088E7
3.4842624E7
3.3540608E7
3.7142016E7
2.5447424E7
2.5773056E7
3.9501312E7
4.8557568E7
4.1210368E7
3.96928E7
3.7205504E7
2.5847808E7
2.2550016E7
2.9592576E7
2.423552E7
2.9656064E7
3.0746112E7
3.292672E7
3.6282368E7
3.0876672E7
3.5744768E7
4.6212608E7
3.7284352E7
3.1365632E7
2.7727872E7
3.3826816E7
4.2032128E7
4.933632E7
4.41728E7
3.1950848E7
3.869696E7
3.764736E7
3.437312E7
3.61344E7
2.2516736E7
2.468352E7
2.8980224E7
3.6517888E7
4.2205184E7
3.5378688E7
2.6404864E7
2.4803328E7
3.2175104E7
3.9934976E7
4.4473344E7
3.286784E7
2.9847552E7
3.5097088E7
4.09472E7
4.1616896E7
3.9058432E7
4.2452992E7
3.8858752E7
3.7984256E7
3.2388096E7
2.1997568E7
2.0850176E7
1.3725696E7
1.0219008E7
1.4547456E7
2.9189632E7
3.783424E7
3.8557696E7
3.0682112E7
3.0660096E7
2.488576E7
1.891072E7
2.9293056E7
2.6721792E7
2.3154688E7
2.4619008E7
4893184.0
1.2612096E7
2.416384E7
2.6558464E7
3.1679488E7
3.5645952E7
3.2997888E7
3.1099904E7
2.9745152E7
2.7162624E7
3.2909312E7
3.1428608E7
3.9798784E7
3.7193216E7
3.4268672E7
3.4059776E7
2.7541504E7
2.700288E7
3.378176E7
4.1107456E7
3.191296E7
3.308544E7
1.759744E7
1.3135872E7
1.2060672E7
2.1041664E7
2.6287104E7
2.22592E7
2.1784064E7
2.4978944E7
3.84256E7
2.7427328E7
2.026496E7
2.9133312E7
2.9324288E7
2.0481536E7
2.152192E7
2.0864E7
2.6587648E7
3.564032E7
4.2537472E7
3.2840192E7
3.0891008E7
3.0221824E7
3.0082048E7
2.8320256E7
1.8138624E7
1.5293952E7
1.9439104E7
2.2613504E7
3.3183232E7
2.8892672E7
2.7608576E7
2.4726528E7
2.0555776E7
1.8194432E7
1.1088896E7
2.4539648E7
2.88768E7
2.2424064E7
2.0304384E7
2.3873024E7
3.0976E7
3.3882112E7
3.0951936E7
1.7039872E7
1.2686848E7
2.1284352E7
3.0362112E7
3.0495744E7
3.1744E7
3.1087104E7
2.906624E7
1.7586688E7
1.8304512E7
2.3315968E7
2.8230144E7
3.3664E7
3.0292992E7
3.515392E7
3.531776E7
2.0590592E7
2.4199168E7
2.9046272E7
3.2541184E7
3.5794432E7
1.927936E7
1.8735104E7
1.82016E7
2.4308736E7
2.1882368E7
1.988864E7
2.1627904E7
2.5047552E7
1.9523584E7
1.9787776E7
1.5909888E7
1.8451968E7
1.5251456E7
2.031872E7
2.2288384E7
2.4960512E7
2.5556992E7
2.4491008E7
1.307904E7
1.5177728E7
1.8510848E7
2.3044608E7
2.4887296E7
2.2776832E7
3.0763008E7
2.48704E7
1.9626496E7
2.7113984E7
2.2333952E7
3.1469568E7
1.4192128E7
2.4108032E7
3.38304E7
3.630592E7
2.7066368E7
1.0812416E7
1.4007808E7
2.4891904E7
3.0667776E7
2.3687168E7
1.7086464E7
2.4146432E7
2.5256448E7
1.8563584E7
2.3955968E7
2.5645568E7
2.8174336E7
2.463232E7
2.86336E7
3.5795968E7
3.5838976E7
2.8929024E7
2.7085312E7
3.0308352E7
3.1269376E7
4.0140288E7
2.65216E7
1.4181888E7
9566208.0
5286400.0
1.6567296E7
1.7189376E7
1.8966016E7
1.2720128E7
1.9879424E7
2.802432E7
3.0131712E7
3.0838784E7
2.3076352E7
1.8594304E7
1.7708032E7
1.8951168E7
7870464.0
1.074688E7
4268544.0
5510144.0
1.7807872E7
3.0747648E7
3.2230912E7
2.6281472E7
2.630144E7
2.8040704E7
2.3699968E7
2.4704512E7
2.6613248E7
1.2732928E7
1.2150272E7
1.4107648E7
1.5490048E7
1.2521984E7
4792832.0
3929600.0
1.1769344E7
1.2181504E7
2.2716416E7
3.31136E7
2.6641408E7
1.2048896E7
8872960.0
2.1551104E7
3.1089664E7
1.4476288E7
1.3285888E7
2.1543424E7
2.5394688E7
2.1846528E7
2.264064E7
2.2994944E7
1.7057792E7
1.0381824E7
5371904.0
8931328.0
6559744.0
4583936.0
7198208.0
2.225664E7
2.546688E7
2.7658752E7
2.5554944E7
1.567232E7
8547840.0
8404480.0
1.0153984E7
1.0379264E7
1.273344E7
1.896704E7
2.0597248E7
2.6945536E7
2.58944E7
2.0505088E7
1.591552E7
1.5981056E7
2.366464E7
4310528.0
8728064.0
1.1169792E7
7657984.0
8394240.0
1.1245568E7
7523328.0
9191424.0
1.6920064E7
1.9464192E7
2.4019968E7
3.3699328E7
3.0825472E7
2.7401728E7
3.0413312E7
2.585344E7
2.8470784E7
2.1945856E7
1.4905344E7
2.0793344E7
1.6438272E7
3.1158784E7
2.983424E7
2.8184064E7
2.1548032E7
2.2960128E7
3.2208384E7
3.0617088E7
2.902784E7
2.625536E7
1.927936E7
1.7004032E7
1798656.0
3066880.0
5176832.0
7615488.0
1.3579264E7
1.544704E7
1.3479424E7
1.755904E7
2.1951488E7
2.4196096E7
2.2980096E7
1.2868096E7
1.0017792E7
1.0288128E7
2.1057024E7
2.5112064E7
3.3078784E7
2.833152E7
3.7878272E7
2.7597824E7
2.2285824E7
2.3325696E7
1.9945984E7
2.17728E7
2.9577216E7
2.8480512E7
1.7674752E7
6692864.0
1.0347008E7
2.1728768E7
2.1677056E7
1.8374144E7
1.7505792E7
1.6415744E7
1.4605312E7
1.706752E7
2.2862336E7
1.4832128E7
1.6158208E7
2.9308416E7
4.4793344E7
4.1688576E7
3.7008384E7
2.8461056E7
3.0320128E7
2.542848E7
1.9087872E7
1.7553408E7
9803776.0
1.1316736E7
3.2712704E7
2.5379328E7
1.5220736E7
1.2861952E7
1.9827712E7
1.0157568E7
2383872.0
5830144.0
-7262720.0
-1.301248E7
-6702592.0
6321664.0
1.2877312E7
1.8384896E7
2.0919808E7
2.6007552E7
2.4398336E7
1.7142784E7
2.9085184E7
3.003648E7
2.5693184E7
2.5486848E7
2.8257792E7
2.2564352E7
2.7669504E7
9754624.0
1.563648E7
1.8481152E7
1.182208E7
1.012224E7
1.147392E7
1.7524224E7
1.5516672E7
1.7945088E7
1.6621056E7
1.1782144E7
8614912.0
6395392.0
1.2150784E7
1.312512E7
1.7486336E7
1.5533568E7
2.9932032E7
2.241792E7
2.2147072E7
2.5644544E7
8547328.0
7786496.0
1.3093376E7
2.840576E7
3.340288E7
3.393024E7
2.4761856E7
1.945856E7
1.8976256E7
2.5135104E7
2.71744E7
3.0941184E7
3.4961408E7
3.0382592E7
2.2648832E7
2.777344E7
2.3766016E7
1.8598912E7
7352320.0
1.23392E7
2.363648E7
1.1460608E7
1.1280384E7
2.0729856E7
2.3279616E7
2.517248E7
1.8630656E7
2.0933632E7
2.0261888E7
1.0048E7
1.0068992E7
2.093312E7
2.8478464E7
1.9681792E7
2.28992E7
2.7087872E7
2.8121088E7
2.524672E7
1.74976E7
1.954816E7
2.6043392E7
2.732032E7
1.497344E7
5043200.0
2373120.0
1.7001984E7
2.9638656E7
3.5725824E7
2.7575808E7
2.4922624E7
2.3417344E7
1.8419712E7
1.9735552E7
1.9153408E7
1.8472448E7
2.0232704E7
1.234944E7
2.0749824E7
2.8099584E7
2.9327872E7
2.272512E7
2.3555072E7
1.8223616E7
2.621696E7
2.6040832E7
3.4675712E7
2.6228736E7
1.3882368E7
8545280.0
1.4480384E7
1.5532032E7
1.5574016E7
1.4988288E7
2.0734464E7
2.298368E7
2.8166144E7
2.4255488E7
2.5220608E7
2.727936E7
2.5283072E7
1.5025664E7
7129600.0
1.105152E7
1.2081664E7
9270784.0
1.0235392E7
7620096.0
1.3993472E7
1.874688E7
1.632512E7
1.3541376E7
1.8914304E7
2.339328E7
1.708544E7
2.5102848E7
3.1254016E7
1.4426624E7
1.5499776E7
1.900544E7
1.360128E7
1.6071168E7
2.2768128E7
1.721088E7
7905792.0
1.0051584E7
1.8876928E7
1.3382144E7
1.7690112E7
1.2276736E7
1.7107968E7
1.917696E7
1.6457216E7
1.0277888E7
2.3969792E7
3.1068672E7
2.5567744E7
2.6766848E7
1.3186048E7
1.1856896E7
5181440.0
-4584960.0
6844416.0
4932608.0
1.7120768E7
1.6861696E7
-411648.0
-619008.0
5548032.0
1.20704E7
1.0401792E7
7293440.0
1.2516352E7
1.225984E7
1.3777408E7
2.0141056E7
2.0790272E7
1.612288E7
8726528.0
1.827072E7
8520192.0
8467968.0
1.5661056E7
1.2306432E7
8345088.0
1.9371008E7
1.821696E7
1.8574336E7
2.381312E7
1.2841472E7
1.2494336E7
6034944.0
-1899520.0
-1998848.0
1.0886144E7
1.2137472E7
5409280.0
7745024.0
1.2132352E7
6630912.0
1857536.0
-3075584.0
-583680.0
1141248.0
1.16608E7
1.2008448E7
1.7349632E7
1.3885952E7
1.4745088E7
2.3514112E7
2.4632832E7
2.068224E7
1.5076352E7
1.1259904E7
1.4761472E7
-369664.0
6132224.0
1.4610432E7
1.7557504E7
1.3704192E7
1.6660992E7
1.2184576E7
2.2459392E7
1.0857984E7
9789952.0
1.8256896E7
2.3118848E7
9825792.0
1.4061568E7
6348800.0
1.441536E7
1.754112E7
1.4256128E7
1.5785984E7
1.5287808E7
1.2701184E7
1.468928E7
1.3151744E7
6843904.0
4075008.0
1.5922176E7
1.3973504E7
1.311232E7
1.9838464E7
1.5723008E7
1789952.0
4567552.0
1.2142592E7
1.3464576E7
2.0752384E7
2.4481792E7
1.8471424E7
2.2949376E7
1.9647488E7
1.9319296E7
2.1213184E7
1.5595008E7
8842240.0
1.757696E7
1.3111808E7
7748608.0
1.4872064E7
2.7794944E7
2.4512E7
1.8084864E7
2.6763776E7
1.8732032E7
1.5444992E7
2.7548672E7
2.4050176E7
3202048.0
636416.0
1.2284416E7
1.6016384E7
8430080.0
1.060864E7
1.1577344E7
8819712.0
-3173376.0
-4990976.0
2603008.0
5068800.0
-990208.0
-1.2227584E7
2542592.0
1.2480512E7
1.3477888E7
1.820416E7
1.51936E7
1.7634304E7
1.7818624E7
1.4718976E7
9077248.0
2605568.0
9852928.0
1.4388224E7
1.476608E7
1.4999552E7
1.772544E7
1.5675904E7
3613696.0
4347904.0
7517696.0
2.2265856E7
1.852416E7
2.2559232E7
2.0040704E7
7012864.0
5440512.0
1.1302912E7
8769024.0
8635392.0
6842368.0
992768.0
2211328.0
1.4316032E7
2.3895552E7
2.1533696E7
2.5136128E7
1.9859456E7
2332160.0
-2514944.0
8495616.0
4872704.0
5484032.0
365056.0
675328.0
-1565696.0
-7591424.0
-2264064.0
-3122176.0
1.7324032E7
2.071552E7
1.264896E7
2.3870976E7
1.8146816E7
9046016.0
1.3318144E7
4028416.0
8268800.0
1.0971648E7
8194560.0
6696960.0
-5036544.0
-5632512.0
1.4382592E7
1.5961088E7
1.4426112E7
1.233408E7
4729344.0
-1708544.0
1.0287616E7
1.2619776E7
1.5486464E7
2.2248448E7
2.1485056E7
1.99936E7
1.7990144E7
2747904.0
1.3077504E7
1.033984E7
6582784.0
-2275840.0
-757248.0
-1.231616E7
-3215360.0
1641472.0
1.26976E7
1.3574656E7
8461312.0
2.182912E7
1.7665536E7
8068096.0
8500736.0
9505280.0
6181376.0
1.8738688E7
2.1127168E7
2.4467968E7
2.6382336E7
1.6139776E7
1.755392E7
1.7833472E7
1.1823616E7
-2435584.0
1079808.0
5345280.0
1.0829824E7
9570304.0
1.0334208E7
1.1767808E7
1.7774592E7
1.539584E7
2.1044224E7
2.662144E7
8408576.0
1.5063552E7
2.0615168E7
2.414848E7
2.735104E7
2.44352E7
2.4084992E7
1.8157056E7
2.038528E7
2.4445952E7
1.8058752E7
3.0728192E7
3.1715328E7
2.25792E7
1.2690944E7
8459776.0
1.4959104E7
2.1488128E7
2.2206464E7
2.464512E7
1.8895872E7
2.1041152E7
1.203968E7
4559360.0
1.5840256E7
1.3901312E7
1.9344384E7
1.4078464E7
9053184.0
1.0755584E7
1.6596992E7
1.8791424E7
2.2171136E7
2.888704E7
2.2102016E7
2.6838528E7
2.500864E7
2.577664E7
2.2489088E7
1.3188608E7
-290304.0
4666368.0
5170176.0
6288384.0
1.2772864E7
2.0287488E7
2.3482368E7
1.4707712E7
2.0791808E7
1.280256E7
9663488.0
1.3929472E7
9182720.0
9171456.0
7121408.0
8915456.0
4934144.0
1846272.0
7090176.0
2966016.0
6316032.0
2.1953536E7
2.4016896E7
2.1961728E7
9508352.0
1.8774528E7
1.3964288E7
1.6045568E7
1.4141952E7
1.7281536E7
1.269248E7
2.23744E7
1.4252544E7
1.1577344E7
1.4172672E7
2.002688E7
2.2022144E7
1.5398912E7
-1191424.0
-4939776.0
-4811264.0
3736064.0
2787328.0
6509568.0
1.7372672E7
2.1145088E7
4179456.0
8078336.0
-1068544.0
8800256.0
-506368.0
3449344.0
7199744.0
1.1350528E7
1.5008256E7
2.46528E7
1.220608E7
2.4911872E7
1.5057408E7
1.9815424E7
1.8372096E7
3659264.0
5178368.0
5120000.0
8955392.0
-2638848.0
3017216.0
3198976.0
3769856.0
6937600.0
91648.0
1.002496E7
7620096.0
3427328.0
-354304.0
6812672.0
4045312.0
-1.0340864E7
5331968.0
-1567744.0
1.0916864E7
1.5911936E7
1.6712192E7
1.8948608E7
1.1501056E7
1.6280576E7
1.1472384E7
1.6457216E7
1.1971584E7
4126208.0
1.2783104E7
1.2829184E7
9906176.0
7252480.0
-3008000.0
1.0719232E7
1.2431872E7
5871616.0
1.3175808E7
1.6072704E7
1.337344E7
1.7400832E7
1.6321024E7
2.4332288E7
6725120.0
4811776.0
4403200.0
283648.0
1.4499328E7
3.08352E7
1.9937792E7
9036800.0
7537152.0
1.573376E7
3.0220288E7
2.0275712E7
1.2007936E7
3472384.0
5903872.0
9940992.0
5170176.0
2910208.0
-1786368.0
-6150656.0
868352.0
1.0288128E7
2.3927296E7
2.4795136E7
8253440.0
3004928.0
5830144.0
1.633792E7
1.8164736E7
3173888.0
2189312.0
-163840.0
6923776.0
1.1528704E7
1.2377088E7
1.344256E7
8688128.0
5777920.0
5340672.0
8315904.0
4038656.0
-692736.0
3379712.0
1.0884096E7
1.6769024E7
1.2568064E7
1.110016E7
1.8213888E7
5146112.0
1.3543424E7
6359040.0
1.0516992E7
1.2125184E7
1.4747136E7
1.4608384E7
8173056.0
2.271232E7
1.1755008E7
2.05696E7
8354304.0
1.0916864E7
1.2486144E7
1.0216448E7
8135168.0
1.3357056E7
4795904.0
8474112.0
7458816.0
2472448.0
1.0650112E7
1.426944E7
1.5337984E7
1.5258112E7
1.1582464E7
1.1278336E7
1.1575296E7
1.3185536E7
8759808.0
1.8084864E7
1.4729728E7
1.1926528E7
-2508288.0
-2017792.0
1.1208704E7
1735680.0
-6621184.0
1198592.0
8060928.0
1.5571968E7
2.3676416E7
2.1137408E7
1.9506176E7
1.7363456E7
2.0580864E7
2.034688E7
1.5790592E7
1.5799296E7
1.4124544E7
9424896.0
-590336.0
2787328.0
4422656.0
1.2548608E7
9598464.0
9402880.0
1.5241216E7
1.6513536E7
1.9129856E7
2.13888E7
1.5072256E7
1.7650688E7
7920640.0
2786816.0
-2548224.0
1.2038656E7
3687424.0
9246720.0
2.3945728E7
9607168.0
9742336.0
1.1569152E7
5275648.0
9370112.0
6833664.0
420352.0
1.0967552E7
1.9433984E7
2270208.0
1833984.0
4785664.0
1.4120448E7
8020992.0
2944512.0
1.1247616E7
3835392.0
5270528.0
1.179136E7
1.5565824E7
1.566976E7
9758208.0
8367616.0
3603456.0
-1.5525376E7
-9456128.0
-1323008.0
7153152.0
1.2393472E7
1.2041216E7
4996096.0
1822208.0
1.078784E7
1.8126336E7
1.8225152E7
2.0564992E7
6356480.0
9693184.0
1.4427648E7
1.2174336E7
1.4587392E7
1428992.0
1323008.0
4342784.0
1.0384896E7
1.042688E7
5401088.0
7310848.0
1.1775488E7
5498880.0
1.4883328E7
1.8811904E7
1.4582784E7
5008896.0
-904704.0
4308480.0
-2984448.0
5680128.0
1.339392E7
1.0943488E7
2.2102528E7
1.6157696E7
1.169408E7
1.4070784E7
1.108224E7
-706560.0
-4688384.0
1021440.0
-7990784.0
-9019392.0
-5322752.0
-2940416.0
6022656.0
1.0908672E7
-2070016.0
2659328.0
1.2452352E7
1.1475968E7
2705408.0
8344576.0
1.534976E7
1.7442816E7
6835712.0
5427200.0
1.9401728E7
2.128384E7
1.4515712E7
1.3464576E7
8227328.0
1.071616E7
6440960.0
7036928.0
4305920.0
2510336.0
1819136.0
7318528.0
3752960.0
1.3167104E7
1.3787648E7
1.1027968E7
1746432.0
6329856.0
7244800.0
-2593280.0
-8386048.0
6389248.0
1.74336E7
2.1579776E7
7962112.0
8785920.0
1.1565056E7
4966912.0
-1278976.0
-5833728.0
5727232.0
1.2702208E7
8943104.0
6293504.0
2.2037504E7
2.1121024E7
1.5545856E7
1.9697664E7
-94208.0
-6107136.0
-4640256.0
-629248.0
3931136.0
7348736.0
6566912.0
1116160.0
-541184.0
-1.4297088E7
-1.6743936E7
-478208.0
1.5321088E7
1.4933504E7
3866624.0
1463296.0
9488896.0
3663872.0
2418176.0
6615040.0
1.0148352E7
1.1050496E7
1.0807808E7
7815680.0
4739072.0
8879104.0
8515584.0
-1289728.0
-108544.0
1947136.0
1.6241664E7
1.8643968E7
2.6773504E7
2.2861312E7
6822912.0
8550912.0
133632.0
6224384.0
1.545216E7
6816256.0
2158080.0
-1977344.0
192512.0
3934720.0
1.1758592E7
1.3625856E7
1.1291648E7
4534272.0
-484864.0
-4306944.0
-1.1835392E7
-8665600.0
-6091264.0
-1.3028352E7
-1.1820544E7
-1.1597312E7
-6589952.0
4348416.0
5391872.0
616448.0
1.202432E7
1.0818048E7
1.8663424E7
2.1455872E7
1.499904E7
1.0727936E7
-260096.0
-2902016.0
-1.042688E7
-1.0408448E7
-6962176.0
1.4998016E7
2.0172288E7
1.1209728E7
1.2936704E7
1.1807744E7
1.2263936E7
6671872.0
1077760.0
-8705536.0
-2472448.0
1.1003904E7
1.894144E7
1.4582784E7
4438016.0
1.3640192E7
1.420032E7
1023488.0
-4986368.0
-1.1958272E7
-9341952.0
-923136.0
5666304.0
773120.0
4712448.0
9227264.0
1.7782784E7
2.43456E7
9332224.0
1.0771456E7
1.9787264E7
1.94432E7
1.5330816E7
1.8654208E7
2.486016E7
9209856.0
-3217920.0
-8017920.0
-7292928.0
-6782976.0
-590336.0
6335488.0
1.0806272E7
3584.0
1.135872E7
2.0064256E7
2.207744E7
1.508608E7
8204288.0
6589952.0
6681600.0
997888.0
-3566592.0
-7932416.0
522240.0
6544384.0
724992.0
4472320.0
-2536960.0
294400.0
1.4209024E7
1.5875072E7
5366784.0
3602432.0
2050048.0
3674624.0
-918528.0
-1389056.0
-6220288.0
-7033344.0
-1680384.0
6670848.0
1.4614016E7
1.0700288E7
-1331712.0
-2591232.0
-4766208.0
-1428480.0
1.1953152E7
1.7147392E7
1.6961024E7
2.249216E7
1.0156032E7
9934848.0
1.984E7
1.5538176E7
1.0742272E7
4783616.0
-244224.0
-3397632.0
4840960.0
1.430272E7
1.9987968E7
1.3388288E7
6682624.0
-1549824.0
8743936.0
1.6815616E7
1.4370816E7
8851968.0
1.0729472E7
6642176.0
3761664.0
3453440.0
7703040.0
1.5906816E7
2.8386304E7
1.3022208E7
1.4576128E7
2.171904E7
1.677568E7
7088640.0
6104576.0
7191040.0
1.5223296E7
1.79584E7
-2825216.0
1824256.0
8348160.0
1.713408E7
1.5011328E7
4619776.0
8337408.0
7731712.0
1.7872384E7
1.821952E7
2.0700672E7
2.2126592E7
1.2114944E7
5187584.0
1.510912E7
2.081792E7
1.6515584E7
1.0888704E7
1.60896E7
1.3057024E7
7028736.0
1.0809856E7
1.279488E7
1.9833344E7
2.5232384E7
4187648.0
8586240.0
1.3039104E7
9315840.0
1.4204928E7
8403456.0
2417664.0
3341824.0
5093888.0
-1750016.0
-7608320.0
-8704.0
-5609472.0
-2899456.0
1.0584064E7
1.1076096E7
8653824.0
2615296.0
2235392.0
1.3106688E7
1.9767808E7
5553152.0
3618304.0
6133248.0
-1942528.0
1.0228736E7
1.7608704E7
1.2205568E7
4832256.0
7240704.0
6974464.0
4471296.0
3606016.0
-485888.0
-2957824.0
4049920.0
5510144.0
-6272000.0
-3267072.0
-286208.0
4383232.0
-2822144.0
-6926336.0
9135616.0
7698944.0
-8686592.0
-3254784.0
2532864.0
2058752.0
1.1165696E7
2.1262336E7
1.1160064E7
6953472.0
-4167168.0
-545792.0
5885952.0
1.0174976E7
1.0619904E7
1.0443776E7
1.0369024E7
1.3576192E7
9063424.0
5623808.0
5463552.0
1.4722048E7
4311040.0
3717632.0
-2254336.0
8438784.0
8435712.0
3213824.0
6796288.0
1.1260928E7
-7997952.0
-1.6236544E7
3806720.0
4680704.0
9594880.0
3936768.0
-374272.0
-2246144.0
-1.1736064E7
-5250560.0
-1.187328E7
-9440256.0
5568512.0
6255616.0
-2466816.0
580608.0
1.0074112E7
1.6190464E7
7921152.0
2652160.0
-7064064.0
-1.81888E7
-1.2780544E7
-8816128.0
2823680.0
1.1580928E7
1.0062336E7
1.37728E7
1.34528E7
1.2290048E7
-6916608.0
3090944.0
1.3427712E7
2.623744E7
2.2486528E7
2.4684544E7
1.587456E7
1.496832E7
1.027072E7
1.480192E7
1.7165312E7
2530304.0
2859008.0
7811072.0
2.2406144E7
1.1490816E7
4110848.0
-2305024.0
1.105152E7
4073984.0
8934400.0
5089792.0
9484800.0
2.1722112E7
1.7154048E7
2.702336E7
1.574912E7
6949376.0
1.2944896E7
5022208.0
-4376064.0
684544.0
1.4426624E7
1.9288064E7
1.4175232E7
9616384.0
1537024.0
-4049920.0
-9836544.0
-2542592.0
-1949696.0
3246080.0
7971328.0
1.0537984E7
159232.0
549888.0
-3396608.0
2187776.0
-4456960.0
-1.4667776E7
-1.089792E7
-3475456.0
-7974912.0
-1.0646016E7
1.4439424E7
2.3529472E7
1.2373504E7
6526976.0
6207488.0
7223808.0
1.1180032E7
1.5642112E7
1.2126208E7
1.643008E7
1.434112E7
2.3630848E7
1.5441408E7
1.3755392E7
1.3713408E7
2.0639232E7
1.1045888E7
1.3070848E7
7335936.0
633344.0
3755520.0
-5048320.0
-9981440.0
-943104.0
-3748864.0
-3507200.0
-70144.0
5659648.0
5382144.0
4282880.0
8977920.0
1.0566144E7
4246528.0
9839104.0
9493504.0
9068032.0
6082048.0
1.2758528E7
1.1987968E7
-3320832.0
9739264.0
1.22624E7
1.4909952E7
1.1964928E7
9454592.0
4523008.0
6176256.0
3193344.0
6999552.0
2.6221568E7
1.7765376E7
9477120.0
9161728.0
9175552.0
1.1462144E7
1.3746688E7
6557696.0
1.1177984E7
-1864192.0
-8147968.0
-1047040.0
-8051200.0
-3105280.0
600576.0
-918016.0
-1.25568E7
-1142784.0
-2447360.0
-6748160.0
-6854656.0
-1.14944E7
-7621120.0
-8119296.0
-6476288.0
-459264.0
7905280.0
1.076224E7
-6453248.0
951808.0
-7471616.0
-5225472.0
-8008704.0
4156928.0
6700544.0
2938880.0
1636864.0
-6762496.0
-1.2995072E7
-6031872.0
5005312.0
4034048.0
5130240.0
8231936.0
1.4705152E7
1.4338048E7
-464384.0
5210112.0
5727744.0
1.6034816E7
7514624.0
1.0799616E7
1.3609984E7
1.3590528E7
9400832.0
9890304.0
5123072.0
1.061632E7
3721216.0
-3470848.0
853504.0
1.2281344E7
1.4168576E7
1.7895424E7
2.1399552E7
1.6032256E7
7392768.0
1530880.0
3482112.0
-733184.0
-3293696.0
2775552.0
-2241024.0
5650432.0
1.7543168E7
1.5034368E7
8521216.0
4926976.0
1974784.0
4401664.0
894464.0
3165696.0
1.718016E7
1.5128576E7
6899712.0
8694784.0
8839168.0
4641792.0
-1877504.0
1392640.0
-1064960.0
3357184.0
-5392384.0
9115648.0
1.1624448E7
1.2501504E7
1.5300608E7
7577088.0
9172480.0
-2787840.0
-1262592.0
3620864.0
1710592.0
-8642048.0
-5705216.0
-902656.0
7912960.0
4684800.0
-3396096.0
1079296.0
-4123136.0
-3783680.0
8695808.0
1.3113856E7
1.6979456E7
2.4921088E7
1.723648E7
1.1613696E7
2356224.0
1058304.0
2762240.0
6685696.0
1161728.0
2229248.0
1.1820544E7
1.3391872E7
3563008.0
2.2849024E7
2.4615936E7
2.6872832E7
1.78816E7
1.297664E7
1.1461632E7
-3712512.0
-3461632.0
9146368.0
-3711488.0
-3035136.0
-841728.0
6445568.0
6674432.0
616448.0
5912576.0
3688960.0
2.1714944E7
1.956096E7
-1696256.0
-1.0102272E7
-4292096.0
1.0997248E7
4231168.0
-3653120.0
-2829312.0
-3091456.0
-219648.0
1.6425472E7
2.2352896E7
1.2592128E7
1.249536E7
-294400.0
1.0739712E7
1.3312E7
838144.0
3646464.0
783872.0
4406784.0
-329216.0
-1.2452864E7
2073600.0
5117952.0
6094336.0
-296448.0
2603008.0
1.5654912E7
2.2806528E7
1.5257088E7
1.9072E7
1384448.0
-1991168.0
-2179584.0
6929408.0
8178688.0
1363968.0
-1.6740864E7
-6461440.0
2779136.0
4749312.0
1033216.0
-1.3257728E7
-309248.0
1.3112832E7
9088000.0
-5062144.0
-4711424.0
-9241088.0
-4305408.0
-1.3999616E7
-1.6836608E7
-1.116416E7
1560064.0
1.4768128E7
4496384.0
4232192.0
1.3949952E7
6553088.0
1.5983616E7
1.3421568E7
1.1027968E7
3668992.0
-5683200.0
-7498240.0
-1.3959168E7
-3014656.0
1.0506752E7
1.1154944E7
2.2810112E7
1.7192448E7
1.7412096E7
1.5766016E7
937472.0
-7294464.0
-6361600.0
2843648.0
-4992000.0
-1.139968E7
143872.0
-1072640.0
204288.0
-1.0578944E7
-4585472.0
6641152.0
4282880.0
5810688.0
7620608.0
-2526208.0
1958400.0
8794112.0
1.4355456E7
1.6455168E7
9273344.0
1373184.0
2649600.0
-4348416.0
2584576.0
7311872.0
2317312.0
-1.0612736E7
2748928.0
6792704.0
1.1537408E7
1089024.0
4315136.0
2.0617216E7
3695104.0
4540928.0
5632.0
-4152320.0
-1.6639488E7
-2.199808E7
-9310208.0
-8886272.0
-6348288.0
-4139520.0
2313216.0
7631872.0
1.4198784E7
241664.0
1388032.0
1.53728E7
1.1515904E7
9201152.0
5137408.0
7862272.0
-1701888.0
-5569024.0
3389440.0
1.1532288E7
-3799040.0
-2147840.0
3272192.0
-762368.0
2614784.0
5672448.0
9920000.0
2.09536E7
1.3746688E7
1.4665216E7
1.9880448E7
1.8602496E7
7095296.0
3663872.0
1.1876864E7
8718336.0
-2686464.0
-9090048.0
-1034752.0
2478080.0
6533120.0
-3535872.0
-5142528.0
-4795392.0
-53248.0
4604928.0
6414848.0
1.3155328E7
1286656.0
-6431232.0
-6684160.0
1.0441728E7
483840.0
2574336.0
3212800.0
1423360.0
4155392.0
9735168.0
6716416.0
3126272.0
-2519552.0
2294272.0
9178112.0
-333312.0
2331648.0
-1236992.0
-4849664.0
-5574656.0
2709504.0
-708096.0
-7414272.0
-6590976.0
-8267264.0
1571328.0
-1518080.0
9899008.0
1.1300864E7
1.41184E7
1.0825216E7
2.1148672E7
1.2584448E7
2.1116928E7
2.2683648E7
2633728.0
1.1622912E7
1.8340864E7
8491520.0
-3243520.0
2166272.0
1678848.0
5444608.0
4968960.0
1.135872E7
7429120.0
1.2357632E7
6907392.0
2051584.0
7240192.0
1035264.0
1331712.0
-6584320.0
-3425792.0
-7366144.0
177152.0
8986112.0
5398528.0
2479616.0
-1.2174848E7
-1.07776E7
-5953536.0
7141888.0
1.411328E7
1.4448128E7
1.499904E7
7215616.0
1812992.0
8771072.0
9658880.0
-361472.0
7268352.0
1.2100096E7
1.8991616E7
1.998592E7
2.6031104E7
1.4447104E7
-3566080.0
2443776.0
0.0
-2287104.0
-3011072.0
-5999616.0
-9097216.0
-1027072.0
5395456.0
7479296.0
1.2076544E7
1.5431168E7
1.7381888E7
1.6361984E7
1.4522368E7
2518016.0
-2072064.0
-3128832.0
-3723264.0
1.108992E7
3896832.0
-1501184.0
-4818944.0
2100224.0
2393600.0
3161088.0
1.029376E7
1.1342848E7
1.0123776E7
9251840.0
5299200.0
9144832.0
1.3259264E7
-6908928.0
-6868992.0
-1569280.0
-3579904.0
1155584.0
9779712.0
2.441472E7
2.8507136E7
1.8439168E7
1.4122496E7
1.4969344E7
7938560.0
3079680.0
6416896.0
1725952.0
-2955264.0
5195264.0
-1238528.0
-1244160.0
-650240.0
-963072.0
294400.0
7105536.0
4879360.0
6573568.0
4392960.0
8780800.0
51712.0
2749952.0
1.2304896E7
-1901056.0
-9425920.0
-1810432.0
6036992.0
3447808.0
-765440.0
-7912448.0
-9099776.0
-3983360.0
5280256.0
8480768.0
4399616.0
7780352.0
1.7747968E7
1.3493248E7
-38400.0
5592064.0
1.405696E7
1.1941888E7
1053184.0
5038592.0
864768.0
1.09056E7
7713792.0
1.3300736E7
1.4072832E7
2.3622656E7
1.8668032E7
1.5576064E7
2.4556032E7
2.53312E7
1.1473408E7
9450496.0
-1417728.0
1626624.0
1.1732992E7
4608512.0
2321408.0
-1174528.0
-7886336.0
7989248.0
-1009664.0
-1610752.0
-5767680.0
-1.4802944E7
-1.3944832E7
-8047104.0
-2895360.0
5494272.0
8077824.0
2289152.0
-5878784.0
-7634944.0
6007296.0
9830912.0
3238912.0
4094976.0
1.1580416E7
9391104.0
1.3051392E7
6793728.0
-721920.0
4375552.0
1069056.0
5001728.0
8980992.0
1.7531904E7
1.3629952E7
1.2934144E7
-679936.0
1.470208E7
1.4070272E7
1.0736128E7
7515136.0
5099520.0
2778112.0
4323328.0
6592000.0
5006336.0
-442368.0
140288.0
3969024.0
-3190784.0
-1548800.0
-1476608.0
-169984.0
2606592.0
1.3456896E7
2.6462208E7
2.337536E7
9607168.0
6897152.0
2316800.0
6147584.0
6762496.0
884224.0
2598400.0
808448.0
-296448.0
4537344.0
1.3360128E7
7584768.0
5083136.0
8025088.0
3875328.0
1234432.0
2087424.0
-1629184.0
9249792.0
5740544.0
3717632.0
-2768384.0
-3860992.0
-4798464.0
8829440.0
5841408.0
-4076544.0
-6959616.0
2793984.0
4592128.0
-1748992.0
-3108864.0
-4682240.0
-1.9094528E7
-3566592.0
-179712.0
-3892736.0
3512320.0
-800256.0
-5210112.0
-3869184.0
4219904.0
4892160.0
-5365760.0
886784.0
1.0178048E7
1.6667136E7
1.4786048E7
1.0778624E7
-3055104.0
1845760.0
-157184.0
4254208.0
-1.2256768E7
-1.0514944E7
-3372544.0
-3054592.0
-3439104.0
2905600.0
6731264.0
3478016.0
998400.0
6051328.0
-1426944.0
3413504.0
-1273856.0
4595200.0
3286016.0
520192.0
-8137216.0
-6513664.0
-1.0914304E7
-8337408.0
-5462016.0
-1.298432E7
-1.9588608E7
-6032384.0
-4850688.0
-523776.0
1184256.0
-5724160.0
-5906432.0
-4406784.0
-9616896.0
4591104.0
94208.0
-1.2283904E7
-3668480.0
1261056.0
-2554368.0
3876864.0
1.6260608E7
1.5784448E7
1.9977728E7
1.134592E7
1.0120192E7
1.2863488E7
1.1747328E7
1.5503872E7
8731136.0
1608704.0
1630208.0
8146944.0
1.2753408E7
6164992.0
4494336.0
3038720.0
9546752.0
559104.0
-1.0173952E7
5579776.0
-645632.0
-8251904.0
-1.459456E7
-8662016.0
1513472.0
868352.0
1.00224E7
1.83424E7
1.2361728E7
-2210816.0
2625536.0
8296960.0
-2766336.0
-1.0499072E7
-6466048.0
-5878272.0
-1.205504E7
-2947072.0
7773184.0
2636288.0
780800.0
-8296960.0
-1.1134464E7
-1.3393408E7
-1.6065024E7
-1.9780608E7
-1.0135552E7
-59904.0
6237696.0
-8091648.0
-7879168.0
-5291008.0
1761792.0
-2868224.0
-3407872.0
6318080.0
7245312.0
3432448.0
-6383616.0
-7252480.0
636416.0
5597696.0
3895808.0
5155328.0
5260800.0
7527424.0
1.117184E7
7004672.0
5901824.0
1.0078208E7
1876480.0
-261120.0
932864.0
-924672.0
-3626496.0
8129024.0
7206912.0
-913920.0
-5249536.0
4360704.0
5363200.0
2.0319744E7
1.5325696E7
6414848.0
1.3892608E7
1.633536E7
1.361664E7
1.1371008E7
1.0934272E7
845824.0
-1744896.0
-1247744.0
4342784.0
-1.200384E7
-8961536.0
2090496.0
-5324800.0
-1.1666432E7
-4572160.0
-1.6987648E7
-9121792.0
819712.0
4637696.0
2818560.0
-8205312.0
3310592.0
5509120.0
5513216.0
-804352.0
-2511872.0
7897088.0
1.8300928E7
1.7826816E7
1.6167936E7
2.0020224E7
1.1852288E7
1.6425984E7
1.4432768E7
-1841152.0
-8950272.0
-3437056.0
1965056.0
-1588736.0
-4188160.0
-1692160.0
3123200.0
1505280.0
1143296.0
3633152.0
1.6435712E7
7169536.0
4380160.0
6883328.0
4329984.0
9491456.0
6428672.0
1.124608E7
2867712.0
7759872.0
7596032.0
995840.0
4498432.0
950784.0
-9879040.0
-1086976.0
1575936.0
2480640.0
595456.0
-49152.0
1.0436608E7
3151360.0
7840768.0
9846784.0
2631680.0
8186368.0
7026688.0
3999744.0
1.1569152E7
1.782016E7
1.0145792E7
8669696.0
846336.0
223232.0
-83968.0
-8162304.0
-1.5996416E7
-5158912.0
6998528.0
8986112.0
1.0926592E7
1.6057344E7
1.4500864E7
1.7636864E7
4375040.0
1087488.0
3784192.0
-4770304.0
-8535552.0
-892928.0
1.0246656E7
7775232.0
-1.1099648E7
-6269440.0
-4705792.0
-9099264.0
3281920.0
-1395712.0
3449856.0
2524160.0
1083904.0
-4178432.0
-4826624.0
-204288.0
-6348288.0
-1.1289088E7
-35840.0
-2421248.0
2806784.0
-755200.0
-3066880.0
5611008.0
1.0357248E7
-216576.0
-3856896.0
-1074176.0
-4986368.0
-3144192.0
2442240.0
-3588096.0
5175296.0
1552896.0
-1209344.0
-3939840.0
1.0812928E7
8675840.0
-8082944.0
-1.4103552E7
-1.3057024E7
-8870912.0
-2346496.0
730624.0
2485248.0
6662656.0
1031168.0
-4011520.0
-7827456.0
-7946752.0
-176640.0
-1.7115136E7
-1.7174016E7
-1.3463552E7
-172544.0
571904.0
-2747392.0
994304.0
3273728.0
-792576.0
-1302528.0
1.191936E7
7409664.0
-399360.0
1642496.0
-8693248.0
8626176.0
-811520.0
-7289344.0
-4699136.0
8591360.0
7426048.0
7026176.0
1.6060416E7
1.1270144E7
5416960.0
-1308672.0
-1.224448E7
-9296896.0
-6999552.0
126976.0
-889856.0
4783104.0
4978688.0
-1168896.0
-9670656.0
-7078912.0
-6322176.0
-3732480.0
8390144.0
7296512.0
1.32864E7
6867456.0
-1520640.0
-1060864.0
2120704.0
1.0640896E7
1.7326592E7
1.2723712E7
1.8358784E7
1.3054464E7
3472384.0
8640000.0
1.097216E7
1652224.0
4075520.0
-1875456.0
-1.4554112E7
-1.1210752E7
5310464.0
3956224.0
7897088.0
4821504.0
-3068416.0
9996288.0
9684480.0
4918784.0
1.0091008E7
1.040128E7
-2820608.0
-9691136.0
-1.355008E7
1893888.0
1364992.0
1.1446784E7
1.6251904E7
1.822464E7
1.4528E7
2886656.0
3079168.0
8451584.0
1.3564416E7
1.2601344E7
-2420736.0
-7079424.0
4970496.0
1.8809344E7
7940096.0
8923136.0
5943808.0
-7325184.0
-1.624576E7
-1741312.0
-3392512.0
-1.8527744E7
-1.0106368E7
7232000.0
8708608.0
1.9827712E7
1.7933824E7
2877440.0
8160768.0
6547456.0
393216.0
1835520.0
1074688.0
-5561856.0
1956864.0
-3572224.0
1673728.0
-2814464.0
1.0667008E7
1.3990912E7
8537088.0
-2435072.0
-7023616.0
-4388864.0
-1929216.0
3955200.0
8540672.0
99840.0
-5819904.0
-1511936.0
-8527360.0
-4361216.0
3657216.0
5644288.0
1990144.0
5665792.0
1.0428416E7
7471616.0
7463424.0
-2664448.0
6886400.0
7319552.0
1.0114048E7
-11264.0
-4933120.0
1423360.0
-2856960.0
-154624.0
-2243584.0
-1271296.0
1724928.0
-5637120.0
-3105280.0
2902016.0
1.3023232E7
4316672.0
6988288.0
1.705984E7
1.9490304E7
5504512.0
5320704.0
6998528.0
8621056.0
1312768.0
-4040704.0
-1.1588608E7
-1.0223616E7
-6269440.0
-529408.0
-1269760.0
-758272.0
1835520.0
7110144.0
9696768.0
4154368.0
-5858816.0
-8730624.0
-1.0221056E7
-1.0585088E7
-6871552.0
-7542272.0
-9934336.0
-5945344.0
-3367424.0
-250368.0
2933248.0
1.21984E7
1.1430912E7
7508992.0
505856.0
-8813568.0
2835968.0
9041920.0
8499712.0
-4740096.0
-4231680.0
-1665024.0
-1.1378688E7
-1.1603968E7
-7989248.0
2616320.0
6190080.0
1251328.0
1285632.0
-763904.0
6964736.0
1.150464E7
1.9456512E7
1.4228992E7
7903744.0
1.5005696E7
2.2076928E7
1.6004096E7
6200320.0
-5671424.0
-1.2862464E7
-6153728.0
1300480.0
-3233280.0
1001984.0
-1.0067456E7
-1.3958656E7
-702464.0
1.511936E7
1.6244736E7
1.1181568E7
1.4710272E7
5657088.0
-1018368.0
584192.0
-373760.0
-6499328.0
2771968.0
3185664.0
-8505344.0
1019904.0
2331136.0
1.2271104E7
8731648.0
376320.0
4132864.0
-6002176.0
-5970944.0
-4897792.0
-9019392.0
-3584000.0
-3224576.0
2224640.0
1240576.0
-7371776.0
5252608.0
1.3859328E7
7862784.0
1.4177792E7
6032896.0
4150784.0
-7632896.0
-1.26592E7
-6368768.0
-6707712.0
-5054976.0
-1645056.0
5014016.0
7440384.0
1436672.0
2881024.0
8531968.0
101888.0
-1.2158976E7
-1.5673856E7
-1.2871168E7
-6770176.0
2065408.0
4160512.0
1.0310144E7
5071872.0
3235328.0
6006272.0
8011776.0
1.38624E7
2.0727808E7
2.6293248E7
1.4936576E7
-615936.0
2675200.0
2.0325888E7
1.4249984E7
8020480.0
-7190528.0
-1.0906624E7
4750336.0
1.3927936E7
7444992.0
-628736.0
-4692480.0
1908224.0
5307904.0
2089984.0
1.0694144E7
2.1294592E7
2.0969984E7
1.4998528E7
6470144.0
5372416.0
1.212928E7
1.307136E7
1.1956736E7
1.4020608E7
1.458688E7
2.1909504E7
1.639168E7
1.4252544E7
1.4716928E7
3397120.0
1954304.0
3283456.0
1005568.0
-9746432.0
1129984.0
-4673024.0
2914304.0
1.4945792E7
8923648.0
904192.0
6557184.0
1.0034688E7
9421312.0
5351936.0
1.7698816E7
2.2596096E7
1.0573312E7
8102400.0
1.3937664E7
1.2890624E7
7284736.0
-6053376.0
-8886272.0
-4403712.0
-4029440.0
1.0825728E7
890880.0
-3539968.0
-1.0851328E7
-5763584.0
-1.1242496E7
-1.5119872E7
6216704.0
9196544.0
6884864.0
4371456.0
2595840.0
-1564160.0
-1253888.0
-4668928.0
-5872128.0
-4630528.0
1592832.0
6173184.0
1524224.0
579072.0
-3493888.0
4006400.0
2745856.0
1318400.0
6050816.0
-2298880.0
-2766336.0
691200.0
3594240.0
1948672.0
3900416.0
2058752.0
-5483520.0
-1.530624E7
-9863168.0
-6838272.0
-1.2574208E7
-2.0405248E7
-2.3445504E7
-1.676544E7
-3119104.0
1.3421056E7
1134080.0
-1450496.0
-866816.0
-8557056.0
-1.4688768E7
-1.011712E7
-1.2595712E7
-1.2836352E7
4381696.0
1.9080704E7
1.6054272E7
2604544.0
5752320.0
1244672.0
-1.3905408E7
-8718336.0
-2941952.0
4564992.0
6340096.0
-1166848.0
6455808.0
-1513472.0
568832.0
1.0484224E7
95744.0
4464640.0
275968.0
-2545152.0
8054784.0
2964480.0
-9629184.0
5131264.0
7019008.0
1.1891712E7
8648192.0
6661632.0
5233664.0
-1783808.0
-1.0773504E7
-5960192.0
-1.1279872E7
-4280832.0
338432.0
-1121280.0
-5797376.0
-5997568.0
-2839040.0
941568.0
-2778112.0
-8148992.0
-7966720.0
1020416.0
1813504.0
1020416.0
-2268160.0
-5319168.0
-7472640.0
3524608.0
1034240.0
6236160.0
4617728.0
1.2452352E7
1.0968064E7
1.0704896E7
1.463808E7
1.3304832E7
7155712.0
-2094592.0
-573440.0
-6204928.0
-4353024.0
569856.0
-1900544.0
-6371328.0
-6220288.0
-5894144.0
4834304.0
1.2419584E7
1.5877632E7
-1825792.0
4383744.0
1.542144E7
1.1544064E7
1.085696E7
1.1611136E7
-705024.0
-4141568.0
-5702656.0
7215104.0
-756224.0
639488.0
4819456.0
3241984.0
7395840.0
3124224.0
-6840832.0
-1.417472E7
-9498624.0
-1.2988928E7
-5625856.0
346624.0
-1510912.0
6165504.0
1944576.0
4954112.0
4206080.0
2638336.0
6446592.0
1.5623168E7
1.5930368E7
6975488.0
-7759360.0
-1.073408E7
2653184.0
1.6226304E7
1.4605824E7
1.9037696E7
1.9069952E7
1.6734208E7
1076224.0
-1.0393088E7
4181504.0
685056.0
-1.1657216E7
-9025024.0
-6693888.0
-992768.0
2916864.0
-4435968.0
8844288.0
1.0971648E7
6791680.0
8882688.0
5337600.0
1453568.0
5353984.0
31232.0
-2997760.0
1.1364352E7
6242304.0
-1357312.0
547328.0
3357184.0
1033216.0
-6885888.0
-1185280.0
-2437120.0
1731072.0
-5063168.0
-5270528.0
5904896.0
354304.0
-5836800.0
-143360.0
-1.314048E7
-9489920.0
-2353152.0
7478784.0
5795840.0
-392704.0
-7467008.0
-6650880.0
-1.3462528E7
-7159296.0
2258944.0
-3605504.0
-6676480.0
-4591616.0
-2764800.0
1.8833408E7
2.0939776E7
1800192.0
3993600.0
2421760.0
2399232.0
2316288.0
2781184.0
-2843136.0
-3781632.0
7438336.0
8449536.0
7426048.0
1.0232832E7
1.9672064E7
1.9815936E7
1.5234048E7
1.8292224E7
8482304.0
1264128.0
846848.0
-3316736.0
-6318592.0
614400.0
-4795392.0
-1696768.0
1810944.0
-3910656.0
-7416320.0
-3827200.0
478720.0
1.1117056E7
1.580032E7
1.9667968E7
1.6200192E7
1.7792E7
2.2765056E7
2.6108928E7
2551296.0
4025856.0
4951552.0
-1539072.0
-1.1738112E7
-6584320.0
-6658560.0
-2758656.0
3424256.0
4375040.0
-6864384.0
7722496.0
8997888.0
6181888.0
9863168.0
9823232.0
1.2525568E7
1.1206144E7
5741568.0
1755648.0
-1.0981376E7
-6939136.0
-4758528.0
2896896.0
2755072.0
-3881472.0
-5864960.0
-7996928.0
-3227136.0
-9079808.0
-1.2151808E7
157184.0
2589696.0
6870016.0
-2697216.0
-3130368.0
-719872.0
1.1977216E7
2985472.0
8078848.0
1.2236288E7
1.007616E7
8549376.0
276992.0
1.1350016E7
8006144.0
-8369664.0
-1.0069504E7
-7603712.0
-480256.0
-4354560.0
-7575552.0
-1.7869312E7
-1.5584768E7
-257536.0
1.5446016E7
1.2713472E7
7004160.0
1.2015104E7
1090048.0
-2479616.0
-8851456.0
-5000704.0
-1.0394112E7
-8326144.0
2302464.0
1522176.0
-2694656.0
-7350784.0
2245632.0
-8208384.0
-698368.0
7305216.0
1.3631488E7
-314880.0
-2212864.0
-5991936.0
-4737536.0
1074176.0
3158016.0
-2750976.0
-1.0200576E7
732160.0
5520896.0
3881984.0
-743936.0
1828352.0
280576.0
-1042944.0
2109952.0
5316608.0
-3160576.0
4093440.0
-3676160.0
4170240.0
-8062464.0
-1425920.0
6487040.0
2981888.0
-2675200.0
907264.0
-2134016.0
-1.8063872E7
-2.4268288E7
-1.4213632E7
-1990144.0
1312256.0
4250112.0
3768832.0
-4568064.0
1289216.0
1791488.0
-5106688.0
-8416768.0
1029632.0
1921024.0
1.3828096E7
4430336.0
7283712.0
1895424.0
1.4758912E7
2207744.0
1601536.0
1.3204992E7
8487424.0
-7971328.0
-7730688.0
1.0281984E7
1213440.0
-2656768.0
-4897792.0
3744768.0
1.0560512E7
137216.0
3938304.0
-8382464.0
-1.3204992E7
-866816.0
6235648.0
4919808.0
1.0059264E7
5219328.0
3485696.0
1952256.0
1100800.0
-2193920.0
-1753600.0
6156800.0
-795648.0
711168.0
7731200.0
1642496.0
-3238400.0
4758528.0
-4130816.0
3642880.0
6178304.0
1.3522944E7
8086528.0
1.1597824E7
5742080.0
8192.0
3188224.0
1.1622912E7
1.5104512E7
1.2678656E7
1.538816E7
4142592.0
9887232.0
1434112.0
-4832256.0
-1441792.0
-2838016.0
-7901184.0
-8131584.0
4478464.0
3245056.0
6152192.0
5556224.0
6776320.0
4590080.0
-2547200.0
-4818432.0
-3592192.0
-1065984.0
755712.0
8823296.0
1547776.0
-802816.0
-2.0075008E7
-2.8156416E7
-2.757632E7
-2.102272E7
-2380288.0
-502272.0
8891392.0
1.1727872E7
9418240.0
3224064.0
-1.082368E7
-8404992.0
2475520.0
4461056.0
-3952640.0
-6849536.0
-2978816.0
-1.8102784E7
-1.7755136E7
-1.0913792E7
-1.0822656E7
4149248.0
1.3843968E7
9900544.0
-3330048.0
4903424.0
8204288.0
6903808.0
1.3824E7
1.5711232E7
4046336.0
-517632.0
1478144.0
-7454208.0
-1.0566656E7
2768384.0
9350144.0
3822080.0
1523200.0
-4055552.0
-9990144.0
-6495744.0
-1.325056E7
-1.3124608E7
4026880.0
1.4068736E7
1.1331584E7
7858176.0
4276224.0
7600640.0
461312.0
-5262336.0
-7906304.0
-1.1913216E7
-6712320.0
-6025728.0
-3979264.0
-2223616.0
4290048.0
6014976.0
1.7952256E7
1.5391744E7
1.1828736E7
2869760.0
-4911616.0
-2959360.0
7561216.0
1953280.0
3466240.0
8514048.0
6339072.0
668672.0
-8363008.0
-8759296.0
846848.0
492032.0
-6189056.0
-1.705728E7
-1.4052864E7
-5423616.0
4670464.0
6991872.0
6089216.0
-1711104.0
-9728.0
1.7232384E7
1.0209792E7
8056832.0
8480256.0
8092160.0
1260544.0
-8398848.0
-1.3082112E7
-4940800.0
4329984.0
-3240960.0
-4952064.0
-2505728.0
1151488.0
-1.3658112E7
-1.1890688E7
-9265664.0
-1.1727872E7
-1.8459136E7
-1.6484864E7
-5734912.0
-5749248.0
-6725120.0
-4838400.0
-1016320.0
-2599936.0
-4142080.0
-7226368.0
-333824.0
-7504896.0
-1.5933952E7
-9327104.0
-2702848.0
1.7572352E7
1.9199488E7
1.7022976E7
1.1959808E7
1.3786624E7
1.7019392E7
1.99424E7
6250496.0
1721344.0
-5235712.0
-4419584.0
-5074432.0
3947008.0
923136.0
2843136.0
-6988800.0
-6162432.0
-1409536.0
-5405184.0
-1.1648E7
-6513664.0
1319936.0
-1.1339264E7
-2863616.0
-728064.0
-7133184.0
-8502272.0
-1.4610944E7
-902656.0
3290624.0
-3269120.0
1627136.0
4638208.0
-8507904.0
-6974464.0
3509760.0
-2516992.0
1.4409216E7
2.4694784E7
2.486528E7
7086592.0
4837888.0
624640.0
440832.0
-800256.0
-1.5105024E7
-7233536.0
4924928.0
3692544.0
4104704.0
-4145664.0
-7875072.0
-9951232.0
-1.3357568E7
-8177664.0
-3744768.0
4380160.0
1.1977216E7
1.2344832E7
1.3796864E7
9227264.0
1675776.0
-4667904.0
2509312.0
1.421312E7
-594432.0
-7184896.0
1.0290688E7
1.0719232E7
-2379776.0
2085888.0
7376384.0
-966144.0
-6652416.0
-9718784.0
-3458560.0
9699840.0
7388672.0
-5319168.0
-3702784.0
7732736.0
-6656.0
2089472.0
9339904.0
6792704.0
2819584.0
1415168.0
-2031616.0
-1.1483136E7
-343552.0
1.1454464E7
5097472.0
9713664.0
-6013440.0
-973824.0
-1551360.0
-71168.0
4476928.0
-8174080.0
-3516416.0
-842752.0
1.0624512E7
1.257216E7
1.0370048E7
-1529856.0
-1521664.0
-4902912.0
-5358080.0
1.2151296E7
1.816064E7
1.2102656E7
-635904.0
-6609920.0
1.202176E7
1.3773312E7
1.4217728E7
1.1380224E7
-3205632.0
-4208128.0
69632.0
-2451456.0
-1214464.0
-2761728.0
5940224.0
1.0091008E7
2603520.0
-1.5709184E7
-2875392.0
-1.4267904E7
-5406720.0
7091200.0
7406080.0
1239552.0
2342912.0
1149440.0
3516416.0
4037120.0
4782080.0
5990400.0
7599616.0
922112.0
-45568.0
5998080.0
7810048.0
-5531136.0
6330368.0
-1495552.0
-8549376.0
-5080064.0
829440.0
-3555840.0
4237312.0
3118080.0
82432.0
4326912.0
-4796416.0
-3104256.0
2543104.0
412672.0
116224.0
3292672.0
-3386880.0
-3158016.0
398848.0
7230464.0
3916800.0
2233856.0
1.1081728E7
1.1467264E7
7755776.0
7820800.0
1098752.0
-84992.0
1666560.0
-5935104.0
-1023488.0
-7009792.0
-1315840.0
2614784.0
-1524736.0
1.0794496E7
8945664.0
1.7114624E7
1.148672E7
1.326336E7
9639936.0
2597888.0
3018240.0
-4118016.0
-1752064.0
5157888.0
-2433536.0
6496256.0
463872.0
748544.0
2970624.0
-2937344.0
-1.2224E7
-6706176.0
-1.8162688E7
-1.3250048E7
-1219584.0
3679744.0
1.4295552E7
1.2582912E7
-1845248.0
-5252608.0
-5687296.0
1300992.0
-2982400.0
-2106368.0
-2898944.0
-6857728.0
2746368.0
64000.0
-4376064.0
-1.0454528E7
-6436352.0
-4098560.0
-5012992.0
-504320.0
1031680.0
7596032.0
3525120.0
1134080.0
-4465664.0
8070656.0
6892544.0
1.6595968E7
1.8701312E7
1.640704E7
1.6269312E7
1.5985664E7
2310656.0
-8520192.0
-7392256.0
-193536.0
-4049408.0
9718272.0
6457856.0
6212096.0
4685312.0
1558528.0
-1.2314624E7
-3241984.0
-2384384.0
5543424.0
-1533440.0
-2223104.0
-1.0066432E7
-8961024.0
-7043584.0
7546880.0
1916928.0
-4740096.0
-5087232.0
-1.0555904E7
-1.0612736E7
-6323200.0
-4215296.0
-1.1332096E7
-3500544.0
-578560.0
-1580544.0
4092928.0
4914688.0
4475392.0
-7611392.0
3789312.0
9394176.0
1.1743232E7
-1396224.0
2872832.0
1111040.0
5600256.0
7394304.0
8969216.0
3308032.0
-2062336.0
-8847872.0
-1.3874688E7
446464.0
1.7206784E7
1.6681984E7
1.1340288E7
2009088.0
1119232.0
-4766208.0
-1508352.0
1.0653696E7
1.1006464E7
4806656.0
1.0113536E7
5550592.0
-6200832.0
1121792.0
-484864.0
2839040.0
231424.0
-6367232.0
-4372992.0
2575872.0
-1.000704E7
-3687424.0
-4468224.0
-3501568.0
2321920.0
-1388544.0
-1.17504E7
-1.3096448E7
-5293056.0
-4185600.0
8192512.0
1935872.0
-5455872.0
-4119040.0
-5362688.0
-5273600.0
139264.0
-1.138688E7
-7456768.0
-5313024.0
-4295680.0
-1740800.0
-1.8281984E7
-582144.0
6138880.0
1.1497984E7
9440768.0
9016320.0
3506688.0
-2315776.0
-6262272.0
-8540160.0
-9554432.0
-1.6221184E7
-1.1764736E7
-1.0180608E7
840192.0
3163648.0
7736320.0
2367488.0
6148096.0
2246144.0
9681408.0
1.0856448E7
2.282496E7
1.3024768E7
1.204992E7
-4031488.0
-1.0203136E7
-9031680.0
-5937152.0
-1.4419456E7
-1.1943936E7
-3094016.0
-6620160.0
-256000.0
2248704.0
1.405952E7
3244544.0
5592064.0
428544.0
5756416.0
5297664.0
6132736.0
-6977024.0
-6687232.0
-1.5596032E7
-1.977856E7
-1.5127552E7
-1.794048E7
-7240704.0
3388928.0
-5709312.0
-7865344.0
-2054144.0
-1.258752E7
-9268224.0
-1.1551744E7
-1.1260416E7
-6789632.0
627712.0
-1590272.0
-1.0819072E7
-1.4665216E7
-7748608.0
-466944.0
-8249856.0
-1.0632192E7
-931840.0
-1.1682304E7
-1.1067392E7
-8056832.0
-3942400.0
-5670400.0
-9429504.0
-6373376.0
-1.9080192E7
-2.233344E7
-2.063104E7
-8377856.0
6233600.0
5147136.0
6983168.0
6916096.0
-1005568.0
-9411584.0
-8464896.0
-830464.0
8402944.0
7334912.0
-1.199104E7
5442048.0
1.0459136E7
1.2358144E7
4558336.0
-4889600.0
-1288704.0
-2247168.0
3886592.0
1.1483136E7
5088768.0
-1146368.0
588800.0
587776.0
1.2745216E7
1.3394432E7
1801216.0
-2337280.0
-5638144.0
-7126528.0
4893184.0
6839296.0
1.0963968E7
-3445760.0
-1.475584E7
-1.9956224E7
-9112064.0
4112384.0
5976064.0
-4340736.0
-7452160.0
-6073856.0
-980992.0
-2722816.0
7230976.0
9541120.0
1937408.0
786432.0
1396224.0
-1995264.0
463360.0
-1157632.0
-3453952.0
-2152960.0
1399296.0
-2072064.0
-3390464.0
-2.0591616E7
-1.6497664E7
-1.4920704E7
386560.0
8811520.0
3564544.0
5139456.0
3696640.0
-1104896.0
7222784.0
1.9588096E7
2.0813824E7
2.145536E7
1.8617856E7
-7832576.0
-776192.0
86016.0
3834368.0
-634368.0
2655232.0
1844736.0
3354624.0
4055040.0
-4797952.0
-6457856.0
-2280960.0
-2523136.0
-6184448.0
-6170112.0
-3125248.0
-1334272.0
571392.0
-3308544.0
-1.225984E7
-4576256.0
8328192.0
-2368512.0
-3358208.0
9330176.0
3662336.0
4689920.0
3794432.0
-3014144.0
-1.3901312E7
-1.2337152E7
-8744960.0
1040896.0
815616.0
-5737984.0
-168448.0
5256192.0
5550080.0
9111040.0
8444928.0
1.1851264E7
1.2335616E7
1.2647424E7
7634432.0
-3203072.0
1.1517952E7
1.41952E7
1.225472E7
1.498368E7
1.6308224E7
1.817344E7
1.8555904E7
1.186048E7
2405888.0
5919744.0
-6049792.0
-8069632.0
-2982400.0
-7126016.0
-1.7854976E7
-4190208.0
-5753344.0
-8454656.0
-6786048.0
5092352.0
-277504.0
-7642624.0
-6003200.0
3745280.0
1.19424E7
9035264.0
2143232.0
-9728000.0
-6109696.0
-4604928.0
1.093376E7
1.5421952E7
2.140672E7
8714240.0
7154688.0
6562304.0
1.3955072E7
1.0521088E7
1.4680576E7
379392.0
6473728.0
-1011200.0
-35840.0
1.7708544E7
1340928.0
-6434816.0
-7373824.0
-2.0813312E7
-2721280.0
1.43232E7
1.0321408E7
7518720.0
8925696.0
8454144.0
1240064.0
-3213824.0
3851264.0
-1400832.0
-1.5361024E7
-1.7313792E7
-1678848.0
-3274752.0
-3779072.0
8279040.0
1.5424512E7
7225856.0
4708352.0
4872704.0
7497216.0
4762112.0
-1704960.0
728576.0
-7894528.0
3756032.0
9976320.0
8935424.0
-93184.0
1433088.0
1.0870272E7
8639488.0
1.14816E7
9712640.0
4881920.0
897024.0
3734016.0
6515200.0
-1307648.0
-6202880.0
1556992.0
-99840.0
1.5095296E7
1.3897728E7
1.4833664E7
1.4490112E7
1.7452544E7
1.8885632E7
1.9930624E7
1.7272832E7
1.2971008E7
4527104.0
-3400192.0
-8141824.0
-2434560.0
2653184.0
-5937152.0
-7166976.0
-9145344.0
-1.804544E7
-8544256.0
-5914112.0
-1.1519488E7
-1.2341248E7
-1.1830784E7
-1.5060992E7
-247808.0
1.2130816E7
2.2419968E7
9794560.0
8590848.0
1.6858624E7
1.4953984E7
-2756608.0
-4063232.0
3418624.0
1.3345792E7
-1839616.0
-1.788672E7
-9777152.0
7238144.0
2160640.0
3340800.0
1670144.0
-3779072.0
-5089792.0
-1.0722304E7
-4572672.0
-8717312.0
-1.1045888E7
2533888.0
9987072.0
4383744.0
-5170688.0
2419712.0
1682432.0
-1.5325696E7
-8274432.0
-6356992.0
-1.01376E7
-6467584.0
-7756288.0
4690432.0
-3811328.0
-1.389056E7
-8364544.0
7936000.0
3438592.0
8201216.0
8949248.0
9070592.0
-747520.0
-4344320.0
-1.2621312E7
-5596160.0
-6685696.0
-1190400.0
-134656.0
6761472.0
1.6124416E7
1.1075072E7
5765632.0
1.014784E7
7743488.0
-6876672.0
-1.3500416E7
-1.1221504E7
-1.324288E7
-7460864.0
-1.3600768E7
-1.3239808E7
-6723584.0
815104.0
-6914560.0
-9361920.0
-8815616.0
-1.4241792E7
-1.6040448E7
-3596800.0
-4941824.0
-1.376256E7
-1.3561344E7
-9489920.0
-4816384.0
-2457088.0
-2059264.0
1179648.0
-3041792.0
98304.0
-3172352.0
5792768.0
1.3092352E7
6722560.0
3669504.0
-5187584.0
-1502720.0
5109760.0
6578176.0
-3470336.0
-7801856.0
320000.0
-2773504.0
-2621440.0
-9232384.0
-2946560.0
-2158592.0
-4635136.0
-5566976.0
-1595904.0
-1742336.0
60416.0
-4202496.0
48640.0
-2261504.0
-2469376.0
5181952.0
1393152.0
-1664512.0
-1797120.0
4132864.0
-2733056.0
-1.2696576E7
4148224.0
-6645760.0
-1.3263872E7
-1.0221568E7
-5304832.0
-3469824.0
-1728000.0
-6814208.0
-9723392.0
-8404992.0
-1.5154688E7
-33280.0
6209024.0
6834176.0
212480.0
-901120.0
-4807168.0
1153024.0
1.2902912E7
1.4651904E7
1.6355328E7
7073280.0
6956544.0
6728704.0
1529856.0
-2627584.0
5595136.0
1.0301952E7
7176704.0
8695808.0
5725184.0
-1197568.0
-633856.0
-174080.0
-4220416.0
-135168.0
-2099712.0
-4745216.0
-3161600.0
2768384.0
-721408.0
-3339776.0
-9742336.0
-9666560.0
-2.2467072E7
-1.236224E7
673280.0
5865984.0
5809664.0
1452544.0
1.7880576E7
7360512.0
2151936.0
2776576.0
811520.0
-437248.0
-1.4601216E7
-1.1983872E7
-1.0029056E7
-6155264.0
-6947840.0
-2106880.0
-2447360.0
2601472.0
1930240.0
-4981248.0
-1.2596224E7
-1.3097472E7
-1.9127296E7
-1.8660352E7
-1.6926208E7
-4530176.0
-5099008.0
-632320.0
5160448.0
-4958208.0
-9847808.0
-1.0218496E7
-1720832.0
-5681664.0
-1.0636288E7
-7170560.0
5645824.0
1.2681216E7
8153600.0
-5974016.0
3021824.0
6342144.0
6295040.0
2863616.0
-7550976.0
-3061248.0
498176.0
6628864.0
6631424.0
-6056960.0
-1.3746176E7
-9141248.0
-1.0193408E7
-3185664.0
1659392.0
3158016.0
-1.2093952E7
168960.0
7439872.0
1.1856384E7
1.3426688E7
4987904.0
3355136.0
-1094656.0
-1.5795712E7
-2.8712448E7
-1.7583104E7
-1.304064E7
-1.4752768E7
-4766208.0
-690688.0
-1641472.0
-982016.0
-2632192.0
-802816.0
-4242432.0
588800.0
5299712.0
4736000.0
2326016.0
-1.1813376E7
-5804544.0
-2841088.0
7504384.0
-3478016.0
3391488.0
9963008.0
1.0363392E7
1079808.0
-3360768.0
4155904.0
1427456.0
4662784.0
2567168.0
1.005312E7
1.145088E7
3820032.0
8687104.0
-3990528.0
-7591424.0
-1037824.0
1.0406912E7
-279040.0
-9187328.0
-4038656.0
-2388480.0
-6076416.0
-7025152.0
-1.614848E7
-3829248.0
2648064.0
-404992.0
-2611200.0
-2028544.0
-6476800.0
-4623360.0
5895168.0
1.3714944E7
1.438464E7
1.2893696E7
1.1638272E7
-1729536.0
4435968.0
1.0029056E7
9924096.0
8785408.0
1.3053952E7
9604608.0
-1228288.0
869376.0
-1.0526208E7
-1.3069824E7
-9415168.0
-912384.0
-3265024.0
-3765760.0
-1474048.0
-446976.0
4339712.0
1.6026624E7
2.3337984E7
1.6897536E7
1.2194304E7
9293312.0
-5787648.0
-8260096.0
-2519040.0
5572608.0
-8801280.0
-8598016.0
-1717248.0
701952.0
1409536.0
-8993280.0
-4181504.0
3965440.0
4475392.0
-1657856.0
-1.0267648E7
1.0513408E7
1366528.0
-1.0607104E7
-1.6362496E7
-2.1580288E7
-9589760.0
-1.3862912E7
-7393792.0
4500992.0
1143296.0
-6930944.0
-2519040.0
-1.3030912E7
-6296064.0
9183744.0
9391616.0
7181824.0
7674368.0
8354304.0
6315008.0
-3104768.0
-7630336.0
-5104128.0
4196352.0
-3678720.0
-1.3096448E7
-1.3165568E7
-3497984.0
8284672.0
7277056.0
2654208.0
-3759104.0
3584.0
-5595136.0
-1709568.0
2077696.0
2054144.0
4679680.0
-9911808.0
-8000512.0
7764480.0
1.2886016E7
1.0823168E7
-8750592.0
-2.155008E7
-1488384.0
9193472.0
4431872.0
-1662464.0
1530880.0
2135552.0
-2608128.0
-6774272.0
-1.1151872E7
-5254656.0
4884480.0
-2328576.0
-8935936.0
-3189248.0
-1583104.0
7106560.0
4077568.0
-5591040.0
-9859584.0
2512384.0
156672.0
4922880.0
5329920.0
8160256.0
-2333696.0
5711360.0
8904192.0
8511488.0
6703616.0
1.2864E7
8135168.0
-3409920.0
-26112.0
-6853120.0
-217600.0
-6310912.0
-7812608.0
-1.2309504E7
-9354240.0
-4791808.0
-1703936.0
3195904.0
4906496.0
-8885760.0
-5993472.0
-5606912.0
-1.51552E7
-1.66912E7
-2900480.0
-4480512.0
-3131392.0
4349440.0
-3976192.0
-8416256.0
-6592512.0
-1.6356864E7
-1.44768E7
-1.0035712E7
487424.0
4054528.0
7337472.0
2680320.0
-4515840.0
-1.3239808E7
-1.0615808E7
-2703360.0
3697664.0
7172096.0
3344896.0
1544704.0
348672.0
-1251328.0
-1343488.0
-7035392.0
-1.0151936E7
-1.7158144E7
-8944640.0
-6150144.0
-1.362944E7
-5465088.0
-6400512.0
-4820992.0
-7857152.0
-5223424.0
-3349504.0
-7816704.0
-1.0976256E7
-7066112.0
-3959296.0
-1.3019136E7
-1.4149632E7
-5267968.0
1943552.0
2763776.0
1200640.0
-5897728.0
2750976.0
956928.0
-1318400.0
1.0823168E7
8354816.0
1.1536384E7
7369728.0
1.3657088E7
2740736.0
-8273408.0
-1111040.0
3966976.0
6209024.0
4537856.0
7609344.0
2329088.0
-1858560.0
-7987712.0
-1771008.0
5190656.0
1.3710848E7
2.0571136E7
1.9473408E7
9846784.0
5689856.0
7911424.0
1901568.0
-6667776.0
-1.4442496E7
-499712.0
-2480128.0
1011712.0
9926144.0
1.3442048E7
1.095168E7
2055680.0
-1.1249152E7
-1.39904E7
-7660544.0
-455680.0
1.911552E7
1.4370816E7
1.2665344E7
5639680.0
-1.7543168E7
-1.0056192E7
1923584.0
9480704.0
2333696.0
-3896832.0
-326656.0
-1.2553216E7
4838912.0
7742976.0
9925120.0
5854720.0
1.505024E7
1.5919104E7
2.4448512E7
1.5850496E7
3891200.0
-7696896.0
-9656832.0
-4116992.0
-2018816.0
-5906432.0
-2758656.0
465920.0
-6406656.0
-1.3000704E7
-6946816.0
3609600.0
1.0729984E7
1.5220736E7
1.3556224E7
1.3484032E7
-2187776.0
-696832.0
5927424.0
-1598464.0
-1.3520896E7
-6546944.0
-114176.0
3652096.0
2392064.0
-5262336.0
-6575616.0
-1.3102592E7
-5127168.0
-4503040.0
-2624000.0
-9249792.0
-3053568.0
-3053568.0
-8242176.0
-1.6580096E7
1.191168E7
1.2737024E7
-3155968.0
-2019840.0
-9033216.0
-6204416.0
6779904.0
1.2249088E7
1.6198144E7
1.1323392E7
9203712.0
6529536.0
-930304.0
1.0249216E7
7881728.0
-1367552.0
-8505856.0
-2.0075008E7
-1.6581632E7
-3673600.0
2639360.0
-4333056.0
-1.1045888E7
-1.3278208E7
-9273344.0
6656000.0
149504.0
-3905024.0
-8956928.0
-757760.0
-1.096192E7
-5587968.0
-4087296.0
-4230656.0
-1.2191232E7
-2222592.0
-1501184.0
8498688.0
7003136.0
6705664.0
-1609216.0
-1.0917376E7
-5908992.0
-6262784.0
-1.3630464E7
-2.477568E7
-1.4459392E7
-1.1769344E7
-9270784.0
-26112.0
-2927616.0
5017088.0
1.5566848E7
8347136.0
-2802688.0
-9467392.0
4628992.0
3655168.0
-1.0636288E7
-4313088.0
-3530752.0
-2564096.0
-1975296.0
-6024192.0
-1.2643328E7
-6886912.0
-1.301504E7
-7098368.0
-6266880.0
-7918080.0
5292544.0
-6152704.0
-1.0262528E7
777216.0
-422912.0
-5577216.0
-4255232.0
3024384.0
-1645568.0
-3530240.0
-6693888.0
4867584.0
1.3967872E7
1.9751936E7
1.7525248E7
631808.0
-4555264.0
-2821120.0
-7555584.0
-8473600.0
-400896.0
-2510336.0
3016704.0
-6031872.0
-1.2780544E7
6536704.0
313856.0
-7324160.0
-5642752.0
7797248.0
8353280.0
-4612096.0
-6774272.0
-8536064.0
2689536.0
-7554048.0
-5283328.0
-3156480.0
-9511936.0
-1.2315648E7
1655296.0
8886272.0
1045504.0
6575104.0
6792704.0
4575744.0
-6217216.0
-1763328.0
1.2820992E7
4345856.0
2293248.0
553984.0
85504.0
7891456.0
1.3320192E7
2991104.0
-7033344.0
-9912832.0
-1.2627968E7
-6191616.0
-8017920.0
-4307456.0
-7081472.0
-3655168.0
1.3248512E7
1.2297216E7
2934784.0
-8961024.0
-8171520.0
-595456.0
2093568.0
6041088.0
909824.0
641024.0
-4335616.0
-3535872.0
8263680.0
-2717184.0
-1.1185664E7
-7709696.0
739328.0
1.0294784E7
-81920.0
-9870336.0
-7565824.0
-9362432.0
1373184.0
942080.0
335872.0
-1762304.0
5363200.0
2346496.0
-1.2043776E7
-6269952.0
-5088256.0
8675328.0
3838464.0
743424.0
-5816832.0
-4937728.0
-1.1487232E7
-7963136.0
-1.0251776E7
-8599040.0
-5703168.0
1.0654208E7
6569472.0
-1.0415104E7
-2118144.0
1.5028736E7
188416.0
1085440.0
9786880.0
1453568.0
-204800.0
-3593728.0
-701440.0
-720384.0
3350528.0
1927168.0
-4258304.0
-4837376.0
-5710336.0
1470976.0
3437056.0
-4601856.0
274944.0
8551424.0
1.8939392E7
2.24E7
1.949952E7
1.7800192E7
1.0897408E7
-1989120.0
2632192.0
-708608.0
-3345408.0
242176.0
-3602944.0
-3575808.0
-2003456.0
5250560.0
6959616.0
9008128.0
-2721792.0
6455808.0
7015936.0
-2336256.0
-8078336.0
-3296768.0
-1.1579392E7
-8899584.0
-5807104.0
9195520.0
-1874944.0
-1.8097664E7
-2247680.0
530432.0
-6111232.0
-219648.0
-315392.0
3165696.0
-7875072.0
-1.8762752E7
-9532416.0
-724480.0
-1961472.0
-908800.0
40960.0
1.4432768E7
1.5532544E7
9033728.0
1.1063296E7
1.8239488E7
1.3960704E7
992256.0
5626368.0
-2710016.0
3341312.0
-3331072.0
-8624640.0
-2872832.0
-8427008.0
-1907712.0
3962368.0
5204992.0
1400320.0
-1.1330048E7
-4614656.0
1687040.0
3934208.0
1.5364096E7
1.2327936E7
1.0525184E7
-4286976.0
-7079936.0
4651520.0
1.1280896E7
1.5399424E7
1.6249344E7
-1024512.0
-3209216.0
3122176.0
1.443328E7
1.551872E7
1.1114496E7
-3023872.0
-6784000.0
-1.2572672E7
-1.169664E7
4023296.0
1.2512256E7
1.3976064E7
3522048.0
4530176.0
7092736.0
9975808.0
-251392.0
-1261568.0
-1021440.0
3532288.0
5213184.0
9234944.0
7299584.0
-287232.0
-8642560.0
-5065216.0
315904.0
797184.0
-5895168.0
-1.5148544E7
-9049088.0
-440320.0
2036224.0
9445888.0
9499136.0
-4951552.0
-1.2066304E7
-4169216.0
-5625344.0
-9451520.0
-2332672.0
924672.0
-1448960.0
-1.0801152E7
-1311232.0
9654272.0
1.8530304E7
1.27744E7
9498112.0
-1260032.0
1.2269056E7
8047104.0
-9205760.0
-6146048.0
-5557760.0
-9983488.0
-1.3197824E7
-8912384.0
6476288.0
9759232.0
897536.0
-6139904.0
-1.1638272E7
-1.3538304E7
-3192832.0
989696.0
-8481280.0
-5065216.0
-1.1086848E7
-1.9273216E7
-9973760.0
7320064.0
5269504.0
-8666624.0
-1653760.0
777728.0
-1.438208E7
-1.6198144E7
-2444288.0
-9682432.0
-7199744.0
-7675392.0
-4332032.0
-1168896.0
-7663104.0
-4528640.0
-5198336.0
-1.1776512E7
-1.171968E7
-1.8548224E7
-1.5890944E7
-5399040.0
-5735936.0
-2456064.0
-6900736.0
-1.0605568E7
-1.087488E7
-7894016.0
-5762560.0
-851456.0
-1.0919424E7
-2.258432E7
-2.4082432E7
-2.0222976E7
-4839936.0
912896.0
393216.0
648192.0
7853568.0
1.3351936E7
-4255744.0
-7867904.0
-2671104.0
1.1158528E7
4545536.0
5861888.0
6458368.0
-1.2677632E7
-1.124608E7
-2.1712896E7
-5884416.0
6500352.0
5154816.0
1852416.0
-4754944.0
-9058304.0
6470144.0
8286208.0
6461440.0
-1776640.0
1.1912704E7
1.0946048E7
1.0271232E7
-7249920.0
-4883456.0
-5469696.0
1168896.0
713728.0
-7209472.0
-6332416.0
-4502528.0
-5408768.0
-1.2523008E7
-1.1517952E7
-702976.0
5692928.0
1.0563584E7
7296000.0
-1336832.0
8888832.0
6768640.0
-4715008.0
-5215232.0
-9737216.0
-1.2700672E7
-5639168.0
-1.0978816E7
-8984064.0
-1.0192384E7
-809984.0
5782528.0
1.7669632E7
1.6286208E7
1.6931328E7
1.1988992E7
1.2792832E7
6231552.0
2704384.0
-2751488.0
1693696.0
-1614336.0
-1.3803008E7
-1.9236352E7
-1.9974144E7
-1.6183808E7
-1.8723328E7
-4865536.0
-3006976.0
-2002944.0
5736960.0
8431616.0
-9216000.0
-1.4395392E7
-4965888.0
-2485248.0
1381888.0
5808640.0
-506368.0
4091904.0
1.7831936E7
1.2921344E7
3806720.0
-2538496.0
-3745792.0
4146176.0
655872.0
-7112192.0
-1.2233728E7
-5819392.0
280064.0
-9760768.0
-9425920.0
-6886912.0
-9966080.0
-1.3668864E7
-1.1738112E7
-1723392.0
-7283200.0
-4076032.0
4745216.0
4477952.0
-5572096.0
-4620288.0
783872.0
5423104.0
-1.0230272E7
-2844160.0
-7008768.0
-2988032.0
2616832.0
2234368.0
1816576.0
9352192.0
1.3141504E7
-2807296.0
-5734912.0
-6473728.0
-1.2773376E7
-7706624.0
-1.2519424E7
-9501184.0
-1.2553728E7
-1.1144704E7
3826176.0
1.5610368E7
1.1485184E7
-7659008.0
4734464.0
1758720.0
-5338112.0
-1.1204608E7
-1722368.0
1850368.0
1803264.0
4563456.0
1.0469376E7
9592320.0
5671936.0
5446656.0
1.3988352E7
1.3886976E7
-2425344.0
4041728.0
4448256.0
-1003520.0
-3532800.0
-1428992.0
-205312.0
-4794880.0
3802112.0
-1816064.0
-8987136.0
-1.5433728E7
-5067776.0
-3915776.0
836608.0
-797696.0
491520.0
-349696.0
-6552576.0
-2463232.0
4675072.0
-1.2083712E7
-6612992.0
3332096.0
-1.07392E7
-8388608.0
-4959744.0
-8738304.0
-8984576.0
-2074112.0
-4308480.0
784384.0
3725824.0
-6894080.0
-6275584.0
-8855552.0
-5229056.0
1392640.0
-6426112.0
-1.006336E7
-5988864.0
-1.1551232E7
-4007424.0
-822272.0
-2.0099584E7
-1.8448896E7
-1.8913792E7
-9762816.0
-6028800.0
-4123136.0
7027200.0
1.8962944E7
9598976.0
1732096.0
-2399744.0
5960704.0
7352320.0
1.1318784E7
9168896.0
-720896.0
-5772288.0
-6333440.0
3004416.0
7258624.0
1593344.0
-9614336.0
-1.2018688E7
8229888.0
1.1431424E7
-2406400.0
-1.5284736E7
-1.7873408E7
-6194688.0
1.447168E7
1.7978368E7
8675328.0
1.1208704E7
1.277184E7
4279296.0
-9928192.0
4010496.0
6129664.0
8473088.0
-2509824.0
-4399616.0
-741888.0
-1.5309824E7
-1.0750464E7
-6471680.0
-1.191936E7
-632832.0
1.0333696E7
-3087872.0
-9278976.0
-1.369856E7
-1.2438528E7
-1.048064E7
-1.9373056E7
-1.0558976E7
8355328.0
1.0642432E7
1.1675648E7
1897472.0
8983552.0
1.0500096E7
4403200.0
-3566592.0
-4184576.0
-2158080.0
-7625216.0
1168384.0
1219072.0
-5463552.0
-940032.0
-9398784.0
-5849088.0
-2941440.0
-1.4536192E7
-1.0231808E7
-1272832.0
4187136.0
6642688.0
1361920.0
5519360.0
2392576.0
6376960.0
2560000.0
667648.0
-634368.0
-7375872.0
-1.4611968E7
-6529024.0
-9879552.0
-1.1626496E7
-6246912.0
-9372160.0
-1.2964864E7
-1.1290112E7
-5217280.0
-4530688.0
-8526336.0
-1.1127296E7
-1.8729984E7
-1.8006528E7
-1.805056E7
-2.0408832E7
-3330560.0
4088320.0
8316416.0
-4914176.0
-2652672.0
-6138368.0
-807936.0
763904.0
1.3131776E7
6864384.0
-6661120.0
-9607168.0
-1056256.0
-729600.0
1.5261696E7
1.0611712E7
8443392.0
1.5348736E7
9319424.0
5085696.0
1.2117504E7
4635136.0
8563712.0
6169088.0
293888.0
8624128.0
-2096640.0
2155520.0
-5351424.0
8340992.0
1945088.0
9737728.0
7512576.0
7582720.0
5541376.0
7906304.0
-2213888.0
-1196544.0
4218880.0
-1669120.0
-5847552.0
2123776.0
3571200.0
3576832.0
2476544.0
-8297984.0
-1754624.0
3159552.0
-942592.0
2206208.0
-1567232.0
866304.0
4483072.0
4896256.0
1.0848768E7
1.4488576E7
-5956608.0
1780224.0
172544.0
-9808384.0
-4228608.0
-4810752.0
5794304.0
-5148672.0
-4576256.0
-1.2776448E7
-1.1102208E7
-8852480.0
-3450368.0
-4230144.0
-1.0464256E7
-8904192.0
3167744.0
-5124096.0
-1.5417856E7
-1.1039232E7
4772352.0
1.0871808E7
256000.0
-1815552.0
5662208.0
-257024.0
8138240.0
6505472.0
1.4524416E7
6725632.0
8288768.0
4964352.0
3620864.0
2418688.0
-4272640.0
3236352.0
313344.0
-1366016.0
-1712640.0
-1.5224832E7
-1.3359616E7
-1.4846464E7
-8073728.0
6659584.0
5223424.0
-2358272.0
1882112.0
-1.3123584E7
-1.346048E7
-1.0954752E7
-8792576.0
972288.0
3759104.0
4840448.0
-7525888.0
-9087488.0
3326976.0
7507968.0
9580032.0
2722304.0
-773632.0
7777280.0
-4513280.0
-1.3132288E7
-5244928.0
-8608768.0
-2097152.0
-86528.0
-6294016.0
-6350848.0
-9989632.0
-5767680.0
-2979328.0
-1.5297536E7
-2.6619904E7
-9434112.0
-7729152.0
197632.0
-800768.0
-1.230848E7
-5715456.0
647680.0
576512.0
1408000.0
-1128960.0
-1.903616E7
-2.1328896E7
-1.5668224E7
-1.2584448E7
-1.4929408E7
-6338048.0
8513024.0
2.1523456E7
8995328.0
-9096192.0
-2812928.0
-463360.0
8428032.0
1952256.0
4076544.0
1.7657344E7
1.733376E7
1210368.0
-2518528.0
-1.5496192E7
1519616.0
1.022464E7
1.0015232E7
-686592.0
-1639936.0
1.5728128E7
8847360.0
6768640.0
3517440.0
-8318976.0
-1.7774592E7
-1.0438656E7
-4519936.0
-4568064.0
3939840.0
6989824.0
-5575168.0
-8621568.0
7478784.0
1.2968448E7
1.2780032E7
604672.0
-4766720.0
-9094656.0
-2513920.0
-5690368.0
-5579264.0
-8888320.0
-1.8622976E7
-7406592.0
-4973056.0
-1.8914816E7
-1.8980352E7
-3008000.0
-1838080.0
-1.124608E7
-1.5827968E7
-1.3923328E7
-9054208.0
-4965376.0
4422144.0
5508096.0
-6161920.0
2676224.0
5103104.0
4643840.0
586240.0
-2289152.0
3346944.0
-3722752.0
3701760.0
-5112320.0
-9585664.0
531968.0
4875264.0
2696704.0
-1.1350528E7
-1.8177024E7
-1.3428224E7
-1.2961792E7
-1.3019648E7
-8046592.0
-8526848.0
-7470592.0
-579584.0
4041216.0
5575168.0
-4181504.0
-3506176.0
-8979456.0
-1.7726976E7
-1.7792E7
-8241152.0
-2701312.0
-9436160.0
-3219456.0
-6473728.0
-1.054976E7
2371072.0
1.0603008E7
1907712.0
4152320.0
-5460992.0
-3398144.0
-8929280.0
-3866624.0
5708800.0
2240000.0
313856.0
-8756224.0
-1.1008512E7
-1.2242432E7
-1.0296832E7
-5472256.0
5401088.0
-7234048.0
-1.2370432E7
-1.2715008E7
-6578688.0
711680.0
4511744.0
3396096.0
4362752.0
-3520512.0
-2607616.0
-6255616.0
-4523008.0
-3073024.0
751104.0
1416704.0
4304384.0
-6219776.0
-1.3856768E7
-2144768.0
1.0579456E7
2657280.0
-2357760.0
1650688.0
1.2883968E7
1.7670656E7
8602112.0
-2704384.0
-7381504.0
-4752384.0
1.024512E7
1.0497536E7
8526336.0
6329344.0
2.1193216E7
8098304.0
-1990656.0
-1.4657536E7
-9187328.0
-2095104.0
2314240.0
-3123200.0
2084352.0
353792.0
-1.5184384E7
-1.1657216E7
-1.2334592E7
-1.6617984E7
-1.1073536E7
-4637184.0
-606720.0
-8109056.0
-5989888.0
-6273536.0
-9243136.0
5751296.0
-1848320.0
647168.0
-3035648.0
-8182272.0
-6812672.0
2315776.0
-8821248.0
-1.6996352E7
-1.1917824E7
-7581184.0
-6373888.0
-9092608.0
-7719424.0
-750592.0
-2161152.0
-9041920.0
-9489408.0
5820416.0
7332352.0
-876544.0
8097280.0
1.010688E7
7503360.0
1.1194368E7
2.5783296E7
2.4292864E7
5266944.0
1783808.0
6993408.0
1.33632E7
8868864.0
1362944.0
-2774016.0
-3133952.0
-8837632.0
-282112.0
569344.0
9545728.0
3311104.0
2244608.0
-1.0119168E7
-6831616.0
-994816.0
-8511488.0
-1018880.0
3690496.0
3201024.0
3043840.0
6957056.0
1.343744E7
-2726912.0
-7516160.0
-3531264.0
2498560.0
-952320.0
-85504.0
-1.001984E7
-1.3474304E7
-3791360.0
-4860416.0
-7238656.0
-2863104.0
4480000.0
-8233472.0
-9387008.0
-4283392.0
4469248.0
3902976.0
3337216.0
9939968.0
2731520.0
234496.0
5649920.0
-2501120.0
3129856.0
5638656.0
-1038336.0
9672192.0
7349248.0
-458240.0
-3366400.0
-1032192.0
1920512.0
1.4051328E7
1.1513856E7
1767424.0
5786624.0
1.7357824E7
5067264.0
-401408.0
5706240.0
-3305984.0
6460416.0
7577600.0
4656640.0
4064256.0
9396224.0
6687232.0
4658688.0
7609856.0
9688064.0
-7125504.0
-1.3408256E7
-3634688.0
-1827328.0
-1.0732544E7
-1.247488E7
-7777280.0
-5113856.0
-4024832.0
3051008.0
-6492160.0
-4740608.0
6722560.0
5264896.0
1.7373184E7
1.6444928E7
1.4447616E7
7987200.0
5948416.0
-2193920.0
-2422272.0
5061632.0
9147904.0
297984.0
-3392000.0
-1143296.0
-4434432.0
6701056.0
6747648.0
-1.1830784E7
-1.3556736E7
-1.8070528E7
-1.3260288E7
-4453376.0
594432.0
-2415104.0
2172416.0
-7202304.0
5902848.0
3886592.0
5756928.0
1.6831488E7
1.4354944E7
8675328.0
-587264.0
-4168704.0
-9414144.0
-7643136.0
-7170048.0
-8481280.0
2363392.0
8420864.0
4455936.0
1.2495872E7
3468288.0
-7506432.0
-9233408.0
-8199168.0
-7667712.0
-1.7903104E7
-7422976.0
-1.1633664E7
-1.2793856E7
-1.218048E7
-9238016.0
-559616.0
226816.0
1.263616E7
2.1362176E7
4188160.0
-2493440.0
-4213760.0
-4651008.0
3033600.0
7059456.0
2043392.0
-7421440.0
-1.404928E7
-1.1384832E7
-1.3115904E7
-9064960.0
-6457344.0
-6413312.0
-3939840.0
-876032.0
6694912.0
8459776.0
7842816.0
-6139392.0
-7925248.0
-1921536.0
-2759680.0
-1842688.0
-8312320.0
-1.022208E7
-1.6958976E7
-1.672192E7
-1540608.0
4242432.0
-6033920.0
-6366208.0
-6249472.0
-6778368.0
-1.2042752E7
-1.5827968E7
-1.0091008E7
-1.6676864E7
-1.4472704E7
-6404096.0
-965632.0
-3405824.0
714240.0
-4846080.0
1527808.0
1.1147776E7
5601792.0
-2177024.0
-9714688.0
3452928.0
1.4847488E7
1.1355648E7
2768384.0
-1.4032384E7
-822272.0
6951936.0
4635648.0
2394624.0
-9465344.0
-6302720.0
-3549696.0
1504256.0
-4190208.0
-5492224.0
-1.7085952E7
-1.0589184E7
1203200.0
5355520.0
4273152.0
4528640.0
1760256.0
-2460160.0
1443328.0
-700416.0
-3283456.0
1659392.0
3675648.0
2891264.0
-1.0323968E7
-4108800.0
4524032.0
6907392.0
1.6978432E7
1.7380352E7
1.3454848E7
-451072.0
1.2081664E7
1.5341568E7
1.5238144E7
5690880.0
1154560.0
-4553216.0
-8537088.0
-9511424.0
5519872.0
-3953152.0
-4211712.0
411648.0
-1257984.0
-9944064.0
-4099072.0
-4614656.0
-7916544.0
-1.5127552E7
-1.4480384E7
-1.1051008E7
4568576.0
1.5785472E7
1.4142464E7
1.2258304E7
4956672.0
9216.0
-5701120.0
-1.1238912E7
-2949632.0
7444480.0
4281856.0
-1366016.0
4684288.0
-2863616.0
-2199552.0
-1743872.0
62976.0
-1.024E7
-1.5526912E7
-1.264128E7
-2.0491264E7
-9826304.0
-5547008.0
7393280.0
1.3287936E7
1.853952E7
9303040.0
1.4009856E7
1.5391744E7
7579136.0
7097344.0
-9808384.0
-1.6500736E7
-9007616.0
-6543360.0
-6575104.0
-2978816.0
-1.4370304E7
-2172928.0
9205248.0
5250560.0
-1.4993408E7
-1187840.0
-1.5030784E7
-2.3154688E7
-1.5729152E7
-1.8358272E7
-1.6252416E7
-6430720.0
3026944.0
4318720.0
-19456.0
2887168.0
-628736.0
-1.2009984E7
-1.4618112E7
-6310400.0
2040320.0
-3419648.0
-2781184.0
-3531264.0
-1.8443776E7
-2.1062144E7
-9310720.0
-8322048.0
-3142656.0
9793024.0
6905856.0
-4470784.0
-5292544.0
-4611072.0
6791680.0
9473024.0
4113920.0
-4886528.0
-7566848.0
-7674880.0
-1942016.0
-8146432.0
-391680.0
3667456.0
5347328.0
1823744.0
2184192.0
-7542784.0
-6237184.0
-3497472.0
-1.1911168E7
-2.2902272E7
-1.380608E7
-1.2033024E7
-4316672.0
-966144.0
-1.1472384E7
-1.4445568E7
-1.2570624E7
-7923200.0
3700736.0
9208832.0
2.1185536E7
5043200.0
-521216.0
-8940032.0
-2533888.0
-1.1364352E7
-1.0098688E7
-5614592.0
-1.0676736E7
-2715648.0
8963072.0
9875968.0
3719168.0
1878528.0
-1.208064E7
-1.1658752E7
4364288.0
1397760.0
9459200.0
4381696.0
-9954304.0
-1990656.0
-9163776.0
-1.5835136E7
-1.3628928E7
-1325568.0
-1.086464E7
-1.6073728E7
-1.66016E7
-1.514496E7
-1.4850048E7
-5574656.0
135680.0
-6930944.0
-5647360.0
-6214144.0
6098944.0
-5109248.0
-1.4656512E7
-1.1268608E7
-4715008.0
-6716928.0
-1.0494464E7
-7148032.0
-3830272.0
4672512.0
-3445248.0
-6496256.0
-2141184.0
9789952.0
4149760.0
-3645952.0
2347008.0
1.1905536E7
1.420032E7
1.7806848E7
9226752.0
3310080.0
-8508928.0
-1.9380224E7
-4153344.0
-4580864.0
-4584960.0
-2530304.0
-453120.0
-820736.0
-1.1737088E7
-4706304.0
-1.1239424E7
-2.0875264E7
-2.4204288E7
-8322048.0
5772800.0
1.1004416E7
9686016.0
-5113856.0
-6903808.0
-5548032.0
-4713472.0
-1304576.0
-8111616.0
-4478464.0
-9159680.0
-1566720.0
2405376.0
-8497664.0
-3425792.0
2115072.0
1370112.0
5513216.0
6031360.0
5083136.0
3834880.0
-6134784.0
4591616.0
4794368.0
9900032.0
4989440.0
1.0366464E7
8696320.0
-1087488.0
8227328.0
3616256.0
-4494336.0
9768448.0
1.2816384E7
-5862912.0
-1.3848576E7
-1.4641664E7
-1.3541888E7
-7447040.0
-4108800.0
-784896.0
-1.0046976E7
-1.216256E7
-7811072.0
-595456.0
5010432.0
2058240.0
-1.405696E7
-3986432.0
-1.280512E7
-1.0553344E7
4369408.0
47616.0
-258048.0
1973760.0
6099456.0
8346112.0
6285824.0
-1920000.0
3911168.0
1593856.0
564736.0
2372096.0
-1.1009536E7
-3436544.0
-1758208.0
825856.0
6127104.0
1.1462144E7
7845888.0
-8571392.0
-6428160.0
3251200.0
6544384.0
4948480.0
4135936.0
4193280.0
-2916864.0
-1.4754816E7
-2.390528E7
-1.7171968E7
-1.2395008E7
-3283456.0
-912384.0
3762688.0
-1.1137024E7
-4556800.0
1.0484224E7
-2137600.0
-5663232.0
-4135936.0
-3357184.0
8880128.0
1.405696E7
9212416.0
6935552.0
8211456.0
7961600.0
2539008.0
5337600.0
2.068992E7
1.1493376E7
1.1746816E7
2719232.0
-5918208.0
4993536.0
1.0306048E7
2199552.0
-3231744.0
8184320.0
6640640.0
9751552.0
-227840.0
-1198080.0
-1926144.0
623616.0
-3257856.0
537600.0
7005696.0
4522496.0
4328960.0
9394688.0
1.9029504E7
7158272.0
3006464.0
-669696.0
5319680.0
-2072064.0
-5659136.0
-1.392128E7
-1.5896064E7
-103424.0
1289216.0
3502592.0
1.4108672E7
6321664.0
-1994240.0
-1641984.0
-7301120.0
-1.27872E7
-9372160.0
-7334912.0
-5019648.0
-3029504.0
-5166592.0
-1.1063296E7
-1.3877248E7
-1.086208E7
-6737408.0
-1.2708864E7
-8195072.0
6411264.0
1.3249536E7
-1180672.0
-2865152.0
-1921024.0
-2712064.0
-1318912.0
5076992.0
5181952.0
-9453568.0
-7240704.0
3841024.0
3264512.0
1.0689536E7
1.9234816E7
1.9142144E7
-9036288.0
-1.4665728E7
-1.6110592E7
-1.2665856E7
-6234624.0
-7574016.0
-1903616.0
2861056.0
-5489664.0
-1.1641856E7
-1.3585408E7
-1.0494976E7
-4225536.0
5349376.0
7077888.0
8078336.0
-4692992.0
5969408.0
2032128.0
-23040.0
2195968.0
-3457024.0
-2264064.0
-2211328.0
-1193984.0
-1906176.0
-4374528.0
-5061120.0
-1.5032832E7
-1.0582528E7
-1.3755392E7
-1.3305856E7
-1.6392704E7
-1.3563904E7
-1.2217856E7
-7357952.0
-8237056.0
677376.0
-1.5227392E7
-1.204736E7
-7476224.0
-1.4590976E7
477696.0
3356672.0
5642752.0
-5908992.0
-9653760.0
82944.0
6450688.0
1.6463872E7
4470272.0
1569280.0
6988800.0
9788928.0
8779776.0
5479936.0
5979136.0
61440.0
1566208.0
1.1393536E7
8936448.0
882176.0
1.0300928E7
1.283584E7
-279552.0
-1.419008E7
-4577792.0
6736896.0
1.1263488E7
-1793536.0
-1.042176E7
4708352.0
1.0710016E7
8752640.0
6742016.0
6446080.0
3419136.0
1.0293248E7
1.8035712E7
1.7247744E7
1.7703936E7
2.3529472E7
2.8069376E7
2.4999424E7
1.569024E7
-1318912.0
3806720.0
1517568.0
-5790208.0
-2361856.0
-3872768.0
-1613312.0
2123264.0
1.1257856E7
-1350144.0
-1.5704576E7
-4808192.0
-2317824.0
1006592.0
5121536.0
-1.0059264E7
-2.3522816E7
-3.3036288E7
-2.0016128E7
-1617408.0
948224.0
3605504.0
4852224.0
2689536.0
-5140480.0
6598656.0
6218240.0
-3795456.0
-8834048.0
-9019392.0
-7713280.0
-8740352.0
-4770304.0
-1784832.0
-3319296.0
8254464.0
3888640.0
3490304.0
1536000.0
-2588672.0
1013760.0
2753536.0
-3054080.0
-9149952.0
-1.3053952E7
-1.0972672E7
2342400.0
1043456.0
-4278784.0
1106432.0
1.4580736E7
1.6434688E7
9305088.0
-8101888.0
-9409024.0
-5472256.0
-8594432.0
5384704.0
1991168.0
8062464.0
5488128.0
5419520.0
-538112.0
-2605056.0
-8871424.0
-8028160.0
-4533248.0
4008960.0
7021568.0
5173760.0
1.4671872E7
1.092096E7
6582272.0
-5655552.0
-3659776.0
1.2379136E7
1.7261056E7
2.3587328E7
1.6747008E7
5481984.0
1.0834944E7
6625280.0
1.0618368E7
-138240.0
1.0210304E7
4127744.0
-1607168.0
7410688.0
1.2315648E7
2828800.0
4928512.0
6906880.0
9703936.0
8167424.0
1.4012416E7
6078464.0
2284544.0
2739200.0
-2163200.0
6830080.0
6178304.0
-8747520.0
-4893184.0
-3980288.0
-102400.0
1290240.0
4579328.0
-5591040.0
-1.5289856E7
-1.2201472E7
-1.0891264E7
-3848192.0
-5434880.0
-451584.0
1.4216704E7
1.1149824E7
-3039232.0
-5507072.0
-1070592.0
-2182144.0
1577984.0
-2079744.0
-8033280.0
35840.0
-3026944.0
-1785344.0
-5412864.0
-3525120.0
-8647168.0
-1.2934144E7
-1.5540736E7
-1.849088E7
-1.3899776E7
-4585984.0
-2590208.0
7891968.0
-1.1217408E7
-4946944.0
-1025024.0
5134336.0
3770368.0
3297280.0
-1102336.0
-5614080.0
-5092352.0
-4055040.0
-75264.0
4937728.0
3015680.0
9596928.0
3679744.0
-828928.0
-4114432.0
-1.1918848E7
-1.4313984E7
-219136.0
2639360.0
4300800.0
7884288.0
-218112.0
3257856.0
5901824.0
9395200.0
-3785216.0
815104.0
5610496.0
1.3536768E7
5498880.0
2419200.0
511488.0
-4353536.0
-5039104.0
-1.6973824E7
-1.3325824E7
-1.1651072E7
-1.0460672E7
-2317824.0
-6688768.0
6612480.0
-2291712.0
-6251520.0
-1.0579968E7
-601600.0
1832448.0
-6294528.0
-5548032.0
-9882112.0
7280640.0
1.5333376E7
8836608.0
6620672.0
2188800.0
8811520.0
-282624.0
4443136.0
-2621440.0
-398336.0
9735168.0
3738112.0
1.1822592E7
1.6784896E7
1.536768E7
7830528.0
5144064.0
2042880.0
3854848.0
4657664.0
-879104.0
-7221760.0
1.0314752E7
4274688.0
9584128.0
1.528576E7
1.5405568E7
8061440.0
4331520.0
1798144.0
442880.0
-4409856.0
-4538368.0
113152.0
6576640.0
1.5217664E7
2720256.0
1978880.0
-293376.0
-4770304.0
-5746176.0
3115008.0
-2234880.0
1295360.0
3201536.0
-6742528.0
-1.0970624E7
-8148480.0
-1.5273984E7
-6837248.0
-3657728.0
-4000256.0
675840.0
2899456.0
345088.0
-1.5468032E7
-5830656.0
-3549696.0
-7262720.0
-1.0134528E7
-8956416.0
-1.316096E7
-8716800.0
-1087488.0
7181824.0
8268800.0
-2486784.0
1906176.0
-2508800.0
1717248.0
3661312.0
4788736.0
-4007936.0
-1388032.0
-1.3691392E7
-1.7716736E7
-2.1733376E7
-1.6126464E7
-2225664.0
4634112.0
6800384.0
-620544.0
-3341824.0
-8922624.0
-6895104.0
1.423872E7
1158656.0
879104.0
-283648.0
1.3238784E7
1.4527488E7
4063232.0
-7407616.0
-9683968.0
-1.2437504E7
-9607680.0
-3022336.0
-1.152E7
-1.5304704E7
-4291072.0
-7765504.0
-1.1791872E7
-1.3261824E7
-1.8117632E7
-1.2570624E7
-1.2071936E7
-1.6448E7
-2.3290368E7
-1.686272E7
-1.299968E7
-7005184.0
-1.1280384E7
-9359872.0
-1.150976E7
-7720960.0
-6084096.0
-8022016.0
-4866048.0
-1694208.0
-175104.0
1.5017472E7
-2310656.0
-1800704.0
-2350592.0
4399104.0
3532288.0
2299392.0
3746304.0
-4876800.0
-4150272.0
-9502208.0
-8931840.0
-3071488.0
-1624064.0
-172032.0
1507840.0
1519104.0
5731328.0
5653504.0
1686016.0
1977856.0
7285248.0
-2337280.0
-3741696.0
2673664.0
5479936.0
-2372608.0
-7473152.0
-3061248.0
-8317952.0
-1.1431936E7
1501184.0
-4253184.0
-917504.0
7512064.0
3981312.0
1.1232256E7
7886336.0
-2062336.0
-1337344.0
-9197568.0
-7570432.0
819712.0
-3944448.0
-2136576.0
-1.783296E7
-1.4425088E7
-2536960.0
4080640.0
6711296.0
6833664.0
4676096.0
415744.0
5666816.0
-3845632.0
-8244736.0
-5388800.0
-605696.0
-1225728.0
2637312.0
1.8012672E7
3506688.0
1119744.0
8171520.0
1.1094016E7
2446336.0
1.2534784E7
7971328.0
1.4835712E7
3121664.0
434176.0
-226816.0
3269120.0
1.0794496E7
6845440.0
-1358336.0
-1559552.0
-1107456.0
-644608.0
-1716224.0
-6753792.0
-8696832.0
-658432.0
-8960512.0
-9465344.0
-4309504.0
9677312.0
8513024.0
-1268736.0
8448512.0
1.6483328E7
8698880.0
1.0658304E7
2.1287424E7
2.1251072E7
1.1952128E7
2241536.0
1.0834432E7
1.2429312E7
1.1693568E7
1007616.0
-7232000.0
-1627648.0
-4347904.0
-2459648.0
310272.0
1.307904E7
7585792.0
1.0520576E7
1.0816E7
3958272.0
6402048.0
1.0289664E7
1.2474368E7
1.0314752E7
-2402304.0
-7524864.0
-4195840.0
-2764800.0
1883648.0
1.958144E7
1.7281024E7
7997952.0
1.504768E7
1.6260608E7
2275840.0
-1163776.0
-7362560.0
-1.6358912E7
-1.2206592E7
-5295104.0
507904.0
-4623872.0
1053696.0
-1.13152E7
-5417984.0
-9322496.0
3085824.0
-6968832.0
-2019840.0
-5914624.0
-1736704.0
-6684160.0
-7064576.0
-4130304.0
-1522176.0
-1.2456448E7
-1.4374912E7
-8089600.0
-3365376.0
-4439552.0
-6176768.0
-1.4371328E7
-1.7952256E7
-1.3040128E7
-1.5761408E7
-1.3500416E7
-1.3220352E7
-1.3764096E7
-6397440.0
-1583616.0
-1.6756736E7
-6029824.0
7803904.0
2845184.0
7491072.0
1.7325568E7
9720832.0
7016960.0
3748864.0
-69632.0
3216384.0
-4446720.0
-4880384.0
-1185792.0
-4298240.0
-107520.0
9358336.0
-1987072.0
-2257920.0
-4048384.0
7014912.0
-6868480.0
-1.0171904E7
-2935296.0
4581888.0
7478784.0
7427584.0
2804736.0
-9432064.0
-2977792.0
-5106688.0
-1.0110464E7
-1.081088E7
-1.3799936E7
-2.321152E7
-1.2477952E7
-1.6224768E7
-1.9295744E7
-1.5148032E7
-7343104.0
-3762688.0
-1.24288E7
-3483648.0
-1133056.0
-46080.0
-9063424.0
-287232.0
-2152960.0
-660992.0
-3170816.0
9104896.0
4201984.0
-7945216.0
-6560768.0
3826688.0
-2285056.0
-1.8808832E7
-1.9070976E7
-4727296.0
9412608.0
8534528.0
-246784.0
-557056.0
-181760.0
-1.1452928E7
-4473856.0
-1893376.0
5822464.0
4485632.0
-4495360.0
-5440000.0
-1.376256E7
-1.5703552E7
-2784256.0
7980032.0
7709696.0
3760640.0
1.4298624E7
1.536512E7
7837696.0
-4942336.0
-569856.0
-3192832.0
-3472896.0
-6272512.0
-962560.0
-1278976.0
-3076608.0
1886208.0
2769920.0
6164480.0
9410560.0
4898304.0
1.6487936E7
1.5236096E7
2140672.0
4031488.0
-642560.0
-2852864.0
1.1438592E7
2.343936E7
5232640.0
2220544.0
1584640.0
4016640.0
-1031168.0
-571904.0
1027072.0
-3134464.0
-8426496.0
-2598400.0
395264.0
2736128.0
-2492416.0
-3504640.0
-1.093376E7
-3418624.0
-295424.0
-532480.0
7666176.0
7648768.0
1.0872832E7
386048.0
-1193472.0
1243648.0
-1036800.0
7156736.0
6367232.0
5219328.0
-6712832.0
-2293248.0
2897408.0
4676608.0
4908032.0
2664960.0
1.3400064E7
2.4068608E7
3.232512E7
1.124096E7
2304512.0
8107008.0
3688448.0
4784128.0
5154304.0
-1660416.0
6412288.0
2141184.0
-6703104.0
-4734464.0
3412992.0
1.4524416E7
8760320.0
9559552.0
414720.0
-4289024.0
-1.1111424E7
37376.0
1.1634688E7
5527040.0
725504.0
-7779840.0
-9330176.0
3832320.0
-2877440.0
-9657856.0
-8341504.0
-8500224.0
-1.0239488E7
1238528.0
7629312.0
-1757696.0
-8728064.0
4519424.0
-5811200.0
-5855232.0
2771456.0
4369920.0
1.5378432E7
1.6433152E7
1.555712E7
3116544.0
-6596608.0
-7294976.0
-3299328.0
7996928.0
9525248.0
9262592.0
8801792.0
8656896.0
552448.0
-3029504.0
-6894592.0
-8798720.0
-1.8064384E7
-3044864.0
2264576.0
-1.1571712E7
-1.2182016E7
-2312704.0
5530112.0
1.1945472E7
6919680.0
1.2047872E7
-63488.0
-9219584.0
-2899968.0
8872448.0
648192.0
-1645568.0
-9244160.0
-1.4452736E7
-7821824.0
-5732352.0
-4199424.0
-3605504.0
-2043904.0
-1.2674048E7
-1.3615104E7
-2481152.0
-7351808.0
-2773504.0
-3204608.0
-1017856.0
-8527872.0
-1495552.0
-2408448.0
1.0361344E7
1.6838656E7
6984704.0
-7025664.0
-614912.0
-1997824.0
-7476736.0
1510912.0
-5743104.0
-1.8136064E7
-9377280.0
-4035072.0
-7053824.0
7921664.0
1.0094592E7
6313472.0
8384000.0
1.2161024E7
1.0896384E7
4347904.0
-3075584.0
-5805056.0
-1740800.0
-5420032.0
271360.0
-4267008.0
-4713984.0
7714304.0
3906048.0
-1.715968E7
-2.1551616E7
-1.4951936E7
-8877056.0
-6436352.0
-1.8179072E7
-5822976.0
7659008.0
-228352.0
2970624.0
-1517056.0
1954816.0
6367232.0
4775424.0
-6464512.0
-649728.0
1.3819904E7
-774144.0
-4691968.0
-1.970176E7
-1.0550272E7
5634560.0
-7066624.0
4561408.0
9553920.0
-3420672.0
2702336.0
1.2585472E7
1.1103744E7
1.3421568E7
9958912.0
1.006848E7
3513344.0
3401216.0
2120704.0
5453824.0
3759104.0
2701824.0
1.9037696E7
1875456.0
-6003712.0
-8366080.0
-1.5632896E7
-1.5397376E7
-1.1618304E7
-7315456.0
-1.6787456E7
-2.1975552E7
-2227200.0
2924032.0
6017536.0
-627200.0
-1.2514304E7
-9638912.0
-1.3954048E7
-1.5601152E7
-2208256.0
-290304.0
-4898304.0
-6559744.0
-346112.0
5932544.0
1916416.0
-3102208.0
-1.1533312E7
-7207936.0
-4981760.0
-3168256.0
7622656.0
-1079296.0
-2633728.0
-2327552.0
-5544960.0
-8582144.0
-4839936.0
9250816.0
-449024.0
-8871936.0
-9765376.0
-8257024.0
-9121792.0
-1.3115392E7
-3808256.0
1.2035072E7
5832192.0
8766976.0
-668672.0
2921472.0
60928.0
-305664.0
-7713280.0
-6698496.0
-5298176.0
-1.017344E7
-1557504.0
-5006848.0
-1.3774336E7
-5066240.0
-1.0701824E7
-5864960.0
-1.572352E7
-4496896.0
-7154176.0
-1.0639872E7
4236288.0
1.3070336E7
1.3209088E7
1.395712E7
1.1405824E7
1.5809536E7
9486336.0
1397248.0
5468672.0
1.37088E7
1557504.0
-9769984.0
5130752.0
25088.0
-4204544.0
2835968.0
6083584.0
-999424.0
3750912.0
-4134912.0
-3805696.0
-4892160.0
-7430144.0
-1729536.0
-5545984.0
-9780736.0
-1.7566208E7
-2.9728768E7
-1.5651328E7
-2843136.0
-1168896.0
-1.2754944E7
5710848.0
7214080.0
-3667968.0
-1.1259904E7
-8818688.0
-9871872.0
-1.3950464E7
-9954304.0
-1677312.0
-5392896.0
-3642880.0
4452864.0
5469696.0
1554944.0
-1.410816E7
-2886656.0
1433088.0
-3703296.0
-1029120.0
1931264.0
445440.0
-5543424.0
-6786048.0
-1.3349888E7
-2397696.0
-1.376256E7
-1.9027456E7
-1.0934272E7
-3738112.0
-3689472.0
4806656.0
4133888.0
474624.0
-1.3037056E7
-1.1820032E7
-5278720.0
1725440.0
192000.0
-1560064.0
-609280.0
397824.0
-7398912.0
-6597632.0
-8986624.0
-4414464.0
-1.4032384E7
-1.0329088E7
-5555712.0
-8541184.0
5932032.0
7154176.0
1139200.0
2189824.0
-4767232.0
-5688320.0
4817408.0
7161344.0
-555008.0
-2003968.0
5619712.0
6303232.0
3872768.0
8347648.0
1.4684672E7
2618880.0
2939392.0
-1.1247616E7
-716800.0
-2350592.0
99328.0
8607744.0
1431040.0
6192640.0
1.110528E7
7517696.0
2802176.0
-4846080.0
-2022912.0
3563008.0
6056960.0
4605952.0
-897536.0
-1881088.0
-1.0744832E7
-2.0546048E7
-1.5542272E7
-7731200.0
-1.8321408E7
-2.0158464E7
-1.4389248E7
-1.1846144E7
-1.865216E7
-3205120.0
4150784.0
3287552.0
-1837568.0
-1634816.0
-9482752.0
-1.5390208E7
-5781504.0
-1036288.0
-6183424.0
8677376.0
-8068608.0
-1.2771328E7
-6010880.0
-7797248.0
4898816.0
-1747968.0
3289600.0
-6454272.0
-7862272.0
-6693888.0
-7770624.0
-7438848.0
-1.3703168E7
-7570944.0
-5425152.0
-2888192.0
-4540928.0
-8467968.0
167936.0
7185408.0
1.2916224E7
9584128.0
8739328.0
8423936.0
-4530176.0
-1.3188608E7
-701440.0
1.0306048E7
1.0600448E7
-3985408.0
-1467392.0
3785216.0
-2491904.0
-9184768.0
-2343424.0
-215040.0
-1.0153472E7
-8288768.0
2561024.0
2039296.0
6123520.0
6158848.0
1437696.0
-6351360.0
-7439360.0
-1.3257216E7
-1.2163072E7
-3073536.0
-3975168.0
-5942784.0
1.2440576E7
1.10208E7
3979264.0
1335296.0
4119552.0
-941568.0
-2.3921664E7
-1.5432192E7
-2.2941184E7
-2.0658688E7
-3015168.0
2584064.0
728064.0
-1.4374912E7
-2605056.0
7406592.0
7417856.0
8272384.0
1440256.0
-7026176.0
-2439680.0
-1301504.0
-8160256.0
-7046656.0
-1.1810816E7
-1.3018624E7
-1.0331648E7
-2.1622272E7
-1.2980224E7
-1029120.0
8079360.0
1906688.0
-7792128.0
-4229120.0
3241984.0
6440448.0
1.0937856E7
1.55648E7
1.4316544E7
6784512.0
1.2468224E7
1.0924544E7
7015936.0
1.2945408E7
3277312.0
-5502464.0
-6950400.0
-4555264.0
-2257920.0
-1377792.0
-1.003264E7
-2456064.0
-1431040.0
-7026688.0
-3766272.0
1146368.0
1763328.0
5230592.0
1824256.0
1.1539968E7
-3280384.0
-2246144.0
-434688.0
-2866688.0
-7569920.0
-8493056.0
-1.806848E7
-1.9260416E7
-1.2558848E7
-4946432.0
-6065664.0
-6948864.0
407552.0
-1295360.0
-6559744.0
-781312.0
-6447616.0
-1.063424E7
-1.5137792E7
-1.2085248E7
676864.0
3426304.0
-3275776.0
-4471296.0
-1.0136064E7
-6775808.0
-9435136.0
-4366336.0
1361408.0
-2116608.0
-3129344.0
-2048.0
1.0648064E7
189952.0
-6795264.0
2942976.0
149504.0
-1.0906624E7
-1.039616E7
-9675264.0
-1.164544E7
711168.0
7028736.0
-8658944.0
989184.0
-7244800.0
-3927040.0
1134592.0
1.152768E7
1.0488832E7
-1865728.0
-3588608.0
229376.0
-3414016.0
-5444608.0
1586176.0
5206528.0
9809920.0
7606784.0
-1.569024E7
-2.8081152E7
-4256768.0
4564992.0
1.3474816E7
8007680.0
985600.0
-4456960.0
4003840.0
-6948864.0
-2312704.0
3507200.0
5475840.0
6809088.0
2767360.0
833536.0
6834176.0
5457920.0
-4035584.0
8430592.0
5734400.0
5031936.0
1.4741504E7
5690880.0
-6610432.0
-7661568.0
-6576640.0
-8711168.0
1.370624E7
2.1228544E7
2704384.0
-8537088.0
-2032128.0
846848.0
-3785728.0
-9817088.0
-5821952.0
-1.3541376E7
4271104.0
6543360.0
4878336.0
-3966464.0
-6133248.0
-7333376.0
-9486336.0
-3402240.0
-5364224.0
-640512.0
6570496.0
-8719872.0
-6026240.0
-288768.0
-1411072.0
-4522496.0
-4918784.0
-1762304.0
1073152.0
-9000960.0
-1.9519488E7
-1.5233024E7
-7040000.0
-5220864.0
2178048.0
278528.0
-1654784.0
6133760.0
485376.0
2742784.0
-3426816.0
5089280.0
-276992.0
3223552.0
7930368.0
-2250752.0
-8859136.0
-3682816.0
7421440.0
2413056.0
-4481536.0
3136000.0
1078272.0
7507456.0
8470528.0
6934528.0
-2372096.0
-2774016.0
-6551552.0
7075840.0
1263104.0
4743168.0
-7969280.0
-1.5789056E7
-3414016.0
-1.0060288E7
-1.9842048E7
-1.7430016E7
-1.86112E7
-2.7648E7
-1.955584E7
-1.6546816E7
-7658496.0
-395264.0
-3283456.0
-1.8893824E7
-1.9762176E7
-5863936.0
398336.0
1869312.0
7401472.0
1.3086208E7
7556608.0
1985024.0
-1.2157952E7
-1.4552576E7
-4065280.0
-1607680.0
-4224512.0
-4347392.0
-377856.0
1107456.0
-9309696.0
-8163328.0
-640000.0
-912896.0
-9004032.0
-7319552.0
5637120.0
1.4725632E7
6406144.0
5984768.0
-5896192.0
-6627328.0
-6301184.0
-7279104.0
-4092416.0
-8135168.0
-1938944.0
-1.0298368E7
-1.038592E7
-1.0235392E7
-1.4065664E7
5077504.0
-2823680.0
-2000384.0
8422400.0
8247296.0
2024960.0
-2910208.0
1218560.0
-5215232.0
-3144704.0
-4241408.0
-3481600.0
-356352.0
9730048.0
-2046976.0
-8901120.0
-1637888.0
-694784.0
543232.0
-6025728.0
-2455552.0
-1701888.0
-1656320.0
2074624.0
-5510144.0
-1.3257216E7
-7714816.0
114688.0
-2550784.0
-1262592.0
-3063808.0
-9275904.0
-9455104.0
-1307648.0
2623488.0
-5038080.0
-1.3187072E7
-1.52704E7
-6863872.0
8741376.0
1.8769408E7
1.3007872E7
-4246016.0
115712.0
3578368.0
9291776.0
1.663488E7
1.5707648E7
-3479040.0
2393088.0
4447232.0
-4826112.0
-1.050368E7
-1.1247616E7
-7683072.0
-1.4333952E7
-3648512.0
1063424.0
-8667648.0
-1.8438144E7
-1.3472768E7
-5645824.0
-6728192.0
-9603584.0
-67584.0
-5170176.0
-1828352.0
-6428672.0
-6200320.0
-9635328.0
-1.2361216E7
-1.7085952E7
-1.3157888E7
-1.7705472E7
-1.0656768E7
-1.2969984E7
-6785536.0
1332736.0
7151104.0
-2890752.0
3287040.0
-5724160.0
4861440.0
5073408.0
1880064.0
6922752.0
5631488.0
5188608.0
9414144.0
2869248.0
-2720768.0
-4286976.0
-7139840.0
-9940480.0
-4772864.0
-8457728.0
1.1091968E7
3443712.0
592896.0
-8825856.0
-1.4893056E7
-1.0952704E7
505344.0
-4045824.0
-1837568.0
-891904.0
2774016.0
-2003968.0
-5775872.0
-2817536.0
-1.5124992E7
-1.523712E7
-3407872.0
8277504.0
1.236224E7
1.2704256E7
7937536.0
-1626112.0
5670400.0
2998272.0
4853760.0
1.761792E7
2.296832E7
1.1218944E7
4240384.0
-5026816.0
-1.222912E7
6562304.0
-1369600.0
4146176.0
-5342208.0
-1.0750976E7
-838656.0
886784.0
-665088.0
-5347840.0
-2075136.0
766976.0
-7313408.0
-4823552.0
1904640.0
-3139072.0
-9295872.0
-2284032.0
-8153600.0
-1.3774336E7
-911872.0
5321216.0
1.3696E7
1295360.0
639488.0
6930432.0
6746112.0
3630592.0
2781184.0
-4120064.0
-1618944.0
7009280.0
7288832.0
1.3251584E7
6719488.0
-779776.0
-993792.0
-6580736.0
-5721600.0
-3124224.0
5477376.0
1150464.0
-1.2590592E7
-1.283584E7
-1.1006976E7
-2173952.0
-8949248.0
-1.17504E7
-8448000.0
-361984.0
7915008.0
1.1844608E7
7208448.0
-1.0012672E7
-6967808.0
-5611008.0
7254528.0
5878272.0
-155136.0
-3189760.0
-102400.0
3112448.0
7293952.0
9436160.0
6948864.0
5242368.0
-4421632.0
-1.2856832E7
-6290432.0
-4994560.0
-505344.0
-8422912.0
-1.1014144E7
-1282048.0
-1226240.0
-8284160.0
-1.1617792E7
-1.6554496E7
-2.1748224E7
-1.82016E7
-8009728.0
-1598464.0
-7457280.0
-1.9145728E7
-2.0923904E7
-1.2650496E7
-9717760.0
657920.0
-6682624.0
-7336960.0
1635328.0
-410624.0
-5095936.0
-1.3684736E7
-1.324288E7
-1.1564544E7
247808.0
1266688.0
-1.4130176E7
-1.0925056E7
-7079936.0
-8712704.0
-3175936.0
-3556864.0
7305216.0
2921984.0
-1.4407168E7
-8640000.0
-9967104.0
-8565248.0
-3002368.0
4708864.0
3549696.0
3789312.0
-240128.0
3089408.0
-292864.0
2000896.0
3709952.0
4693504.0
-5693440.0
4175360.0
-5490688.0
2264064.0
1643520.0
-116736.0
4166656.0
3382272.0
-2507264.0
-1350144.0
-9082880.0
-4312576.0
4417536.0
5272064.0
-1504768.0
-1.0450944E7
-1.3044224E7
-2974720.0
1139200.0
4643328.0
9039872.0
1.6049152E7
4021248.0
957952.0
-6575616.0
-1.1825152E7
-5176320.0
-5943296.0
-7206400.0
762368.0
9153536.0
710144.0
-1.5835136E7
-1.0086912E7
-7388160.0
-3105280.0
-1699840.0
423936.0
-1.0438656E7
-1.5012352E7
-1.4555648E7
-1.8348032E7
-1.2405248E7
-8911360.0
-3127808.0
3619840.0
343040.0
-3241472.0
6276608.0
5936128.0
3125248.0
-815104.0
-7831552.0
170496.0
513024.0
4805120.0
-4733952.0
-8769536.0
-1.0270208E7
-7875584.0
-8208896.0
-3375616.0
620032.0
-577536.0
-9017344.0
-1.4829568E7
-1.4426112E7
-1.4725632E7
-1.1631104E7
-9740288.0
-8971776.0
-1.3348864E7
-9002496.0
1696768.0
1230848.0
-5601792.0
-8672256.0
-1.2960256E7
-1.452032E7
-1.1728896E7
-7596032.0
-1443840.0
6468096.0
-1689088.0
-201216.0
1430016.0
-6292992.0
-1.6071168E7
-9207296.0
-7995392.0
-1.6303616E7
-1.3742592E7
-9485824.0
5876736.0
1.2504576E7
1.9129344E7
731648.0
1595904.0
-9026048.0
-1.373696E7
-1.2251136E7
-7862784.0
-8126976.0
-4021760.0
1308160.0
4692992.0
8890368.0
2.0130816E7
7611904.0
-160256.0
2608640.0
-1965056.0
-2718208.0
-7276032.0
-9159168.0
-7149056.0
-376320.0
-5904896.0
-3561984.0
-6285312.0
8505856.0
8924160.0
-604672.0
1796096.0
1.2258816E7
1.0642432E7
5712896.0
-1418752.0
-3425280.0
726016.0
601600.0
3526144.0
5104640.0
-3876352.0
1135104.0
-4709376.0
422400.0
-9382400.0
-5121024.0
-8032768.0
-2.2520832E7
-1.250304E7
-1.1101184E7
-6108160.0
-1.5970304E7
-1.9148288E7
-1.4567936E7
-8412672.0
-1.3782528E7
-6573568.0
-2229248.0
3334656.0
1257472.0
4724736.0
-3573760.0
6600704.0
8232448.0
7202304.0
-6445056.0
-9677824.0
-8410624.0
-7353344.0
-3929600.0
-6325760.0
-1954304.0
8728576.0
8265728.0
957952.0
3016192.0
-9240064.0
-9582592.0
-5968384.0
-5949952.0
-8081920.0
-8221696.0
-7785472.0
-1.2460544E7
-1.1485696E7
-1.0954752E7
-1.539584E7
-6089728.0
-126464.0
-1.369088E7
-1.4093312E7
-2911744.0
-858624.0
1.0528768E7
-403968.0
3558400.0
-4973056.0
-3578368.0
1005056.0
114688.0
4943872.0
-7289344.0
-1.3901824E7
-1.9359744E7
-1.1258368E7
-2948096.0
-6860288.0
-1514496.0
1827840.0
2360320.0
9074688.0
5483520.0
-23040.0
-188928.0
-2.1938176E7
-9736704.0
1044992.0
-934400.0
-1.2084736E7
-5412352.0
-9438720.0
-1.3274624E7
-8165376.0
456192.0
8394240.0
1.1672064E7
1.6489984E7
1.424384E7
3064320.0
9000448.0
2493952.0
-5568000.0
-2.181632E7
-1.9074048E7
-1.1874304E7
4159488.0
4589568.0
594944.0
6963712.0
-467456.0
-2303488.0
1957888.0
-1.3559296E7
-1.622528E7
-1.2740096E7
-1.0340352E7
-1.08416E7
6334464.0
6680576.0
713728.0
-3621376.0
-2305536.0
-729600.0
-4749312.0
-4900864.0
-12288.0
-3209728.0
-2136064.0
-2639360.0
-3755520.0
743936.0
2778112.0
-1.1999232E7
-5650432.0
-809984.0
-7553536.0
-6027264.0
-1.080576E7
-9933824.0
-1.0614272E7
-1.3222912E7
-4609024.0
-5787136.0
-7593472.0
-9251328.0
-8356864.0
-2816512.0
-1.0313216E7
-1.5953408E7
-2.463232E7
-1.7860608E7
-1735168.0
5867520.0
2515968.0
-6844416.0
-1.3724672E7
-5571072.0
3294720.0
-293888.0
-1698304.0
2027520.0
-4194304.0
-8794624.0
-1076736.0
1291264.0
2384896.0
5366272.0
4320768.0
1154560.0
-1.0634752E7
-731136.0
-1.0103296E7
-2.0208128E7
-1387008.0
-2534912.0
-7941120.0
460288.0
3833344.0
4592640.0
3451904.0
89088.0
-1724416.0
30720.0
2232320.0
-5454848.0
-1.3146112E7
-4427264.0
522752.0
1449984.0
-2091008.0
-511488.0
-2724864.0
-1.4336E7
-1.4858752E7
-1.2765696E7
-9273856.0
-3669504.0
8965120.0
6740480.0
-6246912.0
-5378048.0
-1.1352576E7
-1.076736E7
-1.526528E7
-9163264.0
-2.1402624E7
-8700416.0
6197248.0
2304512.0
6004736.0
1.138944E7
5080576.0
4385280.0
-2787840.0
-920576.0
-5500416.0
-3297792.0
-8455168.0
-1.06368E7
-2542080.0
-7450112.0
-9192448.0
-1.1367936E7
-3811840.0
-7839232.0
6334464.0
5330944.0
5982720.0
3690496.0
-2580992.0
5655552.0
7719424.0
7243776.0
6180352.0
-4066304.0
6273024.0
-78848.0
-4456960.0
-7526400.0
-4703744.0
-1.1440128E7
-7054848.0
-5931008.0
-2789888.0
-4359168.0
-8910336.0
-1.2567552E7
-4666880.0
-4998144.0
-1.5183872E7
-9688064.0
-4806144.0
3777536.0
5387264.0
5440000.0
-2256896.0
-502272.0
-1295872.0
-1.0527744E7
-1341440.0
6028288.0
-4705792.0
-1248256.0
-1.0038784E7
-1.101312E7
-1.811712E7
-1.4171136E7
-8835584.0
-1.5653376E7
-2.1159424E7
-5834752.0
-4528128.0
-2877440.0
-1.47712E7
-3453440.0
-7175168.0
-5616128.0
-7303168.0
-6319104.0
-8619008.0
-7754752.0
-1.2772864E7
-6699520.0
-4666880.0
-774656.0
7281664.0
-2814464.0
-3543552.0
-9757696.0
-6251008.0
1699840.0
1378816.0
-1090560.0
-1863680.0
1153536.0
3470336.0
-7152640.0
-6385664.0
1284096.0
5344256.0
8763904.0
1.0924544E7
407040.0
-1343488.0
-1.3551616E7
-2.122496E7
-2.4535552E7
-1.422848E7
-1.4078976E7
-1.9115008E7
-1.2625408E7
6946816.0
1.4140416E7
5256704.0
2945024.0
2492928.0
1.2727296E7
1.2330496E7
-6792704.0
-1.5770112E7
-1.30304E7
1516544.0
5543424.0
5813760.0
7369216.0
-1217536.0
2912256.0
7508480.0
232448.0
-4302848.0
-5011968.0
-2983424.0
-1.1257856E7
-5888000.0
-8045056.0
-224256.0
-57344.0
4912640.0
6423040.0
712192.0
-1.3204992E7
-1.5691776E7
-1.44128E7
-1.0575872E7
1878528.0
-1664512.0
-9475072.0
-1.6177152E7
-1.0924032E7
-7116288.0
-3527680.0
4439552.0
2413056.0
-944128.0
3734016.0
2001408.0
-3663360.0
3865600.0
5300224.0
2924032.0
1367552.0
9061376.0
-1909248.0
-2.1816832E7
-1.762304E7
-1.0617856E7
-7591936.0
-2082816.0
-1.0262016E7
-1.6367104E7
-1.67168E7
-8859136.0
-3657728.0
4094976.0
7432192.0
5452800.0
8179200.0
6819840.0
7960576.0
1090048.0
-1.1591168E7
-1.9712E7
233984.0
-4327936.0
-1617408.0
1.3454336E7
-759296.0
-1.5576576E7
-8548352.0
-5427712.0
2439168.0
1.4267392E7
1.5760384E7
1353728.0
-4555264.0
-7334400.0
-1.1469312E7
-5067776.0
5369344.0
5205504.0
4529152.0
-2854400.0
6803968.0
3935744.0
-8182272.0
-2.1823488E7
-1.1556864E7
-2755072.0
1.6433152E7
8305152.0
-6127616.0
-1.0788864E7
-1.6795648E7
-1.442816E7
0.0
1322496.0
-4854784.0
4254720.0
8715776.0
3311616.0
-4539392.0
-9110016.0
-1.1493376E7
-6440960.0
-1.2650496E7
533504.0
7846912.0
6938624.0
5861888.0
-1854976.0
-6478336.0
-4358144.0
-6550528.0
-5178368.0
-4277760.0
4475904.0
-3411456.0
-1.6891904E7
-2.1968896E7
-8477184.0
-2993152.0
-3732992.0
-9628672.0
7369728.0
2145280.0
3873792.0
8410112.0
-396800.0
-8666624.0
-2.399488E7
-2.45248E7
-1.5174144E7
-1.3597184E7
-1.9480576E7
-1.7428992E7
-1.2675584E7
-844800.0
-951808.0
-815616.0
6616576.0
1.1270144E7
-3684352.0
3331584.0
1.315584E7
7557120.0
-6696448.0
-5016064.0
7967232.0
2633216.0
-4126208.0
-1777152.0
739328.0
157696.0
-5405184.0
-7681024.0
-7399936.0
1185792.0
1477632.0
5125632.0
9634816.0
1.0184704E7
-5477888.0
-3142144.0
1736704.0
2282496.0
4443648.0
-3163136.0
8674304.0
7646208.0
6510080.0
5764096.0
6468608.0
-6289408.0
-1.3654528E7
-8165376.0
-1.009152E7
-7354368.0
-4759040.0
9453056.0
6057472.0
4485120.0
-6617088.0
-2.2217216E7
-2.0185088E7
-7293440.0
-6693376.0
3458048.0
-5029376.0
-4712448.0
4985856.0
1.4519808E7
633344.0
-1.3282304E7
-5480960.0
908800.0
-7144960.0
292352.0
-1.0460672E7
-802816.0
-251392.0
-1870336.0
1.3337088E7
7747072.0
2816512.0
-765440.0
-2000896.0
-2281984.0
-1340416.0
-6393344.0
-3750912.0
-2621440.0
6122496.0
-3065856.0
-3885568.0
-4928000.0
5786112.0
2590720.0
-7761920.0
-1.28896E7
-754176.0
-9910272.0
-7381504.0
2206720.0
-3033088.0
4398080.0
8054784.0
4114432.0
-6587392.0
5703680.0
5666816.0
3005440.0
1.2964864E7
-6158848.0
2717696.0
-3495936.0
-2557952.0
-1732096.0
-1.2783104E7
-2.0325888E7
-8438272.0
654848.0
1508352.0
819200.0
-6048768.0
-2421760.0
-1.1759616E7
-1.275904E7
-9522688.0
-2.72896E7
-1.2932096E7
-6229504.0
-2373120.0
-3677696.0
-2003968.0
-7165952.0
-1.6950784E7
6908416.0
-1729536.0
2094080.0
6290432.0
3236864.0
-1.078272E7
-1.7371136E7
-1.7480704E7
-6431232.0
-1.7586688E7
-9892864.0
9105920.0
1.1231744E7
6892032.0
5298176.0
5194752.0
1.5353344E7
-2833920.0
-3069440.0
-6027776.0
-3096576.0
-5912576.0
-7034368.0
-1.523712E7
3266560.0
1169408.0
9123840.0
2653184.0
2870784.0
-4481024.0
4860416.0
5185536.0
-4521472.0
-3097600.0
612352.0
-4794368.0
-1.1401728E7
4428800.0
1782784.0
-5597696.0
-8273408.0
-3319808.0
-704512.0
8784896.0
4942336.0
3789312.0
-6100480.0
-1644032.0
-62464.0
-3408896.0
-7012864.0
-1.7235968E7
-6173696.0
3649024.0
5217280.0
9071104.0
-2962432.0
-6097408.0
2226688.0
1.017088E7
-1.5210496E7
-1.6004096E7
-3651584.0
-3763200.0
2752000.0
-430592.0
3537920.0
-16896.0
220672.0
5737472.0
4747264.0
4789248.0
-4570624.0
-7092224.0
3970048.0
1645056.0
-290816.0
-2014208.0
-3552256.0
-4909056.0
9254400.0
8509440.0
1191936.0
3478016.0
-1.1987968E7
-1.3416448E7
-4720640.0
-73728.0
4637184.0
-286720.0
-2241024.0
617984.0
1846784.0
7363584.0
1046016.0
-3364864.0
663040.0
4382208.0
-5331968.0
-1.3221376E7
-5943808.0
4348928.0
4555776.0
-4173312.0
-7867392.0
677888.0
-3122688.0
2901504.0
6282240.0
8289792.0
-1.025024E7
-1.2338176E7
-4532736.0
-1.1959808E7
-1.4369792E7
-8566272.0
-937472.0
-4205568.0
-5310464.0
-1.3177344E7
-5915136.0
2997760.0
8599040.0
1.0125824E7
-1.0291712E7
-1.2960256E7
-1.0400768E7
-3604480.0
860672.0
4523008.0
4536320.0
-769536.0
2451456.0
1.1009024E7
-764416.0
1.0635264E7
8864768.0
1.16864E7
9564160.0
-6180864.0
-7912448.0
-1.2015104E7
-9638912.0
-1.7811456E7
-1.7183744E7
-9446912.0
203776.0
-624640.0
-4687360.0
-1256960.0
8644608.0
1.3441024E7
5726720.0
284160.0
1852928.0
-1.0109952E7
-1.3174784E7
-1.6689152E7
-1.9812352E7
-1.487872E7
-1.0559488E7
-1.554176E7
-1.0468864E7
-3624448.0
-2201088.0
-1.3732352E7
-5557248.0
4917760.0
4476928.0
1460224.0
3615232.0
-4519936.0
-4958720.0
-2.4636416E7
-2.9016576E7
-2.0150784E7
-5392384.0
-9830400.0
-1.998336E7
-1.2381184E7
-1.344768E7
-1.2229632E7
-1.2404736E7
-9387008.0
-6480384.0
-1.3955584E7
-2.7417088E7
-2.3625728E7
-8947200.0
-1.304576E7
-6613504.0
-8020480.0
3727360.0
3811328.0
7799808.0
1648640.0
-2632192.0
215552.0
-5124608.0
-2.1264384E7
-1.3322752E7
-7077376.0
-1.0130944E7
-6025728.0
-8020992.0
-2508288.0
-6734848.0
2970624.0
-5117952.0
-1.250816E7
-1.1427328E7
-579584.0
1756672.0
-5416960.0
-9046528.0
-9401856.0
-1.57824E7
5427200.0
-8914944.0
-1.3476864E7
-7742464.0
-1.2675072E7
-6201344.0
4524032.0
1.2501504E7
-963584.0
-3940864.0
-1103872.0
4343296.0
-1342976.0
8619008.0
4460032.0
-8900096.0
-1.8167808E7
-1.6444416E7
-1.3715968E7
-1.36832E7
-1.4537216E7
-1.4040064E7
-1.308928E7
-1.8003456E7
-1.9342336E7
-1.6867328E7
5216256.0
-6881280.0
-3906048.0
-6161920.0
-4562944.0
-7426560.0
950272.0
1.0584064E7
4403200.0
-3159040.0
-6161408.0
1048064.0
8098304.0
8308736.0
2527744.0
-1373696.0
-2196992.0
-1392128.0
-9963520.0
-9253376.0
952832.0
6406656.0
6046208.0
-3753472.0
-1.100288E7
-1.0909184E7
-1.2333056E7
-7282176.0
556544.0
-109568.0
-350720.0
-608256.0
-3049472.0
-3023872.0
-7540224.0
375296.0
-851968.0
-7832576.0
-8138240.0
1.2329984E7
7737856.0
1148416.0
-4431872.0
-4910080.0
-670208.0
-5020160.0
-6795264.0
-7382528.0
-8599552.0
-1.9052544E7
-7784960.0
-6583296.0
212992.0
9062400.0
-5871616.0
-8476160.0
-1.270272E7
-1.47968E7
-1.1291648E7
-8693248.0
-9467904.0
8599040.0
4645888.0
7419392.0
2338304.0
-460288.0
6994944.0
-2310656.0
-7136768.0
-3678208.0
-7181824.0
-1.4669312E7
-1.6923136E7
-2205184.0
-452096.0
2446848.0
-9507840.0
-1.7115136E7
-5543424.0
1712640.0
3156992.0
-7560192.0
-6842368.0
-1.2680192E7
-1721344.0
8083968.0
1.6843776E7
1.7490944E7
8894976.0
-3238912.0
4699136.0
1.4208512E7
3903488.0
-2825216.0
1763840.0
-7148032.0
-4938240.0
-9835520.0
-7000576.0
3548160.0
4488704.0
633344.0
-6175232.0
-8380416.0
-1213952.0
32256.0
1.59232E7
1.0740736E7
1.580288E7
1.5300608E7
1.4397952E7
1.1058688E7
1.6678912E7
1089536.0
-4874240.0
1.447168E7
1.0200576E7
-2578944.0
228864.0
-416256.0
-4519936.0
3793920.0
3809280.0
1.07776E7
1.6139264E7
-1147392.0
-1.2804096E7
-8180224.0
-843264.0
-8904192.0
-4232192.0
-4031488.0
-9699840.0
3510272.0
4018688.0
4708352.0
-8200192.0
-1.8085376E7
-1.18912E7
3560960.0
9532928.0
5673472.0
293888.0
5708288.0
513024.0
-9276416.0
-9015296.0
-1836544.0
6280192.0
2638336.0
-1.0581504E7
-7065088.0
-1.3930496E7
-8320000.0
-1.8904064E7
-1.5209984E7
-1.2092928E7
-992256.0
-1408512.0
6780416.0
1.0092544E7
-953856.0
-6780416.0
-7870976.0
5041664.0
1614848.0
2737152.0
-1.0800128E7
-1.501696E7
-5755904.0
984576.0
6167552.0
-8843264.0
-1.166848E7
-1518080.0
5692416.0
-7884288.0
-4079104.0
3185664.0
1.5904768E7
1.8560512E7
1.06752E7
4170752.0
7917568.0
-2678784.0
-449536.0
5915136.0
7815680.0
-4630528.0
-2558976.0
-4473856.0
-2460672.0
-4092928.0
606720.0
2545664.0
-6612480.0
-1.088256E7
-2.160896E7
-1.509376E7
-4071936.0
-6161920.0
-1.9579904E7
-5558272.0
1.4073856E7
1.3037056E7
2632192.0
-6130688.0
-7549952.0
-1.7334272E7
-1.6806912E7
-7392256.0
-8378880.0
-1.3249536E7
-1.46688E7
-4609536.0
-1.2476416E7
-652288.0
-1963008.0
-8960000.0
-1361408.0
5257216.0
1.822976E7
4239872.0
-1.4032384E7
-1.3466624E7
-1.2289536E7
-7730176.0
-684544.0
1548288.0
9288704.0
1161216.0
-4146176.0
-1.3927424E7
1320960.0
6400000.0
-28160.0
-442368.0
-3921408.0
-2131968.0
5338624.0
-2273280.0
-1313280.0
1675264.0
-1880576.0
1156096.0
8843776.0
-2459648.0
-7375872.0
-4831744.0
-2465792.0
-1.2286976E7
-7687680.0
3497984.0
1.3548032E7
2745344.0
2819584.0
-740864.0
-2207744.0
3454464.0
7524864.0
3988480.0
-1461760.0
-2062336.0
-2758144.0
-5683712.0
-6765568.0
1.0875392E7
1.5718912E7
7839232.0
4234752.0
6498304.0
8875520.0
1.0776064E7
5364736.0
6276608.0
6138368.0
5578752.0
638464.0
3572224.0
3086336.0
1.1666432E7
1754624.0
-6149120.0
-4295168.0
-3603456.0
-7737344.0
-8450560.0
-1.1611648E7
-5952512.0
-2352640.0
-5001216.0
362496.0
-4406784.0
-7178752.0
-1.3275136E7
-1.9244032E7
-6250496.0
-6769664.0
-6715392.0
-3760128.0
-5446656.0
-5644800.0
-2459648.0
-5350400.0
2419712.0
635392.0
5651968.0
2628608.0
4965376.0
1.159424E7
-7168000.0
-1.424384E7
-1.2895744E7
-1.088768E7
8124416.0
1.5475712E7
1.3192192E7
1.37344E7
4839936.0
-6355456.0
-8283648.0
-1.0332672E7
2696704.0
1.183744E7
2.1036032E7
2.0388864E7
8798208.0
-4486656.0
-3935232.0
-1.371648E7
860672.0
1633792.0
-1959424.0
-3337216.0
-2904576.0
-819712.0
-3657216.0
-2121728.0
4272640.0
6132736.0
-4587520.0
-6898688.0
-1.4833664E7
-2.19008E7
-1.873664E7
-1.7211392E7
-1.9325952E7
-1.4546432E7
-1.0400256E7
-7770112.0
382976.0
8990720.0
1.0474496E7
4769792.0
5044736.0
2244608.0
2004992.0
-7519744.0
5000704.0
1.0878464E7
1.516288E7
-2610176.0
-7396864.0
4405760.0
1340416.0
-3556352.0
-5090304.0
-8159232.0
-4084224.0
2326016.0
-6201856.0
188416.0
-4621312.0
-5483520.0
6525952.0
-5852160.0
-1.369088E7
2537984.0
1.1836416E7
2.3049216E7
8929280.0
1633792.0
7091712.0
7585280.0
4838912.0
-1.0363904E7
-5004800.0
-1.3664768E7
-1.05984E7
-4793856.0
-1.354496E7
-7674368.0
-4992512.0
-8612864.0
-3718656.0
2614784.0
1.1879424E7
9539584.0
4327424.0
2754048.0
2.0361728E7
9268736.0
9046528.0
-1361408.0
-5360128.0
-8976384.0
-1.0249216E7
-1.4695424E7
-1.7694208E7
-1.377792E7
-8846848.0
-5283328.0
-4286464.0
-1.3005824E7
-1.037312E7
-1.007872E7
-7070208.0
-4277760.0
-3210752.0
7657984.0
9161728.0
1.099264E7
-4900352.0
-2370560.0
1785344.0
258048.0
4962304.0
-7132160.0
771584.0
821760.0
4623360.0
2745856.0
2818560.0
1.4115328E7
1.3913088E7
1.490432E7
1.1008E7
-981504.0
2488832.0
1.0215424E7
4960768.0
950784.0
-6178816.0
-2385408.0
1801216.0
1162752.0
3120128.0
-1.8972672E7
-1.327872E7
-1.038336E7
-1.0696704E7
-1.3033984E7
-1.385728E7
-3836928.0
-8942080.0
-1.37472E7
5498880.0
-1077760.0
-782336.0
2414592.0
9803264.0
4728832.0
4692480.0
-999424.0
-812544.0
5808128.0
-2433024.0
-3518976.0
5495296.0
1.1427328E7
9117696.0
6629376.0
-8635904.0
-1.7572864E7
-1.9418112E7
-5405184.0
-1674240.0
-9486848.0
-6766592.0
-4718592.0
-1.0887168E7
-7930368.0
-6230016.0
-1.2513792E7
-1.1035136E7
3943424.0
1.1999744E7
2284032.0
-4722176.0
-1.7368576E7
-1.8499584E7
-1.9817472E7
-1.4838784E7
-1.7253888E7
-2.2716928E7
-1.2951552E7
-1.2348416E7
-7339008.0
-1.12128E7
-1.0976768E7
-7437824.0
-1234944.0
163840.0
1.1704832E7
8249344.0
676864.0
9390592.0
5479424.0
1775104.0
-1244672.0
-7951872.0
-7440896.0
-3046912.0
283648.0
-9517568.0
-1.6088576E7
-5587456.0
-1.6731136E7
-2.7691008E7
-1.3751808E7
-5646848.0
1265152.0
-5635072.0
4556288.0
1.2750336E7
9224704.0
4297728.0
-7600128.0
-1.0906624E7
-2.148864E7
-1.8502144E7
-9310208.0
-3122176.0
115712.0
-5104128.0
-1364992.0
6300160.0
-7418880.0
-3369984.0
-1.7073152E7
-1.0957824E7
-1.5678976E7
-1.9865088E7
-1.0049024E7
-6971392.0
-8841728.0
4431360.0
4376576.0
1063424.0
189952.0
-1823744.0
-1.1590144E7
-1.656832E7
-6624256.0
-2951168.0
-7163904.0
-1.7091072E7
-2.0924416E7
-1.7255936E7
-1.6805376E7
-7535616.0
4775936.0
920576.0
-1.4309376E7
-2.3924224E7
-1.659648E7
1782784.0
1.5142912E7
-800768.0
-8872960.0
-1.1237888E7
-3524608.0
5886976.0
8542208.0
-7352832.0
-1.6036864E7
-5922304.0
4716032.0
4657664.0
-3605504.0
-8488448.0
818176.0
286208.0
5882368.0
1.709824E7
9994752.0
8411648.0
5338112.0
1375232.0
-1601024.0
-326144.0
-2530304.0
904704.0
1.2178944E7
7650816.0
5184000.0
4720128.0
9469440.0
9093120.0
1105408.0
-1.2988928E7
-9008640.0
4652544.0
-4481536.0
-6470656.0
-5283840.0
1.0247168E7
1.2685312E7
1.4214144E7
1183744.0
-5127680.0
-2482688.0
6979072.0
1.1575296E7
1.2615168E7
-115712.0
-1539584.0
6578688.0
1.0551296E7
1.5256576E7
1187840.0
-1.0233344E7
-1.0302464E7
-8958976.0
-9390592.0
-9494528.0
-6801408.0
2256896.0
5775360.0
2198528.0
4525568.0
6719488.0
3598848.0
-2991616.0
-1.0541568E7
-1.4811648E7
-1.286656E7
838656.0
1636352.0
-5604864.0
-3027456.0
1.2403712E7
1.9150336E7
1.8696192E7
1.055488E7
7681536.0
-1.4880768E7
-1.9652096E7
-9543680.0
-4259840.0
-9000448.0
-4277248.0
2686464.0
1196544.0
2297856.0
1.2515328E7
1423872.0
-9711104.0
-1.048576E7
-1.3807616E7
-1.3552128E7
-8620032.0
4346368.0
1216000.0
-4331520.0
-9051648.0
-3584.0
-512000.0
-1.8390016E7
-1.7604096E7
-8208896.0
-1.1518464E7
-1.0604544E7
-8345088.0
590336.0
-2191872.0
-8101376.0
-1.2302848E7
-6504448.0
-1.4972928E7
-4680704.0
-7550464.0
-1488384.0
5844480.0
5454336.0
-3273216.0
-1.832448E7
-2471936.0
-153600.0
2826240.0
6029824.0
-2301952.0
5898752.0
1.2975104E7
2683904.0
-9594368.0
-1.6096768E7
-4451328.0
-3843584.0
-2054144.0
-661504.0
2765312.0
7862784.0
8566784.0
-1879552.0
-7565824.0
-6082560.0
-4739584.0
-1.0973696E7
-1862656.0
-306688.0
4090368.0
9140736.0
8594944.0
1705472.0
-1064960.0
1.0985984E7
8470528.0
5486080.0
-8932352.0
-7982592.0
-8286720.0
-8858112.0
-8761344.0
-4082688.0
1.5972864E7
9926144.0
829952.0
-4458496.0
673280.0
1182208.0
-6473728.0
-7087104.0
-3981824.0
-9203200.0
-2.1246976E7
-1.135872E7
-5548544.0
-2664960.0
-632320.0
2323456.0
-2338304.0
-1.169408E7
-1.5262208E7
-1.542144E7
-1.1081216E7
-1.7329664E7
-1.50144E7
-7474176.0
-1409024.0
4200960.0
858624.0
525824.0
-3261952.0
2743808.0
-247296.0
-3432960.0
9490944.0
1.6148992E7
2.1638144E7
1.0557952E7
-4741120.0
-3579392.0
-1.0720256E7
70144.0
-4887552.0
-1.4890496E7
1955840.0
5587456.0
8966656.0
-6803968.0
604160.0
1169920.0
-3988992.0
-4956672.0
-1.21088E7
-5139456.0
-2105856.0
-449536.0
-276992.0
2570240.0
-5080064.0
-2.1497856E7
-8155648.0
-1.0760704E7
-1.859584E7
-1.3344768E7
-3116032.0
5578240.0
9548288.0
3303936.0
-2318848.0
-822784.0
324096.0
-2832384.0
2525184.0
-2191872.0
-3986432.0
-8704.0
1.0149888E7
691712.0
-9848320.0
-2.0258304E7
-1.9885056E7
-1.1511808E7
-2843648.0
-4079616.0
-2267648.0
6596608.0
4751360.0
-5673984.0
-4412928.0
-1.4426112E7
-6221824.0
968192.0
1.3545984E7
1.4146048E7
-3632640.0
-3026432.0
1763840.0
1293824.0
4245504.0
7819776.0
5007360.0
-165888.0
-5831680.0
-6207488.0
1.07392E7
-3117056.0
7882240.0
3099136.0
-8141312.0
-1.1377664E7
-1.6145408E7
-1.1808768E7
-5366784.0
-1.1339776E7
-1.0676224E7
-1120768.0
-8463872.0
-2184704.0
-1.2560384E7
-1.1474944E7
-3721728.0
6958080.0
-7029248.0
-8763392.0
-1.0656256E7
-7259136.0
4181504.0
1.6715776E7
1.4484992E7
1.2639744E7
1.1635712E7
9179648.0
1.1451392E7
-289280.0
-6740480.0
-1.0884096E7
-1.2604928E7
7353856.0
1943552.0
3750912.0
-6713344.0
4443648.0
1373696.0
5510144.0
-1717248.0
-635392.0
1.5389184E7
1.2670464E7
5752320.0
689664.0
-2078208.0
757760.0
1241088.0
4048896.0
4277760.0
9415168.0
8842240.0
9182720.0
-4779520.0
7393280.0
1.2735488E7
-1.2576256E7
-1.4098944E7
7419392.0
2589696.0
-6521856.0
-8648192.0
-5366272.0
-1.6615936E7
-2.5705472E7
-1.7506304E7
1825280.0
1.0907648E7
7966720.0
4513792.0
-630784.0
5012480.0
6568448.0
2295296.0
801792.0
-1.0336256E7
-2.3945728E7
-1.2201472E7
1049088.0
-118784.0
2396672.0
4564480.0
-3572224.0
-1.1072E7
-4249088.0
-1.6103936E7
-628224.0
-2112000.0
-1237504.0
-3438080.0
-1.2962816E7
-1.814784E7
-1.0454016E7
-1.4170624E7
-2780160.0
6918656.0
-87552.0
-7884800.0
-6185984.0
5886976.0
1.5922176E7
6633472.0
-4546048.0
-9903104.0
-2436096.0
301056.0
-7680.0
23552.0
-1.2148736E7
-1.573376E7
-1.4363648E7
-1.48352E7
-5642752.0
-2118656.0
2607104.0
-2266112.0
-1.4387712E7
-1.1749888E7
-3334656.0
-2438144.0
-4428288.0
-5149184.0
-1.1088384E7
-1807872.0
3261440.0
5269504.0
5949952.0
-4247040.0
-1.3465088E7
-2.1442048E7
-2.3026688E7
-1.4834176E7
-2.045696E7
-1.9649024E7
-1.036032E7
-7405568.0
4248576.0
1656320.0
7216128.0
2036224.0
-4828672.0
-1507840.0
7691776.0
1622016.0
-6124032.0
2598912.0
922112.0
5344256.0
-3904512.0
-5431808.0
-3971584.0
-1.079296E7
-1078784.0
744448.0
-5436416.0
-5517824.0
-3502592.0
-1.512704E7
-9106944.0
-4534272.0
1202176.0
-1989120.0
-1681920.0
-3812864.0
-7844864.0
-1.068288E7
-7580160.0
-1.7032192E7
39424.0
6126592.0
-6557184.0
-6722560.0
-1.032192E7
-1.73184E7
-1.8336256E7
-1.239296E7
-1.4798848E7
-1.7399296E7
-1.6835072E7
-6824960.0
2385920.0
-761856.0
-9005568.0
-1.5937024E7
-9378816.0
-1016320.0
1.0490368E7
3973632.0
-2739200.0
-1.037824E7
-2.284032E7
-9391104.0
3032576.0
1652224.0
-1.1999232E7
-1.8413568E7
-2.5922048E7
-1.182208E7
-1817088.0
-1.2171776E7
-5634560.0
-7264768.0
239616.0
1099776.0
5131264.0
-3529216.0
-4082176.0
8900608.0
4205568.0
129024.0
8486400.0
-3494400.0
-3965440.0
-3565568.0
-1.5822848E7
-1.831168E7
-2.27072E7
-1.4099456E7
-9058304.0
-1.02656E7
-7739392.0
444928.0
-7994368.0
-1.0463744E7
-1.0702336E7
-1.8021888E7
-7706624.0
-7145984.0
-1.25568E7
-1.1308544E7
4807680.0
9732608.0
3516928.0
-4338176.0
-1.2549632E7
-6056960.0
-1.4473728E7
-3871744.0
1811456.0
-1.0597888E7
-1.0535424E7
-1.4461952E7
-1.460736E7
-1.768192E7
-3786752.0
4274688.0
-5024256.0
-1.0534912E7
-4381696.0
3134464.0
-6558208.0
677376.0
2030080.0
6095360.0
-2277376.0
-3290112.0
-9845760.0
-9339392.0
5308416.0
1.357824E7
1.1324416E7
7971840.0
5985280.0
3317760.0
2152960.0
2623488.0
4334592.0
5373440.0
5894656.0
1.2642304E7
1.4230528E7
8246784.0
908800.0
8792064.0
2207744.0
6623232.0
7307776.0
1.0622464E7
4717056.0
1680896.0
8801280.0
9444352.0
7260160.0
-1.5726592E7
-1.9320832E7
-1.2419584E7
-1.0796544E7
-573952.0
-4259328.0
-4558848.0
-9743360.0
-1758208.0
-5043712.0
-1.075968E7
-5295104.0
-3307008.0
719360.0
1.2364288E7
4050432.0
4675584.0
4920320.0
7496192.0
-1.0597888E7
-6166016.0
-2426368.0
-2295808.0
-3641344.0
2681344.0
-6863360.0
-1.0683904E7
4162560.0
1.0810368E7
1.3779968E7
1582592.0
2676736.0
-6621696.0
-1.1651584E7
-1.2039168E7
-1.8007552E7
-8025088.0
-6903808.0
-5870592.0
-5878784.0
5784576.0
1.1397632E7
4371968.0
1.1784192E7
1.269504E7
1969664.0
385024.0
1967616.0
-8102912.0
-1.0285056E7
-1.1628032E7
-5251072.0
2883584.0
8783872.0
-3421696.0
-6235648.0
-1.5619072E7
-1.2238848E7
-1.1906048E7
-1.633792E7
-5924864.0
-5390848.0
3666432.0
-4854784.0
-1.1639296E7
-1.1160064E7
-2.731264E7
-1.5939584E7
-4013056.0
-1.2591104E7
-1.7047552E7
-8796672.0
-3586048.0
-3674624.0
-5950464.0
-1.4962688E7
2668032.0
1.0907648E7
924672.0
-6497792.0
-3607040.0
-8465408.0
-1400320.0
-5860864.0
-1.2732416E7
-3519488.0
-1488896.0
707584.0
-9382912.0
4619264.0
2198528.0
-3307008.0
-2438144.0
5392896.0
7756288.0
9568768.0
1633792.0
-1.5754752E7
-5855232.0
-7438848.0
-1.306368E7
-1715200.0
-1.056512E7
-9617408.0
-7717888.0
-8505856.0
-1.2832768E7
-1.0203136E7
-8859648.0
1071104.0
4655104.0
-5275136.0
8363008.0
8198656.0
2484736.0
-2633728.0
-2593280.0
9313792.0
1893376.0
-5780992.0
-9350656.0
-1.03552E7
-1.3497856E7
-2.4658944E7
-1.7266176E7
-1.3709824E7
-1.6198144E7
-1.1360768E7
-1.0024448E7
-9234432.0
-6338048.0
1582080.0
1175552.0
996864.0
-1.0761216E7
-1.041664E7
-1.1860992E7
-1.3530112E7
-7127552.0
-2713088.0
-9624576.0
-7613440.0
-4925440.0
-5882880.0
-1.6787968E7
-1.5442944E7
-1.904896E7
-1.9035136E7
-1.0646528E7
-2792960.0
-769024.0
-7897088.0
-5156352.0
9061888.0
6300672.0
-1.1722752E7
-7013376.0
-6623744.0
-9393664.0
2411008.0
-3854848.0
-2480128.0
-15872.0
-8437760.0
-8816640.0
-1.1612672E7
-1.8315776E7
-1.7637376E7
-1.6042496E7
-1.8000896E7
-4212224.0
4234752.0
-1144320.0
-2468864.0
-4035072.0
-4523520.0
3352064.0
-1757696.0
1795072.0
3577856.0
-1857536.0
3847680.0
728576.0
8966144.0
-157184.0
-1.5783936E7
-9184256.0
-1.8390528E7
-1.913088E7
-6001664.0
-9282048.0
-4980224.0
-3421184.0
550400.0
5851136.0
6143488.0
-1975296.0
727040.0
6830592.0
8015360.0
-3078144.0
-1524224.0
1.1314688E7
1.3817856E7
2839040.0
409600.0
1.296384E7
1.6643584E7
1.0210304E7
5853184.0
-940032.0
-2773504.0
-710656.0
3223552.0
2844672.0
-1.5900672E7
-8262656.0
-1679872.0
-1.0070016E7
790528.0
998400.0
-1.0161152E7
-7302656.0
-9032704.0
-4572672.0
-316928.0
-6117888.0
-1.8642432E7
-1.9349504E7
-9840128.0
-1.4859264E7
-7792128.0
-1.1940864E7
1211392.0
2374144.0
-2348032.0
-956416.0
-2510848.0
-1.8726912E7
-6354944.0
-3874304.0
5609472.0
9602048.0
-3657728.0
-8055808.0
-2.0893184E7
-2.158336E7
-3.2195072E7
-2.1845504E7
-1.7537024E7
-1.0313728E7
-1.1045376E7
-8971776.0
-8780288.0
-1.0169344E7
-6619648.0
-2.0168192E7
-2.1665792E7
-5281280.0
-3813888.0
-1.5504384E7
-2.2387712E7
-1.449472E7
-1.7439232E7
-1.830912E7
-2.5441792E7
-2.491648E7
-1.6691712E7
-1.480192E7
2499584.0
73728.0
-1.0614784E7
-9183744.0
-7825920.0
-9541632.0
-1.5845376E7
-2.959616E7
-3.2526336E7
-1.9712512E7
-1838592.0
-906240.0
-9110016.0
-5719552.0
-3190272.0
5323264.0
1441280.0
-5501952.0
-3445248.0
2328576.0
-231424.0
-1929216.0
-1860096.0
-4645376.0
-535040.0
1735168.0
1972224.0
3472896.0
1.3857792E7
1.369344E7
1.20832E7
1.0826752E7
2816000.0
-7562752.0
-3389440.0
-2327040.0
-5711360.0
-8432640.0
-8998912.0
-3812864.0
-1012224.0
1.0600448E7
6984192.0
-1.4007296E7
-2.1257728E7
-1.763072E7
-3859968.0
4431360.0
-9895424.0
-1.700864E7
-6691328.0
3386368.0
-6542848.0
-1.4504448E7
-1.1805696E7
-7312896.0
-1.0081792E7
-8826880.0
-1.2636672E7
2674688.0
5596672.0
5800960.0
112128.0
-6742528.0
980992.0
6940160.0
1959936.0
1.080832E7
4777984.0
-8820736.0
-7874560.0
544768.0
2985984.0
5767680.0
-3786240.0
-1.1373056E7
571392.0
5428224.0
7839744.0
6544896.0
1807360.0
1.0387968E7
1.0865152E7
3517440.0
3922432.0
-3200000.0
-7012864.0
35840.0
-2101248.0
6527488.0
1.2945408E7
5085696.0
-4559360.0
-8478208.0
-2031616.0
-1.069568E7
-1.6218624E7
-8881152.0
-2876416.0
-1.0033152E7
-7442432.0
-540160.0
2882560.0
-1602048.0
-4252672.0
5885952.0
-370688.0
-656384.0
1790464.0
4137472.0
5114880.0
-786432.0
-7961600.0
-6428160.0
-6196736.0
1483264.0
-3235840.0
3815936.0
-7015936.0
-6110720.0
-8337408.0
980992.0
-1202176.0
-7673344.0
-3829760.0
-2710016.0
2111488.0
-6372352.0
-8919552.0
-1.806848E7
-1.3717504E7
-1.355264E7
-1826304.0
3319296.0
1746944.0
4289536.0
471552.0
-508928.0
-9644032.0
-1.3636096E7
-1.7699328E7
-8685056.0
-4148736.0
-641536.0
-6929920.0
-2619392.0
-354304.0
-2003456.0
-1319424.0
-6765056.0
-1.2607488E7
-7851520.0
-1.1648E7
-2064384.0
2265600.0
-6056448.0
5891584.0
1.6220672E7
9853952.0
3028480.0
-5340160.0
-5810176.0
-1.0679808E7
-1214976.0
9357824.0
1.0678272E7
1279488.0
-7324160.0
-1.8610688E7
-1.1972096E7
-5585408.0
-7594496.0
-9043968.0
-6607872.0
-1.3499392E7
-1.022976E7
-6212608.0
-5431296.0
5484544.0
2732544.0
308736.0
-1.6513536E7
-2589184.0
7173632.0
1.1106304E7
1.62432E7
1.2768768E7
-6792192.0
-6352384.0
-7353344.0
-7878656.0
6432768.0
2168320.0
-3671552.0
-1.278976E7
-1.273856E7
-1.0548736E7
3491840.0
5846016.0
-4348416.0
-9910784.0
-1.9359232E7
-1.345024E7
-4427264.0
806400.0
1908224.0
-2692096.0
-1.4431232E7
1286656.0
1.6159232E7
7619584.0
6141440.0
1363456.0
-5047808.0
-4104192.0
2653696.0
-4756480.0
-1.216E7
-5286912.0
5820416.0
-8592896.0
-2552320.0
-1682432.0
-1.929984E7
-2.7952128E7
-2.1258752E7
-5611520.0
-4800000.0
-1.3515776E7
-1.4726656E7
1235968.0
2137600.0
-1098752.0
8756736.0
1.0630144E7
6922240.0
-1.257728E7
-1.0175488E7
-7277568.0
3750912.0
4367872.0
-1.0511872E7
-7665664.0
-2536448.0
-7094272.0
-1517568.0
2225664.0
8036864.0
-512512.0
-2077184.0
-128000.0
5918208.0
-2606080.0
8144384.0
5109248.0
-9273856.0
-1.3301248E7
4886528.0
1.47584E7
4405760.0
-16896.0
2428416.0
2640384.0
-2187776.0
-8928768.0
-8969216.0
-4744704.0
-5945856.0
373760.0
-3909632.0
-3923456.0
-2864128.0
-965120.0
-3569664.0
4979200.0
3189248.0
-4816384.0
-7181312.0
802304.0
7964672.0
4654080.0
-1936384.0
-1.5310336E7
-2.4147456E7
-1.4380544E7
-1.0855936E7
-1.1907584E7
-8104448.0
-1.3663744E7
-1.6164864E7
-4481024.0
1.184768E7
7886848.0
4008960.0
-1032192.0
-3909632.0
1050624.0
-4101632.0
-9529856.0
-1.1314176E7
-9597952.0
-1.125888E7
-1.4836224E7
-4444672.0
-2829824.0
-1.197312E7
-4475904.0
-1192960.0
-5101568.0
-1.0983424E7
-1.408768E7
-7905792.0
-1.9567104E7
-1.6935936E7
-7578624.0
764928.0
2194432.0
-734208.0
-7601664.0
-7796224.0
-5316096.0
-1.0764288E7
-6323712.0
2215424.0
38400.0
-6028800.0
-8378880.0
-6851072.0
-1.2585472E7
-7527936.0
-7789056.0
-1193984.0
3523584.0
2479616.0
-1229824.0
-1889280.0
-6327296.0
-2290688.0
5219840.0
1.0493952E7
5613056.0
6305792.0
6345216.0
2340864.0
853504.0
-5422080.0
3489792.0
-1655808.0
1615360.0
-7907840.0
-4466176.0
-8133632.0
2433536.0
6512640.0
9952768.0
1.7236992E7
1.6383488E7
1.7389568E7
4017664.0
-7936512.0
-1753600.0
4754944.0
7151616.0
-6907392.0
-9902080.0
3339264.0
4425216.0
-1.1152384E7
-1.774336E7
-1.8228224E7
-6456320.0
-2198528.0
-1815552.0
-4010496.0
-7772160.0
-4435456.0
-1.8791424E7
-1.1278336E7
-1.3707264E7
-1319936.0
4662784.0
-1916416.0
-5580288.0
-7135232.0
3565056.0
9012736.0
-195072.0
-1.051136E7
-1.265408E7
-1.8893824E7
-1.8776576E7
-6392320.0
-1432576.0
-9618432.0
-2.908672E7
-2.4160768E7
-1.2194816E7
-7584768.0
-2192384.0
5170176.0
129536.0
-512.0
4896768.0
5159936.0
1117184.0
-3786240.0
-8932864.0
-4402176.0
2438144.0
3176448.0
-6160896.0
-1.0812416E7
-2.0464128E7
-6403072.0
-4608512.0
-9861632.0
-9004544.0
861696.0
-625152.0
-7645184.0
-2.1262336E7
-9041920.0
-4999680.0
1239040.0
1726464.0
-3224064.0
-3938816.0
-1.3099008E7
-7955968.0
-1.0980864E7
1243648.0
5999616.0
3009024.0
8869376.0
9088512.0
3677696.0
-3924992.0
-61440.0
1730048.0
-1457664.0
-3224064.0
-7603712.0
-2248192.0
5357568.0
6279168.0
2593792.0
389632.0
-967680.0
5440512.0
1.4055424E7
9741312.0
1.3057024E7
1.3474304E7
1.1894784E7
7466496.0
-5257728.0
-8664576.0
-2384896.0
1685504.0
6787072.0
6800896.0
1.321472E7
1513984.0
-1.1222016E7
-1105408.0
-1238016.0
-40448.0
-1.2179968E7
-1.1799552E7
-1.2199424E7
-1.734656E7
-1.0684416E7
-5857792.0
2001408.0
4442112.0
2696192.0
6078976.0
-969216.0
-3835904.0
1.3864448E7
2.0816384E7
8604672.0
6999040.0
188416.0
-7584256.0
1127936.0
8140800.0
8095232.0
-302592.0
-1400832.0
2288640.0
8242176.0
3207168.0
7744512.0
-4887552.0
-4556800.0
1940480.0
1812992.0
1.155584E7
5707776.0
6025728.0
3258368.0
1.1856896E7
189952.0
-6475264.0
-1.207808E7
-3418112.0
9263104.0
-5881344.0
-6749696.0
2811392.0
486912.0
-9818624.0
-8136192.0
-1.0057216E7
-4868096.0
3258368.0
1861632.0
2739712.0
-3108864.0
2304512.0
6706688.0
1.1423744E7
8544768.0
9825280.0
-5741568.0
406016.0
-7513088.0
-8164864.0
-9939968.0
-7637504.0
-3351552.0
-2890752.0
4143104.0
2574336.0
8955904.0
3708928.0
-6535680.0
-5735936.0
-422912.0
-5411328.0
-1.366784E7
-1.9820032E7
-2.4011776E7
-2.1825536E7
-1.1053568E7
-2513920.0
2641408.0
8992256.0
-1677824.0
1112064.0
-4466176.0
-2407936.0
-7316480.0
-2812928.0
-1.4599168E7
-9893888.0
-7559680.0
-6793728.0
-274944.0
-7930368.0
-1.017856E7
-1.3683712E7
-2.1283328E7
-1.4663168E7
-5760512.0
-1003008.0
-3419136.0
-4914176.0
6825984.0
1.7867776E7
5346304.0
1.08032E7
2.1217792E7
1.1061248E7
-7770112.0
-1.997056E7
419840.0
791552.0
524800.0
-467456.0
-5164544.0
-5382144.0
-4487168.0
5684224.0
220672.0
-9552384.0
-207360.0
-8573440.0
-3346432.0
-419840.0
424960.0
2314752.0
9757696.0
-4284416.0
-6151168.0
-2378240.0
-3756032.0
-1.5988224E7
-381952.0
3262976.0
28160.0
3535872.0
-729600.0
-1.2539392E7
-1.7074688E7
-8684032.0
2190848.0
-4389376.0
-1.1956224E7
-2.0007936E7
-1.5216128E7
-4455936.0
-1.2215296E7
-1.6427008E7
-1.162752E7
-1.122304E7
-1.5248896E7
-6521344.0
-1.0686976E7
-5759488.0
-1.5178752E7
-8368640.0
-7758848.0
-6379008.0
-4249600.0
-842752.0
-1277440.0
-186880.0
3905024.0
6797824.0
7430656.0
-1504768.0
-3326976.0
-2112000.0
-2.0365824E7
-2.4017408E7
-1.3451264E7
9941504.0
8567808.0
8199168.0
1.5625728E7
1.255168E7
-8510464.0
-1.0873344E7
2627584.0
2782720.0
2483200.0
-2518528.0
-6901760.0
-1.058304E7
-9126400.0
-3236352.0
-1659392.0
-4570624.0
-1.3820416E7
-4873728.0
1541632.0
-3087872.0
-4512768.0
-5898240.0
9092096.0
-251392.0
-160256.0
-6149120.0
239104.0
9151488.0
2562048.0
-27136.0
-5911040.0
-4812288.0
9332736.0
4065280.0
-4594688.0
-5143040.0
-4225024.0
543744.0
932864.0
417792.0
-281600.0
3484160.0
-539136.0
1798656.0
7897600.0
-968704.0
-1.5453184E7
-1.4840832E7
-1.3097472E7
-1.314048E7
-1.0464768E7
1025024.0
2086400.0
6368256.0
8697344.0
1.0568704E7
9560064.0
3338752.0
-5334016.0
-9889280.0
-1.5279616E7
5078528.0
8093696.0
7430656.0
8080384.0
8625664.0
2993664.0
1015296.0
3525632.0
-5184000.0
-9684480.0
-1.3241344E7
-1.1541504E7
-4438016.0
4206592.0
6628864.0
1.3215744E7
5291008.0
3591168.0
-1277952.0
-9597952.0
-6513152.0
-5396480.0
6675456.0
-3675648.0
-6442496.0
-533504.0
3475456.0
-548352.0
1640448.0
-2724864.0
-7205888.0
-4332032.0
-6028288.0
1.5090688E7
3292672.0
602624.0
6754816.0
2552832.0
2484736.0
1.0446336E7
8573952.0
-865280.0
-1.1452928E7
-1.6418304E7
-1.3016064E7
2373120.0
1.982976E7
8768000.0
3353600.0
-2056192.0
713728.0
1123840.0
7718400.0
8146432.0
-1243648.0
465920.0
-9545728.0
-988672.0
-1.4230016E7
-1.7236992E7
-1.2453376E7
-1.115136E7
-7296000.0
-1.74464E7
-3659776.0
4309504.0
2021376.0
-2897920.0
5059584.0
1.1283968E7
1.4615552E7
8588288.0
-2683904.0
-9601536.0
-3961344.0
1701888.0
-749568.0
-125952.0
-3249664.0
3524608.0
-5485568.0
-7425024.0
-1.8157056E7
-1.0007552E7
5637632.0
9778176.0
8689664.0
6482944.0
-5869056.0
-5091840.0
-6501376.0
2622464.0
-8516608.0
-5085696.0
-5421056.0
2637312.0
-641536.0
-1.216256E7
-6537216.0
-1.2307456E7
-4439552.0
-928768.0
-4261888.0
-377344.0
-1.2984832E7
-2.0348928E7
-1.38368E7
-1.1393024E7
-1.0495488E7
-1.1547648E7
-3842048.0
1798656.0
-3538432.0
-1.228288E7
1082368.0
-779264.0
1.0737152E7
8513536.0
-5900800.0
-4192768.0
-419328.0
-4731904.0
1988096.0
3356672.0
-100352.0
-5106688.0
-9798656.0
-1.3340672E7
-9095168.0
-1.5514112E7
-2.3547392E7
-4387328.0
-8393728.0
-5101056.0
2059264.0
-5064192.0
-9798656.0
-2098688.0
-159744.0
-2525696.0
-8528896.0
-1.075968E7
-2821120.0
-8578560.0
-7825408.0
3963392.0
9222656.0
2471424.0
3311616.0
-1497600.0
-2134528.0
-1839104.0
-3984896.0
-1.62688E7
-1.4839808E7
-1.395712E7
-1.5839744E7
-1868800.0
-1.0533376E7
-7489024.0
-479744.0
-7193088.0
2080256.0
2870272.0
4733440.0
5206016.0
8140288.0
1.483264E7
1.6085504E7
5920768.0
1.3109248E7
1.1750912E7
5985792.0
4785152.0
7910912.0
3379200.0
-1158144.0
-4195840.0
4019712.0
7222272.0
3869696.0
-6234624.0
-7834624.0
4552192.0
-5830656.0
8275456.0
1.5291392E7
9256448.0
567808.0
1.007872E7
5699072.0
-3830272.0
-3490816.0
6932992.0
-3201536.0
-9061888.0
-3781632.0
-6817792.0
-9958912.0
-8873472.0
-8585728.0
-1.1732992E7
-5683712.0
-4871680.0
-4674560.0
-7051776.0
-7003136.0
-4901376.0
1781760.0
-6533632.0
-5051904.0
-2980352.0
-763392.0
5023232.0
3610112.0
-1.0842112E7
-1.3198336E7
1.3317632E7
1.6772096E7
1.0658816E7
1.791744E7
9351680.0
-3905536.0
-1.2768256E7
-1.0134528E7
5544960.0
-4090368.0
3735552.0
1.0727936E7
1.3259264E7
9375232.0
-2683904.0
-5458432.0
-5043200.0
-1278976.0
-5208064.0
-2.0068352E7
-1.5154688E7
-1.3212672E7
-1.662464E7
-2.3136256E7
-1.1267072E7
-1422336.0
-2200576.0
-2503168.0
-1.5000064E7
-1.8958848E7
-1.2946944E7
-1.2638208E7
-9730560.0
-1.3217792E7
-8083968.0
-4286976.0
-5982720.0
1653760.0
1858048.0
-3063808.0
-910336.0
-1884160.0
4868096.0
-834048.0
7408640.0
5884928.0
-1111040.0
-3978240.0
-5688320.0
2234368.0
8859136.0
2114048.0
8405504.0
754176.0
7373312.0
5172736.0
1.0654208E7
1.2931584E7
910336.0
4546560.0
2979328.0
-847872.0
2013696.0
-6438400.0
-6110208.0
-9595392.0
-3564544.0
-7382528.0
-6918656.0
-1607168.0
1.2491776E7
8515072.0
930304.0
-5963264.0
-3328000.0
-4916224.0
-4073984.0
-1.3721088E7
-1.8617344E7
-1.7315328E7
-6730240.0
-2257920.0
-4801024.0
-1587200.0
-7847424.0
-1.2382208E7
-4000768.0
1745408.0
-1238016.0
-5040640.0
-2137088.0
-1424896.0
-6738432.0
-1458688.0
7309312.0
1.011712E7
5123072.0
-3661824.0
4271104.0
1.3651968E7
1.4181888E7
7024640.0
-5794304.0
-1.2488704E7
-5829120.0
-2270720.0
-8367104.0
-1.0710528E7
-1299456.0
-8125952.0
6710784.0
5870592.0
-2359296.0
-6093312.0
-4385280.0
-6071296.0
1450496.0
-1.329408E7
-1.2191744E7
-445440.0
-2225664.0
-1.0820096E7
-1.57952E7
-2106368.0
7150592.0
7109632.0
1871872.0
4423680.0
-1644544.0
-1.1275776E7
-7126016.0
-6763520.0
-9960960.0
2939392.0
75264.0
-3206656.0
-427520.0
-4069888.0
1035776.0
-5180928.0
-1.1441664E7
-6216192.0
-6918144.0
-6278656.0
-8265728.0
-591872.0
2819584.0
-8413184.0
-704512.0
-1052160.0
-1816576.0
960000.0
-8135680.0
-4478464.0
-791040.0
9621504.0
2249216.0
2233856.0
389632.0
7113728.0
-7430656.0
4645376.0
-7934464.0
-4546560.0
6757376.0
8487424.0
-7293952.0
-1.4946816E7
-6530048.0
-295936.0
-5633536.0
-1.415936E7
-1.4140928E7
-1.5987712E7
-1.2804608E7
-1.6369152E7
-1.7541632E7
-1.3136384E7
-7044608.0
-1.265664E7
-1.910272E7
-8750592.0
-1.7023488E7
-9615872.0
-2575872.0
-3010048.0
-7121408.0
-1.0898432E7
-2718720.0
2866176.0
1906688.0
-8225792.0
-4381696.0
-7250432.0
-7648256.0
-4903424.0
-1.8518528E7
-2.7638784E7
-2.1313536E7
-5618176.0
9846272.0
3670016.0
-4170752.0
-1.7340416E7
-7461888.0
-1.3443584E7
-1.5744E7
-8897536.0
-5700096.0
-3248640.0
7909888.0
3003904.0
2161664.0
5650944.0
-1182208.0
-7961600.0
-993792.0
9413632.0
2.0005888E7
1.6180224E7
1.40032E7
1.4223872E7
8197632.0
-7584256.0
-1.1582976E7
-2976256.0
4276736.0
2058752.0
1624576.0
5246976.0
2.001408E7
5328896.0
-8994816.0
-6488576.0
-1.1132416E7
-1.3134848E7
3415552.0
7213056.0
-1835520.0
2229760.0
8486400.0
5584384.0
2924032.0
8680448.0
2678272.0
488448.0
341504.0
-6032896.0
-1231872.0
3429888.0
-9880064.0
806400.0
6379520.0
8412160.0
7129600.0
5361152.0
3734528.0
-2381824.0
-6536192.0
-1.5577088E7
-7183360.0
-52224.0
7438848.0
3984896.0
-8037888.0
-4424192.0
263168.0
-1424384.0
4893184.0
1.0322944E7
-1048576.0
1.0285056E7
1.3737472E7
1.7554432E7
7587328.0
7486464.0
7654400.0
7385600.0
1.0299392E7
7696896.0
3910144.0
3278848.0
5585920.0
5650432.0
7636992.0
-2618880.0
-9491456.0
-1.6615424E7
-3773440.0
2354176.0
4948992.0
-1853440.0
-2064896.0
-5163520.0
-8156160.0
-1818624.0
-2777088.0
-77824.0
999424.0
-3418112.0
-1054208.0
55296.0
-4894208.0
-126464.0
-1.8509312E7
-1.2760576E7
-9949696.0
-1.5478784E7
-1.787392E7
-1.4985216E7
-946688.0
2899968.0
-1649664.0
-3386880.0
-3551232.0
-9061888.0
-1.0724352E7
-1.081344E7
353792.0
-5588480.0
26112.0
828928.0
1255424.0
-257024.0
-1.1380224E7
-1704448.0
1.2410368E7
2.8640768E7
2.3164928E7
9761280.0
-5777408.0
-3123200.0
-8838656.0
-1.3315584E7
-6405632.0
-1.0671616E7
-9916928.0
1507328.0
5355008.0
-1830400.0
-69632.0
-251392.0
9250304.0
8149504.0
-4221440.0
-8757248.0
-4993536.0
-4854784.0
-791040.0
-5298176.0
-1.251584E7
-4682752.0
-1847808.0
-1.1999232E7
-1.0293248E7
-2809856.0
-7013888.0
478720.0
4905472.0
-3453952.0
1898496.0
8223744.0
5206016.0
-2263552.0
-5128192.0
-1.2509184E7
1370624.0
673792.0
-506368.0
-34816.0
897024.0
-3871232.0
-2973184.0
-1401344.0
4270080.0
210432.0
-1.4513152E7
-1.3239808E7
-1.6758784E7
-3722240.0
3305984.0
1525248.0
-5519872.0
-4116992.0
-668672.0
-2908672.0
-2138624.0
976384.0
-4552192.0
-1.6210944E7
-7886336.0
5399040.0
6199296.0
2507776.0
825344.0
-2224128.0
-8630784.0
-172032.0
1.4162944E7
-1272832.0
-3886080.0
-7889920.0
3871744.0
1.326848E7
3200512.0
5575168.0
1.7398784E7
1.0747904E7
7787008.0
1.1766272E7
6126592.0
4915712.0
3045888.0
508416.0
3520512.0
-4492800.0
-4794368.0
-1.2487168E7
-6105600.0
4156416.0
-1.3285376E7
-1.0098688E7
-3656704.0
458240.0
1179136.0
-5641216.0
-1.1723264E7
-6656000.0
-1003008.0
-404992.0
3552256.0
4487680.0
6773760.0
2129920.0
5863936.0
3165184.0
-6120448.0
-4430848.0
9299968.0
4713984.0
4185600.0
487936.0
7008768.0
1.2018688E7
-1484800.0
-9748992.0
-998400.0
4456960.0
733696.0
-1.3779968E7
-4132864.0
-2555904.0
-5384704.0
-5118976.0
2916352.0
4539904.0
553472.0
-3292160.0
-7121920.0
-6573056.0
6509056.0
6259200.0
5122048.0
-7316992.0
-4522496.0
-5486592.0
526848.0
-3159552.0
3205120.0
9045504.0
1.2457472E7
2468864.0
9248256.0
1.2685312E7
1.3781504E7
5169664.0
-7456256.0
-3268608.0
7689216.0
3169280.0
4754944.0
6329856.0
-3027968.0
-8033792.0
-4500992.0
379904.0
1.1037184E7
1.5060992E7
1.4352384E7
5770240.0
1303040.0
1387520.0
-5409280.0
-6503424.0
373248.0
461312.0
-8758272.0
-1.2593152E7
-1.4587904E7
-6937600.0
-646144.0
-4479488.0
3632128.0
-821248.0
-1.0413056E7
-1108992.0
1.1523072E7
384000.0
4292096.0
1.2325376E7
7435776.0
7866368.0
-3388928.0
-5981696.0
-6997504.0
-9775616.0
-1.1203584E7
966656.0
-91136.0
-3858944.0
-1.511424E7
-6355456.0
-2957312.0
-519168.0
-227328.0
-1440768.0
-9641472.0
-1.5176704E7
-5450752.0
-4423680.0
-1.075456E7
-1.0968064E7
-7284224.0
-3162624.0
-1280000.0
-5456896.0
-7997952.0
-7068160.0
-7891456.0
-2993152.0
-1561600.0
-9549824.0
-1.0810368E7
-1080320.0
1497088.0
-8622080.0
-3908608.0
-2375680.0
-1090048.0
4434432.0
-9628672.0
-9616384.0
-8072704.0
-2987520.0
-399360.0
2439168.0
-2756608.0
-3614208.0
-7510016.0
-9439232.0
-6040576.0
-8142336.0
-1.1980288E7
1119744.0
-796160.0
1.4876672E7
1.097984E7
1270784.0
409088.0
5325312.0
3641856.0
4184576.0
2154496.0
3168256.0
1204224.0
8311808.0
3083776.0
-1356288.0
3976192.0
1545216.0
-9958912.0
-3564544.0
-5388800.0
-1589760.0
-5925888.0
-3269120.0
-4722688.0
-5696512.0
-2266624.0
-5175296.0
-1.1068416E7
-1.0295296E7
-1.424384E7
-9990656.0
-2451968.0
-5912576.0
-1.384448E7
-1.4047232E7
-2.1026304E7
-2.1561344E7
-1.901824E7
-7659008.0
-2146304.0
-2390528.0
-3799552.0
-9378304.0
-4488192.0
-9956352.0
-5063168.0
3060736.0
1804800.0
-7077888.0
-1.5593984E7
-3627008.0
3290624.0
2309632.0
2983424.0
4091904.0
1.31712E7
4366336.0
3144192.0
3365376.0
6958080.0
6351872.0
-6180864.0
-9423872.0
-702976.0
228352.0
-1.6413184E7
-1.6172544E7
-2677760.0
-4826112.0
-1368576.0
1254912.0
7958528.0
3093504.0
-1.0466304E7
-1.2883968E7
-1.8459136E7
-1.9169792E7
-1.2073984E7
-6795776.0
-6243840.0
-1.055488E7
-9908736.0
-4190720.0
2193920.0
-4758528.0
-6070272.0
-1973760.0
-9591296.0
-2.6202112E7
-3.2187904E7
-1.010176E7
-1.0952192E7
-1.1044352E7
-7790080.0
-5915648.0
-4926464.0
-5548544.0
-1.0205696E7
-1.6311808E7
-5045760.0
-7337984.0
-1.3006336E7
-1.4020608E7
-8802816.0
7377920.0
8304128.0
9887232.0
1.1971072E7
2552832.0
-5692928.0
-1.1088896E7
-1.3336064E7
-1.7785344E7
-4262912.0
-6217216.0
-2007552.0
-6496256.0
-3529216.0
4546560.0
6298624.0
-360448.0
-3062272.0
-1.2935168E7
-3789312.0
4114432.0
2654720.0
-5037568.0
4692992.0
1.3415936E7
6673408.0
-1716736.0
-3056640.0
4856320.0
4777472.0
-792064.0
-1139200.0
-401408.0
919040.0
-1400320.0
-3394560.0
-1418752.0
-7585792.0
-1.0100224E7
-3557888.0
-1.5022592E7
-1.326336E7
-7400448.0
987136.0
-1.2362752E7
-1.3389824E7
-395264.0
1.013504E7
1.4491136E7
1.1022336E7
-5063680.0
7664640.0
705536.0
-7415296.0
-4502528.0
-152576.0
-3890176.0
-3160576.0
1640448.0
3736576.0
1956864.0
-4269568.0
-1.3401088E7
-9985024.0
846848.0
3082240.0
9125888.0
4490240.0
-1013760.0
-5863936.0
-1.5437824E7
-1.188864E7
-7750144.0
-1.468928E7
-1.2955136E7
-1.0599424E7
-2.190848E7
-1.4243328E7
-9284608.0
-8502784.0
81920.0
2973696.0
1.027584E7
8160256.0
3672576.0
2459648.0
-2613248.0
223744.0
1492480.0
-3949568.0
-3189760.0
-3375104.0
-1085440.0
-1.5148032E7
-2.372096E7
-1.3417472E7
-1042944.0
-2774016.0
4768256.0
1.5669248E7
1.499392E7
9452032.0
5130752.0
3570688.0
-6163968.0
-3601408.0
-2339840.0
-6142976.0
-2269184.0
-7998976.0
-4871168.0
-8566784.0
-2065408.0
-67584.0
7125504.0
2773504.0
2976256.0
1537536.0
7581184.0
3486208.0
3043328.0
-3141120.0
7087616.0
1.4077952E7
1.2841984E7
3351552.0
5225472.0
7402496.0
6733824.0
1.201408E7
3.2493056E7
1.0699264E7
7771648.0
7607808.0
6744064.0
-6380032.0
-223744.0
1028608.0
-4950016.0
-1.0028544E7
-1.5919616E7
-2010112.0
3609600.0
1.066496E7
7080960.0
-243712.0
-2496000.0
-4577280.0
-9647616.0
6047232.0
4753408.0
-1.4340096E7
-1.5090688E7
-2.1413376E7
-1.609728E7
-6464000.0
-6508032.0
-6315520.0
-754176.0
-4993536.0
-3259904.0
-8424448.0
-1.122048E7
-9655296.0
-1.2668416E7
-1.6117248E7
-1.351936E7
-1.0469376E7
-740352.0
-5301760.0
5282816.0
5883904.0
-7194112.0
-1.5743488E7
-8636928.0
-5076992.0
-2217984.0
-786944.0
-6292480.0
-4756480.0
-3188736.0
1008128.0
-5955584.0
-1.0288128E7
-1.3202944E7
-6992896.0
-1011712.0
5697024.0
1.1107328E7
6337024.0
3252224.0
-8116224.0
-8353280.0
-1.0984448E7
-9981440.0
-1.1698176E7
-1.1874304E7
-1.0396672E7
-1.0293248E7
-1.165056E7
-1.083136E7
-1.8078208E7
-2.0754944E7
-1.2335104E7
3196928.0
-426496.0
-888832.0
-3016192.0
-2110464.0
-1072128.0
-4844032.0
-1.6614912E7
-1.038592E7
-1.6815616E7
-7434752.0
3338240.0
-1706496.0
-1.028096E7
-4391424.0
-3332096.0
-4252672.0
-9879552.0
-4294144.0
-7405568.0
-1531392.0
-4841984.0
-7067136.0
-5306368.0
-2956800.0
-2238976.0
1.6393216E7
7169024.0
8578560.0
5838848.0
7522816.0
-1.0486784E7
-9720320.0
-8642048.0
-1.32608E7
-1.698048E7
-1.417728E7
-8219648.0
-9424384.0
-5856768.0
-5360128.0
-1.165312E7
-1.0612224E7
-1.7789952E7
-9088512.0
-8925696.0
-2306560.0
-1.0223616E7
-9550336.0
-6479872.0
7749632.0
1505792.0
2681344.0
8894976.0
4764160.0
2427392.0
8449024.0
1.2191232E7
2202624.0
3967488.0
1.7189888E7
1.481984E7
2861056.0
1.0001408E7
1852928.0
745984.0
-6285824.0
-5978112.0
-7057408.0
-3426304.0
1628672.0
-4977664.0
-2496000.0
-1.055232E7
-5172736.0
-8919552.0
-1.4253056E7
-1.2485632E7
-1.9490304E7
-1928704.0
-3301376.0
-1.3482496E7
-1.5356928E7
-5076992.0
-3013120.0
3110400.0
3412992.0
-2761728.0
2298880.0
5391360.0
-1874432.0
1318912.0
1310720.0
1776640.0
7886848.0
2.0649472E7
1.2754432E7
1.270784E7
1.2886528E7
6708736.0
1.2512256E7
1.116416E7
4154368.0
51200.0
-140288.0
-3309056.0
331264.0
2077696.0
-1203712.0
4150784.0
3375104.0
-7305216.0
-5171200.0
-8780288.0
-8597504.0
-4904448.0
-1.564672E7
-3.1634944E7
-2.5171456E7
-1.226496E7
539136.0
2778624.0
-8263680.0
-4165632.0
-7840256.0
-7051776.0
-1.2073984E7
-9848320.0
-6749184.0
-1692160.0
-6392832.0
5069824.0
-164864.0
2626048.0
-4708864.0
-1.228544E7
-1.9542016E7
-1.1003392E7
-7672832.0
-1.8656768E7
-1.3578752E7
-7888896.0
9198080.0
602624.0
-802816.0
-1.0306048E7
-7556608.0
-1978368.0
9617408.0
1393152.0
-4362240.0
-1554944.0
1901056.0
4252672.0
232448.0
-5274112.0
-7346176.0
-3013120.0
-3261952.0
3653632.0
3581440.0
615424.0
-1.604864E7
-6085632.0
4981760.0
8604672.0
-1373184.0
-9865728.0
-3658752.0
-3095040.0
-16896.0
-1.022976E7
-1.1869184E7
-2133504.0
-5060096.0
-8633856.0
-1.205504E7
-1.0396672E7
-5180416.0
-4883456.0
-4704256.0
-3223040.0
-1534464.0
1789952.0
1.1855872E7
-1838080.0
-9363968.0
-9234432.0
-1.2788736E7
-1.2542976E7
-1.0765312E7
-6792704.0
56832.0
-8237056.0
-7660032.0
-3942912.0
643072.0
-708096.0
2048512.0
-5252608.0
-1.0033152E7
707072.0
-4098560.0
-1.137152E7
-5037056.0
-7088128.0
-1.6812544E7
-1.8085376E7
-8833024.0
-1.3808128E7
-2.0360704E7
-2.5230848E7
-2.7139072E7
-1.5669248E7
-3941888.0
-1696768.0
-2371584.0
7139840.0
7806976.0
3808768.0
-2272256.0
-5447680.0
-4190208.0
-3755520.0
-1758208.0
5247488.0
-3788800.0
-3158528.0
-3682816.0
-2447360.0
-5596160.0
-3669504.0
-3313664.0
7533568.0
-2282496.0
-3213824.0
-1.1964416E7
-1.1937792E7
-8082432.0
-9882112.0
-6322688.0
-1.0089984E7
-2.09792E7
-1.755648E7
-5490176.0
-4788224.0
-888320.0
-1.0476544E7
-1.3170176E7
-7108608.0
-1.32992E7
-3188736.0
2628096.0
363520.0
-9591808.0
143872.0
-5054464.0
-1.0136064E7
-1.1150848E7
-8339968.0
-1268736.0
-7890944.0
-7702528.0
-4496384.0
-8775168.0
8800768.0
5045248.0
-2103296.0
-7036416.0
-1.8756608E7
-1.4823424E7
-2.0177408E7
-1.2894208E7
-8056832.0
73728.0
-8332288.0
-3886080.0
-6783488.0
-1.1776E7
-8532992.0
-1212416.0
-63488.0
1843200.0
6202880.0
831488.0
7334912.0
-756224.0
-5865472.0
-4727808.0
-1.0793984E7
-9504256.0
-7152128.0
-3992064.0
-9817600.0
-1.1902464E7
-8881152.0
-1.0605056E7
2722816.0
8230400.0
1.1599872E7
1.6441856E7
1.4525952E7
5222400.0
1.095424E7
9344000.0
1.0107392E7
5812224.0
1776128.0
-2777088.0
-5841408.0
-6806016.0
-1.9247616E7
7774720.0
1.5541248E7
5167104.0
1756160.0
-2471424.0
-1.8070016E7
-1.1931648E7
-1.0519552E7
-1.0484736E7
-1.862912E7
-1.5581184E7
-1.374976E7
-1.0417152E7
-6967808.0
-1.0774016E7
-1.5908352E7
-7307776.0
-4896768.0
3075072.0
-1255424.0
865792.0
1.0985984E7
-4011008.0
-5034496.0
4292096.0
2863616.0
6233600.0
6267904.0
1952256.0
-8653824.0
-1851904.0
-3897344.0
-5493760.0
170496.0
-9041920.0
-1.4467584E7
-8514048.0
-1.3289472E7
-1.7542656E7
-1.4725632E7
-1.7535488E7
-1.4815744E7
-6938112.0
-8540160.0
-1.0743296E7
-1.372928E7
-1.2452352E7
-2977792.0
-1851392.0
-1.4500864E7
-1.3252096E7
3075072.0
8711168.0
-3171328.0
2175488.0
-925184.0
-9618432.0
-8675328.0
-9408000.0
-1.062656E7
1200640.0
1664512.0
1667072.0
574976.0
3874816.0
8715264.0
8321024.0
3724800.0
-366592.0
8432640.0
2.3897088E7
1.7408512E7
5180928.0
2685952.0
290304.0
432640.0
4393984.0
-109056.0
1.0492416E7
1.0075136E7
1042432.0
5152768.0
-3446784.0
-2863104.0
-5042688.0
-6873088.0
3643392.0
7111680.0
9478656.0
-3783168.0
-4296704.0
-5414400.0
-8098304.0
-1.4887936E7
-2170368.0
9937920.0
987648.0
3747840.0
5519360.0
1727488.0
-2540032.0
-8828928.0
-9373184.0
-8916480.0
-1.4252544E7
-1.1542528E7
-8032256.0
-488448.0
-2273280.0
-3693568.0
3506688.0
-2886656.0
-5389824.0
-1643520.0
813056.0
20480.0
-2311680.0
-8029696.0
-2168320.0
5639680.0
1.2649472E7
1.1023872E7
-1376256.0
-3598336.0
-1.9181568E7
-1.4561792E7
-2278400.0
6010368.0
3531264.0
-5070336.0
-1.0797568E7
-7780864.0
-1.3395456E7
-7823872.0
-8583168.0
-2178048.0
2565120.0
8112640.0
1348608.0
-6771200.0
2440704.0
3366912.0
8410624.0
7104512.0
2371072.0
-1146368.0
-1078272.0
-4652032.0
-2912768.0
5001216.0
-4690944.0
-6519808.0
7290368.0
1.2598272E7
7721472.0
3037184.0
8245760.0
2116096.0
2880512.0
375808.0
-1.6477696E7
-2.2419456E7
-1.6876544E7
-1.0376704E7
-7824896.0
-8633344.0
-8682496.0
9420800.0
-4917760.0
-1.1958784E7
-8559104.0
4544512.0
-3629568.0
-2802688.0
-3541504.0
2641408.0
2180096.0
4260352.0
-1414144.0
-1.2865536E7
-9695744.0
5970432.0
5130752.0
-7395840.0
-1.7265664E7
-1.3901824E7
2858496.0
9303552.0
-1125376.0
-6154240.0
-1.5228416E7
-1.6254464E7
-666112.0
2444288.0
-8337408.0
-5322240.0
-7891968.0
-7620096.0
2412544.0
-4860416.0
2926080.0
9929728.0
1911296.0
-7180800.0
-1247232.0
2493952.0
-6997504.0
-8599040.0
-8126976.0
-3186688.0
8557056.0
-3062272.0
-5331968.0
-1.2790784E7
-168448.0
-1104384.0
3042816.0
-5042688.0
-5020672.0
-1.2133888E7
-1.0397184E7
-1.24288E7
-6742528.0
-150016.0
-9907200.0
-6203904.0
-777728.0
-2072576.0
1.4715904E7
8599040.0
5122560.0
-1.4559744E7
-1.6108032E7
-1.10464E7
-1.5920128E7
-1.5230464E7
-1.4368256E7
-7969792.0
-1.359104E7
-1.4921216E7
-1.3046272E7
-2.8975104E7
-2.345472E7
-1.082368E7
-4326400.0
-162816.0
9360384.0
-1795072.0
-1.4437376E7
-1.6548864E7
-7191552.0
-7289856.0
-1.6402432E7
-2371072.0
-6947840.0
2171904.0
-1666048.0
2061824.0
-5380608.0
-4224000.0
9991168.0
3038208.0
-4972544.0
-1.4347776E7
-7781888.0
563712.0
-9333760.0
-1.1554304E7
-7827968.0
-1540608.0
-6786560.0
-1754624.0
1582592.0
1047552.0
434176.0
-9600000.0
-1.974784E7
-6098432.0
-4549632.0
-8780800.0
-9136640.0
-846848.0
2053632.0
-8160768.0
-4508672.0
-1.2137472E7
-1.0386944E7
-1.3041664E7
-8386048.0
-7105024.0
-6559744.0
574464.0
-2978816.0
1.0551296E7
1.4954496E7
-2027008.0
5877760.0
-5772800.0
-7439872.0
-1.3482496E7
-1.0304E7
-1.08672E7
-1.1022336E7
-1.3728768E7
-6620160.0
-4844032.0
-1781248.0
7461888.0
6660096.0
-1619968.0
-8127488.0
-8869376.0
3343872.0
6533120.0
622592.0
-1.1395072E7
-1.2348928E7
-9683456.0
-1.2083712E7
4284928.0
1.5081472E7
2.2981632E7
1.4168576E7
1.3322752E7
1.1539968E7
1656832.0
-2414080.0
-2493952.0
-1.2122624E7
-1.4965248E7
-8323584.0
-7676416.0
-9674752.0
-1.48992E7
-2.1535744E7
-2.6393088E7
-1.4969344E7
3610112.0
1069568.0
-2979840.0
2754560.0
3156480.0
723968.0
2845184.0
654336.0
4090880.0
121344.0
-4236800.0
430080.0
1.4300672E7
3713024.0
-1.3556736E7
-6422016.0
-1.1425792E7
-7471616.0
-1.3471232E7
-2.185472E7
-1.8056704E7
-1.1001344E7
-1390080.0
-3187200.0
-4050944.0
-927744.0
-4497920.0
-6141952.0
893952.0
1.4247424E7
1.4219776E7
1.474048E7
-2772480.0
5173760.0
1.3000192E7
8289792.0
-5352448.0
815104.0
350720.0
-618496.0
-3042816.0
-1.4142464E7
823296.0
1.3095424E7
1479168.0
-5786624.0
-3417600.0
-5828608.0
-4932608.0
-1047040.0
-1.4020096E7
-1.403392E7
-9693696.0
-5844992.0
3692032.0
6315008.0
4153856.0
-2129920.0
-1.2844032E7
-1.3349888E7
-9614336.0
-4944384.0
-5651968.0
-1287680.0
-3106816.0
-4630016.0
5039104.0
-176640.0
-6248448.0
-7684608.0
-1.3638144E7
-1.6505856E7
-8497664.0
-1.037056E7
-1.0748416E7
-9663488.0
-1.2379136E7
2983936.0
6292480.0
-4365824.0
-5132288.0
-1.09696E7
-2799104.0
-5247488.0
-3530240.0
2081792.0
1.4793216E7
-3472384.0
2751488.0
7628288.0
9026048.0
-897024.0
-4968448.0
-6453248.0
-1.2117504E7
-7221760.0
2407424.0
-2917888.0
-227840.0
5692928.0
-7456768.0
-3371520.0
1.3377536E7
1.346816E7
6817280.0
-4809728.0
-1.1897856E7
-2400256.0
1.1929088E7
1.736704E7
1.7076736E7
7783424.0
6142976.0
9796096.0
-6125568.0
-8120832.0
-8764928.0
-351744.0
-751104.0
-4476928.0
-5853184.0
-1.4227456E7
-1.6992768E7
-1.0206208E7
-6743552.0
1.3147648E7
7235072.0
3992576.0
-3030528.0
-7330304.0
-1.3173248E7
-1.0369024E7
-3789312.0
1.215232E7
3721216.0
-1.3108736E7
-7965184.0
-5088768.0
-8673280.0
-9140736.0
9996288.0
1.1114496E7
-2592256.0
2049024.0
-8429568.0
2158592.0
7937536.0
-1555968.0
-1.7037824E7
-1.250304E7
-9709056.0
-5784576.0
-5658112.0
5166592.0
791552.0
462848.0
7487488.0
1.7445888E7
1.519104E7
1.3320192E7
417792.0
-1278976.0
-4973056.0
-6345728.0
-1.5166976E7
-8482304.0
801280.0
-738304.0
1667584.0
541184.0
-1.1262976E7
-522752.0
-1.782528E7
-2.1047296E7
-2924032.0
-6768128.0
-7308800.0
4609536.0
2076160.0
-6460928.0
-1856512.0
-6234112.0
-2178560.0
-8132096.0
-1.1330048E7
-1.2552192E7
3660800.0
1.1167744E7
-1.00608E7
-8192000.0
-9386496.0
444416.0
-1421312.0
-1.2353024E7
-5693440.0
1.2403712E7
-4786176.0
-1.4614016E7
-7974912.0
-175104.0
-3169280.0
-1.1877376E7
-9843200.0
-7510528.0
3118592.0
1.2624384E7
486400.0
-1737728.0
5682688.0
3458048.0
2961408.0
-1.3244416E7
-1.364224E7
4875776.0
1774080.0
5480960.0
2400768.0
7607296.0
-1111552.0
-1.1251712E7
-6834688.0
5305344.0
535040.0
-4970496.0
-5239808.0
-1.5916032E7
-6716928.0
-1.3860352E7
-7360512.0
-1.2153856E7
-1426944.0
-507904.0
-1.2696576E7
-8828416.0
-4954624.0
-2363392.0
-480256.0
4812288.0
1.7882112E7
2.4950272E7
1.1469312E7
-5587968.0
-9284096.0
-4616704.0
4624896.0
8389120.0
6945280.0
1.0658816E7
7357440.0
1667584.0
-1431040.0
4023296.0
-1494528.0
-1.4169088E7
-1.3651968E7
1372672.0
499200.0
1327104.0
-8369152.0
-3197440.0
1103360.0
1.1594752E7
-897024.0
-4679680.0
1149952.0
-484352.0
-8262144.0
-1.1142656E7
-1101312.0
1.084416E7
-1323520.0
-1.4649344E7
-1.7533952E7
-1.7176576E7
-1.8747904E7
-8710144.0
-928768.0
5918208.0
-1254912.0
-8142336.0
-8783872.0
-2.0061184E7
-1.8267136E7
-1.768448E7
-1.1039744E7
516608.0
-1800704.0
3288064.0
-1.3409792E7
-2.0196864E7
-1.9880448E7
-4020224.0
-7554048.0
-1.5078912E7
-1.3094912E7
-1.3374976E7
-3422720.0
-1.3512192E7
-1.5421952E7
-1.1113472E7
-1.8018816E7
-1.4185472E7
-5381120.0
-2342400.0
-270848.0
166400.0
1.14688E7
-7856640.0
-1.0572288E7
-6134272.0
-1.161216E7
1758720.0
4683264.0
-1603584.0
-1.3730304E7
-9950720.0
-6943744.0
-3286528.0
-2791936.0
-4500480.0
-7186432.0
-6967296.0
569856.0
6136832.0
3023872.0
-1.0111488E7
-1.0207232E7
-1.9550208E7
-1444352.0
1.3596672E7
6609920.0
1.3229568E7
1.6832512E7
8178176.0
-832512.0
-5210112.0
4399616.0
-3372544.0
1.1641344E7
1.5560192E7
1943040.0
3933184.0
5885952.0
1472000.0
-7312384.0
-4500992.0
-3823104.0
-9614336.0
-2930688.0
-3677184.0
-9161216.0
-1.1412992E7
-519680.0
-6779392.0
-9491456.0
-1.7755648E7
-2.2465024E7
-1.562368E7
-1442304.0
-1.0642944E7
-3219968.0
1021440.0
-9478656.0
-7590912.0
6739968.0
1.4520832E7
4715008.0
-984064.0
-7920128.0
-7510016.0
-1.2035584E7
-1.0924544E7
1835008.0
-6454272.0
1885184.0
-4684800.0
1.1770368E7
1.4859264E7
1.497344E7
4733952.0
-1.306624E7
-1.4658048E7
455168.0
-1.0957824E7
-1.5206912E7
-1.3506048E7
-1.238016E7
-1.7243136E7
-1.8121216E7
-9912832.0
-1.7186304E7
-1.4132224E7
-1588736.0
-2335744.0
2379776.0
4953600.0
1174016.0
4853760.0
-7588864.0
-9838592.0
-1.076736E7
-5272064.0
-221696.0
645120.0
4500992.0
1167360.0
-295424.0
3861504.0
3545600.0
-2748416.0
8353280.0
-1776128.0
-1.2631552E7
-1.325824E7
-1.3886976E7
-1.7544704E7
-9010176.0
-1731584.0
2348544.0
-7000064.0
475648.0
-7086080.0
-6567424.0
4456448.0
-5847040.0
-1.101312E7
-1.5725056E7
-2.3241216E7
-2.9785088E7
-2.232064E7
-2.1763584E7
-9868800.0
-1.0330112E7
-1.0895872E7
-1.6789504E7
-1.5950336E7
-1.0891776E7
-7590400.0
-3053568.0
-1.3121536E7
-5470208.0
-3330048.0
-7159808.0
-1.015552E7
-1.6614912E7
-1.914368E7
-1.4832128E7
-8521728.0
-1.4862848E7
-2921472.0
778752.0
9700864.0
6731776.0
6442496.0
1241600.0
6439936.0
9970176.0
-528896.0
6615040.0
1038336.0
-4722688.0
1.1768832E7
1.6612352E7
9767936.0
6198784.0
1.2029952E7
1.1386368E7
-5302784.0
-1.1640832E7
-8816640.0
2712064.0
-8279040.0
-6176768.0
-8348672.0
-5446144.0
-2560512.0
-3539968.0
-1.0033152E7
-1.1284992E7
-311296.0
-3097600.0
5152768.0
-554496.0
-892416.0
2473984.0
78336.0
-1140736.0
-8525312.0
-6348288.0
-5709312.0
3201024.0
-8829952.0
-1488384.0
-1.1687936E7
-1.5804928E7
-1.2992E7
-8546304.0
-6763520.0
1108992.0
-1457664.0
-640000.0
-2555392.0
1180672.0
-5848064.0
-6571008.0
-4780032.0
-1.1547136E7
-1.3846528E7
-3534848.0
7968256.0
3326464.0
-2702848.0
-7895552.0
-1.329408E7
-2489856.0
1459712.0
-1.2975616E7
-5608448.0
-1585152.0
1.1798016E7
1.4755328E7
1.8847232E7
9879552.0
-1.2926464E7
-1230336.0
6927872.0
-6604800.0
-1332736.0
7456256.0
-241664.0
-8643584.0
2060288.0
2445824.0
4700672.0
-354816.0
9348096.0
9851392.0
8933376.0
-5248000.0
375808.0
2020352.0
4432384.0
-2907648.0
-1001984.0
-1.2636672E7
-8529920.0
-173568.0
9555968.0
2.3597568E7
1.373952E7
9797632.0
1125376.0
-1.2538368E7
-1.3113856E7
-1.8245632E7
-2.5707008E7
-8001536.0
-1.2435968E7
-1.3895168E7
-1.6136704E7
-2.0834304E7
-1.0984448E7
-3048448.0
-1351680.0
6559232.0
1987584.0
821760.0
1961984.0
2803200.0
-1721856.0
-8774656.0
-1697792.0
4057088.0
7219200.0
-1752576.0
2964480.0
-4538880.0
-1.4988288E7
-2.155776E7
-1.8616832E7
-1.3479936E7
-1690112.0
7901184.0
-2357760.0
-7336960.0
-2.17344E7
-1.6469504E7
-8231424.0
-1.122816E7
-345600.0
-1.0597376E7
-1.7799168E7
-1.3177344E7
-1.978624E7
-1.61792E7
-1.1268096E7
-4855808.0
321024.0
-4921344.0
5766144.0
1248768.0
-6481920.0
5535744.0
8863232.0
-5120.0
-1.0615808E7
-1.8191872E7
-6999552.0
-2226688.0
3670016.0
-1.146112E7
-9589760.0
-1.0330112E7
-1.1927552E7
-1.4534656E7
-2.1173248E7
-2.651136E7
-9792000.0
-487424.0
568832.0
1986560.0
4852224.0
6679040.0
-8292352.0
-1.8366976E7
-9711616.0
-1.1862528E7
-1.314304E7
-1.0727424E7
-9897984.0
-701952.0
1367552.0
-4442112.0
-7472640.0
-1.0430976E7
-1.3494272E7
-1.5934976E7
-7918592.0
-7043072.0
-1.805312E7
-2.1738496E7
-1.659136E7
-1.0766848E7
-1.9139584E7
-1.3820416E7
91648.0
7292928.0
-1058304.0
1672192.0
1.0601984E7
3059200.0
-499200.0
2580992.0
-7879168.0
-1.3783552E7
-1.2438016E7
-1.6891904E7
-4332032.0
-537088.0
-9658368.0
-1.3822976E7
-1210368.0
-3540992.0
-5491712.0
3074560.0
-1028096.0
5142016.0
-721408.0
-2686464.0
9311232.0
793600.0
-7149056.0
-7166464.0
-1.059328E7
-1.0006016E7
-1.024512E7
-1.164544E7
-8238080.0
-7782400.0
1.307392E7
1.9554304E7
1.3905408E7
-2883072.0
786944.0
-569344.0
-6751232.0
2603008.0
5088256.0
-1.0121728E7
-4170752.0
4462592.0
-1458688.0
-3450368.0
1088512.0
-6161920.0
-3158016.0
1209344.0
1327616.0
-5256192.0
-1.1001856E7
-4390912.0
1031168.0
770560.0
-3655168.0
-1.0525184E7
-1.2991488E7
-1.1427328E7
-8267776.0
-6252544.0
-3297792.0
-8697856.0
-1.1273728E7
550400.0
199168.0
-3164672.0
4197376.0
6292992.0
-2113024.0
-476160.0
-3389952.0
4236288.0
-1.0230272E7
-9732608.0
-9605632.0
-5125120.0
973312.0
9766400.0
-76800.0
1604608.0
804352.0
-1.0458624E7
-6824960.0
-8309760.0
-1.308416E7
-1.4920704E7
-8498688.0
-8839168.0
-1.4805504E7
-4218368.0
-3800576.0
-7212032.0
-9671680.0
-7936000.0
-605184.0
2081280.0
5194752.0
-8571392.0
-1.0959872E7
-5303808.0
-2164736.0
466944.0
897024.0
143360.0
-621568.0
-2702336.0
5665280.0
-1667584.0
-9276416.0
-8891392.0
-2488832.0
-6396416.0
-1.3983232E7
-1.74592E7
-9876992.0
-5421056.0
-1.806592E7
-9222144.0
-1.3537792E7
-1.083392E7
1919488.0
-151552.0
-9332224.0
-2.4433664E7
-9220096.0
5027328.0
2292736.0
-6849024.0
-1.0182656E7
-1.3244416E7
-975872.0
420864.0
1643008.0
6244864.0
1.1862016E7
2607616.0
-1.064448E7
-7046656.0
-5965824.0
2414592.0
3506688.0
-6721536.0
-1.15584E7
-1.6148992E7
-2.98624E7
-1.951232E7
-8506880.0
-5815296.0
-9553408.0
-4919296.0
3131904.0
-5310976.0
-1.1856384E7
1000448.0
1153536.0
-7239168.0
-9660416.0
-5518336.0
-643584.0
2062336.0
-3750912.0
858624.0
-2503680.0
-9185792.0
-8606720.0
-7639040.0
-3823616.0
-6087680.0
1954816.0
3194880.0
-5896704.0
-9234944.0
-7647232.0
-2.4986112E7
-2.08384E7
-1.3652992E7
-6400000.0
1.0305536E7
2292224.0
1.0796544E7
6434304.0
8911872.0
7831040.0
1.6009728E7
1.199616E7
9111552.0
7564800.0
-2078208.0
-61952.0
1.1582976E7
-7037440.0
-1.4667264E7
-1.4883328E7
-545792.0
-400384.0
-6622208.0
-5975552.0
-8883712.0
-1.666048E7
-1.341184E7
-1366016.0
-2827776.0
6313984.0
4125696.0
-5713920.0
-1.1167744E7
350720.0
4761088.0
2040320.0
-3992064.0
-1591296.0
1654784.0
1648640.0
-5168128.0
-1.31968E7
-1.0410496E7
-9160704.0
-6726656.0
-7643136.0
1697280.0
5174784.0
1.165312E7
1.5923712E7
1714176.0
6384640.0
1.0886144E7
7841792.0
8783872.0
-7147008.0
-5467648.0
566272.0
-3955200.0
-5943296.0
4319232.0
6446592.0
3830272.0
9928192.0
1.1198976E7
249856.0
-3356160.0
-1.39136E7
-1.9066368E7
-1.909248E7
-5767168.0
2172928.0
-6851584.0
-1.6619008E7
-1.949184E7
-1.0769408E7
3842048.0
4780544.0
4395008.0
4475904.0
-3509760.0
-2913280.0
-1741824.0
-2395136.0
-5889024.0
-1.7160704E7
-692736.0
-3595776.0
-1.345536E7
-6411776.0
-1.4731264E7
-4614144.0
-856064.0
4335616.0
1282048.0
-2960896.0
-3735552.0
-452608.0
7245312.0
585216.0
-1.311744E7
-1.1810304E7
-1.7982464E7
-1.2892672E7
-1.334272E7
-1.9039744E7
-1.654272E7
-9362432.0
-1483264.0
-1858560.0
1.014272E7
7506432.0
6593024.0
2934272.0
1702912.0
-6639104.0
-1.3952E7
-6402560.0
-4193792.0
-1.9930112E7
-2.5188352E7
-2.9412352E7
-3.1298048E7
-2.6330112E7
-1.6064E7
-7636480.0
2524672.0
-1227264.0
-5700608.0
-1.0694656E7
-1.3791232E7
-1.3755392E7
-7173632.0
-6033920.0
-3239936.0
1981952.0
2347520.0
6152192.0
7559680.0
316928.0
-7176192.0
-2689536.0
-5061632.0
-3895296.0
-9265664.0
-9184256.0
-6844928.0
-1.0939904E7
-2.1144064E7
-1.8816E7
8499200.0
3148800.0
-1149952.0
1.1620352E7
5574656.0
-8947712.0
-3758592.0
2425344.0
3757568.0
-1492480.0
-3668992.0
4029440.0
140288.0
-2036736.0
4531712.0
-2977792.0
-1.2972544E7
-1.8131968E7
-3.0838272E7
-2.1023744E7
-6240768.0
87040.0
6287872.0
-3910656.0
-2931200.0
-4426240.0
861696.0
-4796416.0
1211904.0
1297920.0
2449920.0
2907136.0
2480128.0
-6275072.0
-3175424.0
-2721792.0
-9274880.0
-2.1993472E7
-8706048.0
9068032.0
1.1575808E7
7229952.0
-3382272.0
-5971456.0
-1412608.0
8732672.0
1230336.0
110592.0
-7964160.0
-8182784.0
-9263104.0
-8414720.0
-8390144.0
-6646272.0
-1577472.0
-7000064.0
-9887232.0
-1.0883072E7
-1.2937216E7
-5306880.0
-1.7225728E7
-1.5878144E7
-2.314752E7
-2.0411904E7
-9639936.0
-5443072.0
5978112.0
-2661376.0
-3558912.0
-1.1323904E7
-1.1474432E7
-7568896.0
-3247104.0
2999808.0
-4320256.0
-1.4964736E7
-1.4467584E7
-8853504.0
-1.0106368E7
2913792.0
2293760.0
-761856.0
-1320960.0
-1812480.0
844800.0
-4498432.0
-1799680.0
9653760.0
1.2902912E7
5789184.0
-5692928.0
-1.0027008E7
-3228160.0
-2446336.0
-1333248.0
6481408.0
-1149952.0
5293056.0
6690816.0
1253888.0
737280.0
-2126336.0
3661312.0
2375168.0
4461568.0
9559552.0
7073792.0
-1128960.0
-7745024.0
-3460096.0
1.0442752E7
4450816.0
1237504.0
-5217280.0
8268288.0
4027392.0
-6023680.0
-8546304.0
-9145344.0
-1212928.0
-7666688.0
-3778048.0
-213504.0
1.2016128E7
4992512.0
-1172992.0
4967936.0
-1324032.0
-4572672.0
724480.0
-6537216.0
-2.3952384E7
-2.0310528E7
-5460992.0
-2267136.0
-1.1793408E7
-1.2843008E7
-1.4895104E7
-7775232.0
4668416.0
-3485184.0
-5563392.0
-285184.0
3398656.0
-1624064.0
-1.18528E7
128512.0
-4483584.0
-4067840.0
1.2330496E7
1.469952E7
1567232.0
-1.2923392E7
-4161024.0
-6464512.0
1563648.0
-1.15968E7
-1.1186688E7
-5875712.0
-1.5356928E7
-1.3464064E7
-1.5087104E7
-5369344.0
436224.0
5014016.0
4985856.0
3020800.0
1878016.0
-1.2663808E7
-2.266624E7
-1.2967424E7
-2.2359552E7
-1.5643648E7
-9042432.0
-572928.0
-1.1666944E7
-1.3792256E7
-810496.0
3290112.0
1.3885952E7
6372352.0
-5615104.0
4282368.0
4805632.0
-2034176.0
-572928.0
1287680.0
6831616.0
-1.5447552E7
-1.7129984E7
-1.5212032E7
-5179904.0
4384768.0
1.1711488E7
-2620928.0
-3377152.0
657920.0
-444928.0
9321472.0
2412544.0
6080512.0
3958272.0
4909056.0
6204416.0
-2396672.0
-2998784.0
-1724928.0
-5040128.0
3044864.0
9019904.0
-3480064.0
-2688512.0
-2766336.0
-8491520.0
6866944.0
93696.0
1225728.0
8182272.0
8006144.0
3828224.0
2996736.0
-3452416.0
7159296.0
1.118464E7
-5607424.0
-4727808.0
-1880064.0
-3542528.0
-1.4182912E7
-8272896.0
-7850496.0
3677184.0
-5015040.0
2582016.0
-8052736.0
-1.1973632E7
-3334656.0
-969216.0
2683904.0
-6828032.0
-809472.0
-1872896.0
-1.3407744E7
-6252544.0
-4576768.0
2174464.0
2056192.0
54784.0
2814464.0
1.345792E7
1.2302848E7
-836608.0
-1.0729472E7
-1.0904576E7
-2788352.0
-6867968.0
-9995776.0
4060160.0
6811648.0
6656512.0
3344896.0
-1.5710208E7
-8282112.0
-4636160.0
2916352.0
2019328.0
-9711104.0
-1.3848576E7
-9201664.0
-9295872.0
-1.6306688E7
-1.715968E7
-9543168.0
-8437248.0
-2398720.0
-1.4875648E7
-1.184768E7
-2498560.0
-1.1329024E7
-1.4201344E7
-1.05088E7
-1.4951936E7
-1.5821824E7
-1.22368E7
-9802752.0
-662016.0
1.5803392E7
7732224.0
-5585920.0
-1671168.0
1138176.0
-8828416.0
-1.2839936E7
-1.7284608E7
-7907328.0
-462848.0
-1.2475392E7
-1.2539904E7
-3794432.0
4385280.0
-1.0917376E7
-1.1661312E7
4199424.0
1.0920448E7
2978816.0
2847744.0
5979136.0
-2827776.0
-1.3801984E7
-9271808.0
1689600.0
783872.0
-1.2762624E7
-7990272.0
-1.4882304E7
-1.1580416E7
-1.2887552E7
-3951104.0
8974336.0
-2121728.0
-1972736.0
-5888512.0
-4379648.0
-1.0427392E7
3367936.0
1168896.0
-6050816.0
-1766400.0
-1.5827968E7
-2.8315648E7
-2.6834432E7
-1.7708544E7
276480.0
287744.0
-2412032.0
-2707456.0
-4871168.0
-1208832.0
-4609024.0
-1.0571776E7
-570880.0
-1294848.0
-3665920.0
3943936.0
1678336.0
-2335744.0
3056128.0
1.3691904E7
1.3503488E7
6242816.0
3696128.0
322560.0
520192.0
-5662208.0
-9316864.0
-7211008.0
-107008.0
3722752.0
-2302976.0
9271296.0
4998656.0
-3694592.0
4871680.0
3849216.0
-1545216.0
-1075712.0
-4050432.0
356864.0
-5248512.0
-8854528.0
-1.7560576E7
-1.217536E7
-1.1660288E7
-8501248.0
-2898432.0
-3777024.0
-1824256.0
6425600.0
2638848.0
2663936.0
9973248.0
6463488.0
2999808.0
-4115456.0
-3980800.0
4540928.0
3777536.0
-588288.0
-5751808.0
3249664.0
5555200.0
-3033088.0
-7638528.0
-9998848.0
-7694848.0
9375744.0
3438592.0
5812224.0
-3716096.0
8187392.0
1.121024E7
3928064.0
3122176.0
3992064.0
-3988992.0
-5594112.0
-836608.0
1.053952E7
1.4716416E7
4278272.0
-2381312.0
-7970816.0
-7000576.0
-9397248.0
-1.0291712E7
-5286400.0
-4672512.0
-1444864.0
2833408.0
-861184.0
-1442304.0
-1336832.0
-2036224.0
2245120.0
1.3202432E7
5095424.0
-71168.0
-4209664.0
289792.0
-8794112.0
2001920.0
8474624.0
-2574848.0
-6654464.0
-9260032.0
-1.0134528E7
1713152.0
7180800.0
-970240.0
-4244480.0
2552320.0
6728704.0
5908992.0
2454528.0
-3127808.0
-9364992.0
-3433472.0
-6767104.0
-1.1582464E7
-1.4762496E7
-5348864.0
181760.0
114688.0
7943680.0
7277056.0
4200960.0
-8346112.0
-2041344.0
-2912256.0
-6967296.0
-1.00096E7
-5170176.0
-4519424.0
6224896.0
6555648.0
1.1505664E7
-1.176832E7
-9268224.0
-4438528.0
-9266176.0
-1.8946048E7
-1.6470016E7
4646912.0
6204928.0
4509696.0
3894784.0
1216000.0
834048.0
-4137984.0
-7472640.0
-4760064.0
-9545216.0
-1.466624E7
-1.124352E7
-3300864.0
-4801024.0
-2589696.0
-3569664.0
-1.4680576E7
-1.8248704E7
-1.5017472E7
-6908928.0
1628160.0
5622272.0
2847744.0
1125376.0
1851904.0
-8153088.0
-9736704.0
-964608.0
699392.0
-314880.0
2341888.0
1.5916032E7
2.0630528E7
1.4834176E7
9181184.0
1494528.0
-8271360.0
-1.1328E7
-1.090048E7
-6548480.0
-1080320.0
-3360768.0
6318592.0
1.474816E7
1.2918784E7
-1883136.0
4345856.0
-6373888.0
-7616000.0
-6402048.0
-3085824.0
-3530752.0
-4687872.0
-9320448.0
-4753408.0
567296.0
-317952.0
3442176.0
1.1927552E7
4665344.0
1.3287424E7
3691520.0
2469376.0
6158848.0
2834944.0
-6803968.0
-8047616.0
-3795456.0
-3801600.0
-7241216.0
-1.1392512E7
-9892864.0
2981888.0
266752.0
-1.1717632E7
-1.4224384E7
3718656.0
2476032.0
318464.0
1.0342912E7
1.0872832E7
-5059072.0
-8777216.0
-2547712.0
2956288.0
8407552.0
-3058176.0
-3246592.0
2100736.0
2368512.0
-6024192.0
-6879744.0
-1965568.0
-2164736.0
8635904.0
4779520.0
-3469312.0
7946240.0
2376192.0
1.2297216E7
1.3592064E7
6495232.0
-8390656.0
-4023296.0
-1.1086848E7
-9383424.0
-2860544.0
-4666880.0
3938304.0
8932864.0
1773056.0
1859584.0
6392832.0
6897664.0
-4826112.0
-5643264.0
4096000.0
7083008.0
9367040.0
-30208.0
-4536832.0
4347904.0
4865536.0
5020160.0
8958976.0
761344.0
-2908160.0
-1.307136E7
-1.4528512E7
-9958912.0
-7960064.0
-773120.0
5251072.0
-1.7234944E7
-2.432512E7
-1.2941824E7
-4926976.0
-4748800.0
-2424320.0
-4339712.0
-7598592.0
3294720.0
6225920.0
3083776.0
2743296.0
1.346816E7
1.883392E7
1293312.0
-1.2580864E7
5915648.0
4504064.0
1950720.0
763392.0
-5367808.0
-1723392.0
6175744.0
2139648.0
-3990528.0
-268800.0
3062784.0
-2067456.0
4967936.0
7198208.0
1261568.0
-5170688.0
-4764160.0
-42496.0
5277184.0
1.3590528E7
811520.0
-1.9757056E7
-1.2222464E7
-4063744.0
-1.1857408E7
3737600.0
1.3052928E7
-3297792.0
-1.7513984E7
-1.2787712E7
-5660160.0
-1.0807296E7
-1976320.0
4505088.0
-1.2107776E7
-1.0280448E7
-888320.0
1.2724224E7
6468608.0
3599872.0
1389056.0
887808.0
453120.0
-6242816.0
-7285248.0
-1.3290496E7
-4921344.0
-2374144.0
-1.1804672E7
-1.0689024E7
-9493504.0
-1.0742784E7
-8057856.0
-2559488.0
-676864.0
241664.0
1.0312192E7
1.6134144E7
1228800.0
2978816.0
-2619392.0
-2118656.0
-1541120.0
-4772864.0
6621696.0
1.975296E7
1.2037632E7
1.2164608E7
-823296.0
-6922240.0
-2911744.0
4137472.0
7808000.0
283136.0
2017792.0
-6882816.0
953344.0
4981760.0
1.10208E7
1.5347712E7
1.6802304E7
1.1160064E7
2597376.0
3937792.0
-26624.0
8276480.0
7996416.0
7941120.0
2648576.0
20480.0
21504.0
-8278528.0
-8877568.0
3666944.0
1.9820544E7
2.0361728E7
1.7749504E7
8084480.0
-1.1813376E7
-1.5460864E7
-1.33248E7
-7481856.0
-1.9401216E7
-1.7581568E7
-1.1006976E7
1838592.0
1.6980992E7
5170688.0
-2764288.0
-9695744.0
-6385152.0
-1.1017216E7
-5947904.0
4296704.0
1.0349568E7
7767552.0
-703488.0
-8067584.0
-1.7746944E7
-1.5230464E7
-1.7300992E7
-1.0549248E7
-1.3248512E7
-1.068544E7
-1.8342912E7
-2.2539264E7
-1.8191872E7
-1.0243072E7
-3318272.0
-4609536.0
-2597376.0
-3528192.0
7415808.0
3148800.0
4505088.0
-3491328.0
-1.6864256E7
-6206976.0
-998400.0
5269504.0
-7233024.0
-8704000.0
-4681728.0
-4430848.0
1503232.0
820224.0
1560576.0
3639296.0
-2942976.0
-2306048.0
5676032.0
-8427520.0
-1980416.0
-1105920.0
-2120704.0
2982400.0
-6860800.0
-1.6180224E7
-8214528.0
-1.4967296E7
-1.6399872E7
-9993728.0
-5486080.0
4941824.0
1352704.0
-5426688.0
-1.0641408E7
84480.0
5252608.0
2351104.0
-7039488.0
-1.6820224E7
-8276480.0
-5687296.0
-1.7140736E7
-1.417984E7
-1.0372608E7
-1.9677184E7
-1.0829824E7
-1.3791232E7
-2538496.0
3112448.0
-4744192.0
-1.0767872E7
-2580480.0
-67584.0
1037824.0
-9476096.0
-1940992.0
1919488.0
-9440256.0
-1.0342912E7
-305152.0
7880704.0
3161600.0
4742656.0
824320.0
-408064.0
4530688.0
1151488.0
5279744.0
6550528.0
-4767744.0
-5459968.0
-24064.0
8299520.0
-2958336.0
-6054400.0
5212160.0
4832768.0
2940416.0
-1735680.0
1804288.0
-3302912.0
-5819904.0
-1.3711872E7
-1.7893376E7
-1.2867584E7
-7077376.0
-9771520.0
-2390016.0
7006208.0
1.2063744E7
5252096.0
125440.0
568320.0
-9904640.0
-1.1189248E7
-1.8130944E7
-1.7924096E7
-1.745664E7
-1.6387072E7
-2.189056E7
-3.3944064E7
-1.9116032E7
-6082560.0
-1.0975744E7
-800256.0
-1077248.0
-1.075712E7
-375296.0
7133184.0
1.2560896E7
2.8370432E7
2.537728E7
1.94944E7
1.8899456E7
2.2715904E7
1.8430976E7
1.3686784E7
1.064192E7
7873024.0
7617024.0
1.10848E7
-276480.0
-4849152.0
-4055040.0
-5190656.0
-1.068288E7
-1.3607936E7
-3717632.0
1675776.0
755200.0
1554944.0
3005440.0
-5110784.0
6411776.0
6709760.0
4837888.0
-1360896.0
3157504.0
6518272.0
1.3075456E7
1.5728128E7
4570112.0
-9116672.0
-1.2847104E7
-6130688.0
-2133504.0
1530880.0
-7128576.0
-1.9966976E7
-2.1190656E7
-1.6625152E7
-1.0757632E7
-8329216.0
-1.060608E7
-1.346816E7
-1361408.0
4079616.0
-4617728.0
-5637632.0
-4598272.0
6976512.0
8051712.0
9789952.0
1549824.0
-4108800.0
-1.9073024E7
-1.0394624E7
-4683776.0
-1.271552E7
-1.1166208E7
-1.7944576E7
-1.2859904E7
2547200.0
-7470592.0
-1.5461376E7
-1.6480256E7
-1.0368512E7
4893184.0
3208704.0
3019776.0
308224.0
-112640.0
-3947520.0
-2656256.0
-1.083136E7
-1.0994688E7
-5786112.0
-8026112.0
-9721856.0
-713216.0
-2430464.0
-4931072.0
8477696.0
6821376.0
7201280.0
9961472.0
1.7155584E7
2.2882304E7
2.5713664E7
6725632.0
-2476032.0
-1.680128E7
-2.0304384E7
-1.346048E7
-6511104.0
1279488.0
3957248.0
-3781632.0
4219392.0
1.0752512E7
4582912.0
-5437952.0
-1.093376E7
-1.825792E7
-9418752.0
3358720.0
-1.3861376E7
-1.9620864E7
-3966976.0
5586432.0
-6265856.0
-7667712.0
-1.3163008E7
-9480704.0
-8762368.0
42496.0
-5315584.0
-7376896.0
-1.5901184E7
-1.8303488E7
-1.5809024E7
-1.2407296E7
-7635968.0
-1.1044864E7
-3967488.0
7500800.0
2.0296192E7
1.6124928E7
5913600.0
7619072.0
2785280.0
-3380224.0
-4089856.0
8197120.0
9302016.0
3058176.0
-8370176.0
-1.351424E7
-4878848.0
-1.6911872E7
-1.4927872E7
-8024064.0
-6437376.0
-1.9783168E7
-1.0747392E7
-8622592.0
-4063744.0
4921344.0
1284096.0
4034048.0
3382784.0
2096128.0
-1.5580672E7
-1.1602944E7
-1.509376E7
-9762304.0
-1.0434048E7
-8491520.0
2690048.0
2603520.0
-2278912.0
5833728.0
2.1348864E7
1.2087808E7
-403456.0
-8472576.0
-9238528.0
-3024384.0
-1101312.0
-9305600.0
-9234432.0
-4538880.0
-1961984.0
-9074176.0
-1.2900864E7
-1.6303616E7
-1.6811008E7
-1.4308352E7
-1.4885888E7
-1.5019008E7
-7347712.0
-2865664.0
-7421440.0
-1.0852864E7
-6818304.0
-6658560.0
-1.0143744E7
-5159936.0
832512.0
-5345792.0
-8486400.0
-532480.0
1.3986304E7
1.3581312E7
3705344.0
-629248.0
-8480256.0
388096.0
-4307968.0
-6134272.0
-246784.0
537088.0
-8950784.0
-9779200.0
-1.05856E7
-9201152.0
-1.3593088E7
-1.1631616E7
-4859904.0
-1577472.0
-6946816.0
-1.118464E7
-1.1876864E7
-1.5424512E7
-8599552.0
-700928.0
5231616.0
-1688576.0
1121280.0
-946688.0
-430080.0
-2.4177664E7
-1.7351168E7
6814208.0
7398912.0
4921856.0
-3003392.0
4683776.0
1570304.0
-5434368.0
3172864.0
-1.1223552E7
-2.816256E7
-2.6093056E7
-2.0125696E7
-6352384.0
-4231168.0
-9715200.0
871424.0
-1315840.0
-2592768.0
-4409344.0
-1152000.0
-4432384.0
-8411136.0
-9203712.0
8336896.0
1.125632E7
5851648.0
7568896.0
3068928.0
-1207296.0
-1343488.0
1721856.0
-3780608.0
2152960.0
4514816.0
2725888.0
-2695168.0
-8185344.0
-6038016.0
1042944.0
4158464.0
1.1923456E7
1.33376E7
1.831936E7
9245696.0
-570368.0
9613824.0
8734208.0
276480.0
1.056512E7
5580288.0
792576.0
-3977216.0
608256.0
6262272.0
-261120.0
-1.4014464E7
-2.0456448E7
-1.14432E7
-7329792.0
-2.2913024E7
-2.5951744E7
-1.3023232E7
4109824.0
5439488.0
5856256.0
2445824.0
-5103104.0
-8858624.0
2832384.0
1489408.0
5643776.0
-4822528.0
-1.4272512E7
-1.23008E7
-4679680.0
-2477056.0
-478720.0
1053184.0
2233856.0
3712000.0
2934784.0
-4244480.0
-7855104.0
-1.4296064E7
474112.0
4122112.0
2889728.0
-1.0817536E7
5391360.0
2118144.0
-2462720.0
-1.174528E7
-3959296.0
378368.0
-2519552.0
-9857024.0
-2108928.0
-4852224.0
-8117760.0
-4798976.0
-3779072.0
1302528.0
9806848.0
-27648.0
2635776.0
-793088.0
-1244160.0
1758720.0
-969728.0
-504320.0
2664448.0
-1824256.0
-7055872.0
-8155136.0
-5321216.0
1758720.0
-911872.0
-7674880.0
-2.00448E7
-1.2428288E7
-5289472.0
6924288.0
-2458112.0
8193024.0
8538624.0
-2609664.0
-77312.0
-5519872.0
-8651776.0
-9127424.0
1943552.0
-1.103104E7
-1.815296E7
-2.3478272E7
-1.515776E7
-9097216.0
6357504.0
7987712.0
390144.0
-793600.0
-9115136.0
-1.1271168E7
-1977344.0
371712.0
4073472.0
1354752.0
1387008.0
-7952896.0
-1.1341312E7
-9015808.0
-1.3896704E7
1204224.0
-1147904.0
-1.8610688E7
-8437760.0
-1491456.0
7434752.0
5771264.0
566272.0
1.1060224E7
2195968.0
5695488.0
7216640.0
6727680.0
1.268736E7
5851648.0
456704.0
569856.0
3952640.0
-1.3123072E7
-1.0032128E7
-848896.0
6891520.0
-4711424.0
-4750848.0
3249152.0
2159616.0
1536512.0
6325248.0
589312.0
-6859264.0
-2385408.0
6025728.0
1422336.0
-6224896.0
-3987456.0
7050240.0
1692672.0
-3723776.0
-5572608.0
656384.0
1848320.0
1178112.0
-3548672.0
7140352.0
455680.0
3734016.0
3105280.0
-2201600.0
-8358400.0
-5404160.0
1984512.0
-2162176.0
-1.13408E7
-1.0171904E7
1103360.0
-8350208.0
-3694592.0
5799936.0
-7666688.0
-1265664.0
1.0420224E7
5790208.0
5294080.0
5873664.0
2208256.0
7835648.0
-1488896.0
-3345920.0
-1.0829824E7
-6750208.0
-1572864.0
1075200.0
-2440192.0
943104.0
247296.0
1.240576E7
7177728.0
-2702848.0
-1.1472384E7
-6571008.0
-1.3127168E7
-4857856.0
-4402688.0
-2.0836352E7
-1.4159872E7
-1.4491136E7
-9715200.0
424448.0
1974272.0
3385344.0
-5812224.0
-2603520.0
-534528.0
-4271616.0
-3878912.0
2723840.0
3436032.0
-5252096.0
-3456512.0
2975232.0
5537792.0
8141312.0
7992832.0
3152896.0
1.2578304E7
1.1458048E7
1.2148736E7
-2239488.0
-7760896.0
-1100288.0
-2469888.0
3786240.0
-3091968.0
-1789440.0
-4061696.0
-7593984.0
5451776.0
1.110272E7
1.8903552E7
1.225984E7
6658560.0
-2204672.0
130048.0
1022464.0
1.3284864E7
2154496.0
-6798848.0
58368.0
-100352.0
-774144.0
-9363456.0
-6599168.0
-1.1731456E7
-9470976.0
-1.059584E7
-3339264.0
-1999872.0
61952.0
3017728.0
-3002880.0
-2.0242944E7
-1.5795712E7
911360.0
-3316736.0
-2625024.0
4148224.0
6268416.0
655360.0
-2019840.0
-3604480.0
174080.0
3146240.0
896512.0
-9731584.0
-1.0612736E7
1809408.0
-5767168.0
-8828416.0
4130816.0
8379392.0
1.0953216E7
2550272.0
9148928.0
5396480.0
-2479104.0
-2364928.0
-292352.0
-2465792.0
-8931328.0
-6761984.0
-2206208.0
-9626624.0
-1.750016E7
-1.0319872E7
-3023360.0
2274816.0
-1.120256E7
-2.2704128E7
-1.345536E7
-482816.0
1.367808E7
1.2173824E7
9222144.0
-820224.0
-9259520.0
-1.2651008E7
-1.5718912E7
-1.662208E7
-1.7995776E7
6011392.0
-1.051136E7
-8479232.0
-4295680.0
-6184448.0
-1.1149312E7
4961280.0
656384.0
3869696.0
1.140224E7
1030656.0
-5319680.0
1461248.0
-1.0247168E7
-1.535232E7
-1.3847552E7
6429696.0
1.0367488E7
-3859968.0
-1903616.0
2508288.0
-4214272.0
-1.100288E7
5057536.0
430592.0
-5151232.0
-2193408.0
-4956672.0
-1.5914496E7
-1.3899776E7
-9888768.0
-6961664.0
-1233920.0
-964608.0
4837376.0
8937984.0
6808576.0
-2693632.0
-2599424.0
-2392576.0
-4186112.0
-6122496.0
-8936448.0
-5195776.0
2422272.0
7120896.0
1.111808E7
-2241536.0
-1.2483072E7
-5021184.0
-1.0341888E7
-8893952.0
-1.0966528E7
-1.252608E7
-2896384.0
2748416.0
9289216.0
-3509248.0
2315264.0
-1.057024E7
-8805888.0
-4764672.0
-2905088.0
3964416.0
3672064.0
1563136.0
-3497984.0
-9924096.0
-3354112.0
4975104.0
5445120.0
-5430272.0
-695808.0
2819584.0
1116160.0
-5828096.0
-1.407232E7
-2300928.0
4926464.0
1.7462272E7
9960448.0
-2322432.0
-7124992.0
-9859072.0
-3433984.0
4578816.0
-1112576.0
-1.4363136E7
-7364608.0
-5532672.0
-7237632.0
-8723456.0
-2787328.0
-1.2910592E7
-1585664.0
1.125376E7
2012160.0
-1851904.0
-2929152.0
-3613184.0
-9401856.0
-762880.0
1.3625856E7
1.0724864E7
-7247360.0
-5620224.0
-8251904.0
-3706368.0
698368.0
-5451776.0
-8574976.0
-9287680.0
-1.1817472E7
-3103232.0
-7325184.0
-3415040.0
-6740992.0
-6944768.0
-9522176.0
-1.5829504E7
-1.5113728E7
-1.5184896E7
-7729152.0
-9881088.0
-1.055744E7
2713088.0
-1267712.0
4050432.0
6284288.0
4798464.0
1.0653696E7
1.1791872E7
-3566080.0
-1.2697088E7
-1.740288E7
-1.0936832E7
-4747776.0
6206464.0
1.4282752E7
6689792.0
4567040.0
-1.3257216E7
-2.120448E7
-8630784.0
1005568.0
-5029376.0
-178176.0
-3736576.0
-3928576.0
4014592.0
-1342976.0
163328.0
-6142976.0
6242304.0
-1264128.0
-2322944.0
-2503680.0
-8123392.0
-8951296.0
-8481280.0
-9146368.0
-7977984.0
-4117504.0
-9776128.0
-1.3648896E7
-1.0334208E7
-1.2355072E7
-1.195776E7
2676736.0
6662656.0
411136.0
-9321984.0
-6417408.0
-4452864.0
-6821376.0
-1.2572672E7
-1.319168E7
-1.1702784E7
-1.5297024E7
-7013376.0
6056960.0
4804608.0
671232.0
-3935744.0
-6354944.0
3959296.0
-2013696.0
1192448.0
-3582464.0
-2320896.0
4506624.0
1566208.0
-7436288.0
-1.2587008E7
-1.5700992E7
-3716096.0
-5305344.0
-6660096.0
-1.3837824E7
-1.6882176E7
-1.024768E7
2019328.0
-7794688.0
-4452352.0
-5006848.0
-2871808.0
-9935360.0
-1.796608E7
-1.7855488E7
-1.1577856E7
-1.2463104E7
-8313344.0
-1.9890176E7
-1.8463744E7
-1.6041984E7
-9103360.0
-8425472.0
1.1470336E7
-258048.0
5309952.0
-8440832.0
-1.1868672E7
-4872192.0
-3783680.0
-1.0735616E7
-6044672.0
561664.0
-1798144.0
-6478336.0
-2162176.0
1.2057088E7
7184896.0
7815680.0
-8613376.0
-5652480.0
-3857920.0
6564864.0
-7038976.0
-5108736.0
-5501952.0
-5236736.0
-1.2037632E7
-8283136.0
-8885760.0
-3298304.0
-3143680.0
-9643008.0
-1.6443904E7
-1.3296128E7
-1.0194944E7
-451584.0
-9379840.0
-1.4889984E7
-1841664.0
4659200.0
4938240.0
1.7263104E7
1.341184E7
2586112.0
-1228800.0
-1622016.0
1899520.0
-5974016.0
-2735104.0
7978496.0
1.7428992E7
2968064.0
3778048.0
-6315520.0
-9791488.0
-1.4160896E7
-1.4408704E7
-8614912.0
-1.0679296E7
-1912320.0
1261056.0
-933888.0
-6662656.0
-1.4227456E7
-1.1645952E7
-6441472.0
-9530880.0
-1.5260672E7
795136.0
-4687360.0
-1132032.0
7539200.0
1.5148544E7
7478272.0
5981696.0
5313024.0
-2189312.0
-1.1984384E7
-1.5537152E7
-4956160.0
-1.4511616E7
-1.3535232E7
-3444736.0
6789632.0
-3654144.0
991232.0
-7180288.0
-4987904.0
4894208.0
-1919488.0
7693312.0
6181888.0
6868992.0
-1522176.0
-7151104.0
-1009152.0
1.0807808E7
1.4991872E7
-155648.0
2966016.0
5530624.0
3204608.0
1960960.0
6688256.0
5299200.0
-4523520.0
-8539648.0
-1.3648896E7
-3793408.0
468992.0
-355840.0
-4924416.0
-1.0383872E7
-1.5415808E7
-1.1044864E7
-213504.0
-3697152.0
-7198720.0
-9181696.0
-6815232.0
-1.5075328E7
-5351424.0
5931008.0
5259264.0
-1.2964864E7
-2.1380608E7
-1.6248832E7
-7609344.0
-1150464.0
-4775424.0
-4689408.0
-87552.0
632320.0
4921344.0
-1.0461696E7
-6926336.0
-931840.0
5380608.0
9667584.0
3786752.0
-89088.0
5607936.0
1105920.0
7507456.0
6769152.0
-9353728.0
3113984.0
7756800.0
5963264.0
1.6068096E7
1.906432E7
1.2056576E7
9728.0
-5031936.0
-4064768.0
-1837056.0
-3149312.0
1.1350528E7
631808.0
-5668864.0
-3850240.0
-1.00608E7
-1011200.0
-5280256.0
-4120064.0
9431040.0
-5060608.0
-1.9674112E7
-997376.0
1.0701824E7
7649280.0
3406336.0
272384.0
-9768960.0
-2.4089088E7
-2.0081664E7
-7747072.0
-1208832.0
-4536320.0
-4142080.0
148480.0
1.4583296E7
9081856.0
4169216.0
-1851904.0
4043264.0
8223744.0
-3514880.0
-674304.0
3209728.0
6045184.0
6102016.0
9141248.0
8885760.0
-4572160.0
-5265408.0
-1.4560256E7
-1.9872768E7
-5722624.0
-1.7732608E7
-1.9747328E7
-1304064.0
6152192.0
6299648.0
4613632.0
1415680.0
2131968.0
1.3186048E7
8995840.0
1.6351744E7
9740800.0
5198848.0
2761216.0
-5265408.0
-7801344.0
6376448.0
3997184.0
-7769600.0
-3201024.0
-652800.0
4431872.0
955392.0
-1.6962048E7
-1.1474432E7
1636352.0
-6554624.0
-4488192.0
1539072.0
-1.2665344E7
-1.8911744E7
-1.6441344E7
-9056768.0
4265472.0
-7354880.0
-8558592.0
-1.211904E7
-1998848.0
391680.0
-7048192.0
-555520.0
7043072.0
2791936.0
-877568.0
2381312.0
-9907712.0
-5391872.0
-5584896.0
-3725824.0
-4587520.0
-1.0409472E7
-1.4369792E7
-1.0504704E7
-6777856.0
3115520.0
-710656.0
-3387392.0
7516160.0
9869824.0
-5470208.0
-1.085696E7
-1.3846528E7
692736.0
9064448.0
4975616.0
1244672.0
-8368640.0
-1.066752E7
-1.7037312E7
-7079424.0
-1.017344E7
-4425216.0
9269760.0
1.2089344E7
-135168.0
-8994304.0
-1.5742976E7
-1.0415616E7
-2108416.0
-7588352.0
656896.0
2361856.0
-6828544.0
-3423744.0
-1.1968E7
-1.7741312E7
-1.2350464E7
-4453376.0
7082496.0
2958848.0
-5906944.0
9417728.0
1.6210944E7
1.6587264E7
-1453056.0
-8206848.0
-1.1109888E7
-7538688.0
-1.0026496E7
-4995584.0
-1.0873856E7
-1.366528E7
-5196288.0
1.1456512E7
-529408.0
-1531904.0
1089536.0
1699328.0
7346176.0
2644992.0
1.1524608E7
7736832.0
2608640.0
-1453056.0
-1.4263808E7
-8619520.0
3273728.0
1.3873152E7
8367104.0
6326784.0
6063616.0
-6402560.0
4314624.0
-648192.0
-1.0550272E7
-2863104.0
4390912.0
-1.2698112E7
-7148032.0
9669632.0
-5453824.0
-8397824.0
-2828288.0
-9357312.0
-1.2749312E7
-8455168.0
1904640.0
1.0326016E7
4881408.0
4451328.0
-1887744.0
-1.0578944E7
-1.5102464E7
-6505472.0
-8306688.0
-4617216.0
-5143040.0
-1.1874304E7
1353728.0
-52224.0
-2973184.0
-1147392.0
-1935360.0
-7529984.0
3485696.0
7640576.0
6362112.0
2027008.0
9694208.0
1.3641216E7
9884160.0
7578112.0
-128000.0
-2667008.0
-3190784.0
-8361472.0
7093248.0
5334528.0
2.0330496E7
1.5976448E7
5446144.0
1.0506752E7
1.1732992E7
7705600.0
1.0989056E7
3128832.0
1292288.0
-7446528.0
-6515712.0
1124864.0
6019072.0
-4679168.0
-1.8936832E7
-1.9781632E7
-1907200.0
7602688.0
1.761536E7
1.9044864E7
1.1433472E7
2761216.0
-3357184.0
1497088.0
1768448.0
2423296.0
-7252480.0
-3224064.0
6385664.0
1435136.0
-8352768.0
-1.1917312E7
-5481984.0
-3934720.0
-2707968.0
-4414464.0
-8227840.0
-1.0655232E7
-1.202688E7
-1.5954432E7
-2.0123648E7
-1.5346176E7
-1.585408E7
-9179136.0
-7277056.0
-1011200.0
770560.0
4975616.0
8988672.0
8733184.0
-317952.0
-1903104.0
-1.398784E7
-1.0297344E7
1.231872E7
1.4139392E7
1.7229312E7
1.1579904E7
7461888.0
7790080.0
-1.360384E7
-2.536192E7
-1.138688E7
1071616.0
9734144.0
-4434944.0
-1.031168E7
-1.639936E7
-9268224.0
-2934272.0
6458880.0
707072.0
2065408.0
855552.0
-2641408.0
-1.1053056E7
-1.1046912E7
-875008.0
-6923264.0
482304.0
-6021632.0
-8803328.0
-1.2260352E7
-1.0615296E7
-8970240.0
-6960640.0
2746368.0
1976320.0
3603456.0
1.0267136E7
7609856.0
624128.0
-9023488.0
-1.024768E7
-3254272.0
-1219072.0
-736256.0
2549760.0
4137472.0
4392960.0
-4118528.0
-3443712.0
5622784.0
7922176.0
-4374016.0
8235520.0
2150912.0
-9280512.0
2350080.0
1.1051008E7
9378304.0
7804416.0
6185472.0
4779008.0
5096448.0
-1.026304E7
-1.02656E7
-1995264.0
-5932544.0
233984.0
-5074944.0
-2880000.0
4275712.0
1.0944512E7
1.7181184E7
5129728.0
4749312.0
9582080.0
-5556736.0
-2301952.0
-606720.0
-1590784.0
-2058240.0
-9716224.0
-1.0601984E7
-1.7019392E7
-1.1415552E7
-7102976.0
-1.1411968E7
-4894208.0
-1262080.0
-3520512.0
-4009984.0
-8262144.0
-4845056.0
-9419776.0
1502208.0
-9242112.0
-1.4153216E7
-2661376.0
769536.0
2290176.0
7755776.0
1.2069376E7
-1301504.0
5928448.0
1.6573952E7
1.1262976E7
-1868800.0
-1680896.0
-3938816.0
-4781568.0
-7758848.0
-2104320.0
2616320.0
-6613504.0
8502272.0
5481984.0
-6465024.0
-3056640.0
-1.2681216E7
-1.0610176E7
-7569408.0
-4002816.0
-5179392.0
4365824.0
-4113408.0
-6618112.0
-4368896.0
-1563648.0
-1702912.0
7777792.0
3167232.0
-1.8814976E7
-2.2096896E7
-1.1218944E7
-2032640.0
6827008.0
-5558784.0
-321024.0
-1034752.0
-3171840.0
-3196416.0
5108736.0
1.6485888E7
9164800.0
7009280.0
-2650624.0
-3153408.0
3532288.0
7935488.0
1.5216128E7
1.1166208E7
3613696.0
997888.0
9924608.0
9165312.0
860672.0
4407808.0
-1.447936E7
-1.2955136E7
8602624.0
1942016.0
-6196736.0
-910848.0
-6924288.0
-7058432.0
-1.446656E7
-4635648.0
3212288.0
-1619456.0
-1.0078208E7
-1823232.0
375808.0
-2050560.0
-5118464.0
-2.0718592E7
-3.0365184E7
-2.5789952E7
-1.819648E7
-2.7060224E7
-8837632.0
2880512.0
-5367296.0
3333120.0
-1761280.0
6439936.0
-878592.0
2984960.0
442880.0
-3304448.0
2780672.0
-1.0270208E7
-1.195008E7
-7087616.0
-226816.0
-2502144.0
585728.0
-4664320.0
-4213248.0
1356800.0
9542656.0
-18432.0
72704.0
8939008.0
2121216.0
-3460608.0
-6127616.0
-4405248.0
-6107136.0
-1.0210304E7
-1.0077184E7
-2480128.0
5687808.0
627200.0
6825984.0
4495360.0
7805440.0
-3475968.0
-9133568.0
-3722240.0
4444160.0
2138624.0
-5844992.0
7989248.0
1.1938304E7
6201344.0
3357696.0
68608.0
-1649152.0
-9383424.0
-9307648.0
683008.0
1583616.0
2145792.0
2901504.0
5497856.0
9525760.0
2870272.0
1181184.0
2338304.0
43008.0
8050176.0
-2114048.0
-7556608.0
-1.8594816E7
-1.1144704E7
-1208320.0
480256.0
5588992.0
-2605056.0
165888.0
-6312960.0
-2930688.0
-3045888.0
-8350208.0
-3804160.0
8827392.0
2.5223168E7
2.8695552E7
1.9474944E7
1.1612672E7
-1.0458624E7
-1.4102528E7
7212032.0
9711104.0
7844864.0
704000.0
9826304.0
9323520.0
4438016.0
7616512.0
399360.0
-3938304.0
-8952832.0
1719296.0
250368.0
7825920.0
2021888.0
-3761152.0
-7378432.0
-9772032.0
-1.1772416E7
-1.9917312E7
-1.4081024E7
-1633280.0
-1824768.0
-5709824.0
-1.106432E7
-4774400.0
-4756480.0
-1.2742656E7
-9527808.0
2654208.0
5114880.0
-7785472.0
-3126784.0
1786368.0
1481216.0
-323072.0
-4963840.0
-1.0819584E7
-1.6019968E7
-1.217536E7
-1.1239424E7
-435712.0
-1.0466816E7
-1.4766592E7
-1.2793856E7
-1.6936448E7
-1.0021376E7
1039360.0
-5989376.0
-1.0221056E7
-1.347072E7
-1.2990976E7
-1780736.0
5189120.0
1003520.0
9661952.0
9788928.0
6654464.0
-4786176.0
-1649152.0
1159680.0
1465344.0
-423424.0
-1.95072E7
-9242112.0
-5737472.0
-6471680.0
-3402240.0
-5140480.0
3548672.0
-3902464.0
-5749248.0
-1.2727296E7
-5592576.0
4818944.0
-4940288.0
-1.14304E7
-1.7658368E7
-1.922816E7
-2.5278464E7
-2.3852032E7
-1.161984E7
1172480.0
-2502656.0
-769536.0
2221056.0
-1.4831104E7
-1.7059328E7
-6183424.0
-1.1017728E7
-6657536.0
6500864.0
1.0093568E7
4864512.0
9886720.0
1.4706688E7
7307264.0
-9030656.0
-5634048.0
-3995648.0
-7374848.0
-3337728.0
2105856.0
-2779136.0
-452096.0
-2290688.0
-1.307904E7
-8490496.0
-626176.0
-6806528.0
-1.218816E7
-1.4438912E7
-1.0950656E7
9995776.0
3534336.0
1926144.0
1.4173696E7
-942080.0
-4547584.0
2806784.0
7388160.0
-1008640.0
7348224.0
1.8271232E7
6177280.0
5185536.0
5773312.0
7568896.0
9339904.0
1560576.0
6970368.0
9476096.0
-1.0650624E7
-9557504.0
-8183296.0
1176576.0
-2044416.0
-6361600.0
-2257920.0
-8554496.0
-3278336.0
-1133056.0
-241152.0
-4329984.0
-1.0919936E7
-7577088.0
-1326592.0
-2576384.0
-6305280.0
2432000.0
-633344.0
-1.0942976E7
-8459264.0
-2741760.0
-1861120.0
-8851456.0
-1.2358656E7
-2403840.0
1.0204672E7
-3060736.0
-2018816.0
-7750144.0
-3430400.0
-4245504.0
-1097216.0
3920384.0
1.4618624E7
1.701888E7
7512576.0
2174464.0
3119104.0
5374464.0
4369920.0
1.3602816E7
3047424.0
-140288.0
-6626816.0
632832.0
-2004992.0
-6743552.0
-1.0663936E7
-3396608.0
-400896.0
4244480.0
-5667840.0
-1.3479424E7
-1.4247424E7
-5017600.0
249344.0
-466432.0
-775680.0
8446464.0
1.4923776E7
1.7711616E7
1.1158016E7
1.3236736E7
3013632.0
-1960448.0
4614144.0
1.3899264E7
6104064.0
-1.3425152E7
-1.2748288E7
-7587328.0
-1.0928128E7
-1.6288768E7
-2.6171904E7
-1.0737664E7
-5530624.0
-2824192.0
-1550336.0
-1.2001792E7
-8979456.0
3312640.0
6377984.0
-210432.0
-3841024.0
-8325632.0
-7643648.0
-2572288.0
-9388032.0
-1.9100672E7
-1.0955264E7
-129536.0
1192448.0
6329344.0
1.1043328E7
1.37344E7
-768512.0
-1.2245504E7
-1.5731712E7
-4630016.0
1926144.0
-1394176.0
-5455360.0
-1.3888512E7
-5861376.0
-2108416.0
-6162432.0
-5818880.0
-99328.0
-4820480.0
-5663232.0
-1845248.0
-9660928.0
-1.3230592E7
-1.1288576E7
-2.0127744E7
-2.0760064E7
-3857920.0
4536320.0
7923712.0
1.3319168E7
1.3312512E7
1145344.0
-4850176.0
-5739520.0
-3348992.0
-3195904.0
-8544256.0
-695296.0
4497408.0
7018496.0
1702912.0
-3012096.0
-1447424.0
9193472.0
-6679040.0
-7986688.0
-1.1963392E7
-2315776.0
-8167936.0
-1.3076992E7
-1.1403264E7
-1.5570944E7
-8957440.0
2371584.0
2625024.0
50176.0
-7668736.0
-1.4327808E7
-1.0576384E7
3532800.0
6384640.0
-5618688.0
-7904256.0
-9392128.0
-1.2511744E7
-8748032.0
-6692352.0
-5065728.0
330240.0
-1865728.0
-5741056.0
-2.426624E7
-2.066944E7
-1.3558272E7
-3823616.0
-1.3646336E7
-1.4633984E7
-8330752.0
4936704.0
1.1288064E7
1.4765056E7
705024.0
-5570048.0
-7397376.0
-5338624.0
-2632192.0
-5160448.0
468992.0
-1122816.0
-3736064.0
-5647872.0
2446336.0
2021888.0
-2731008.0
-8363008.0
-4797440.0
713728.0
50176.0
-7586816.0
7049728.0
6053888.0
-6196736.0
-7225344.0
-4668928.0
1411584.0
-6632448.0
-2420224.0
5038080.0
-4875264.0
-6360064.0
3068928.0
-983552.0
7117312.0
-683520.0
-1.1454976E7
-5679616.0
-5451776.0
4054528.0
1994752.0
8557056.0
1.23648E7
1.9288064E7
2.290688E7
1.1579904E7
7636992.0
5827584.0
1155072.0
-3729408.0
6474240.0
6160384.0
1.114624E7
4251136.0
-4819968.0
-8456192.0
-5815808.0
1204224.0
-1316864.0
987136.0
-1.3872128E7
-1270784.0
7046144.0
-2234368.0
-3258368.0
-889856.0
-5103104.0
-1.1360256E7
178176.0
1864192.0
1.064704E7
6435328.0
7144448.0
5381120.0
-1.3347328E7
-1.302272E7
1.1252736E7
9605632.0
1.2004352E7
2.1782016E7
-5682176.0
-3128320.0
7432704.0
-7264768.0
-1.9196928E7
-6438400.0
-2865152.0
7688704.0
1.3126144E7
3713024.0
308224.0
-8115200.0
-1.9382272E7
-7018496.0
-6267392.0
-1.119232E7
-1.2649472E7
-1.18528E7
-1.2320256E7
-5373952.0
-711168.0
-5159936.0
-2.1479424E7
-1.5077888E7
-6005760.0
2358272.0
3487232.0
-4241408.0
-1.374464E7
-1.0420736E7
-2826240.0
1.357824E7
2.4117248E7
1.051136E7
1.0513408E7
6462464.0
6404608.0
5152768.0
-5651456.0
2195968.0
4451328.0
-6852608.0
4961792.0
1.0375168E7
4066304.0
-1437184.0
-7089664.0
-8753152.0
-1.17504E7
-653824.0
-1.0500608E7
-7243776.0
-1.446912E7
-1.2283904E7
-334848.0
10240.0
-1.7565184E7
-1.503744E7
-1.2675584E7
-4590080.0
-6610944.0
-676352.0
2546688.0
-9903616.0
4206592.0
5906944.0
4514304.0
-1.2408832E7
-1.783552E7
807936.0
1.3572096E7
8761856.0
3102208.0
-4581376.0
-3599360.0
-6732288.0
9388544.0
2.0323328E7
8718848.0
7903232.0
1.8331648E7
1.421312E7
1.565184E7
-1415680.0
-5822976.0
-1.3263872E7
-4085248.0
8802816.0
372224.0
-1.4263296E7
-1.4162432E7
-7055360.0
-6338048.0
-3725312.0
1801728.0
5621248.0
1.1943424E7
1.5830016E7
1.9252736E7
77312.0
-3349504.0
1.5404544E7
1.6935936E7
6744576.0
-4928512.0
-3323904.0
-1.0058752E7
-3797504.0
-5198848.0
-8839680.0
-8360448.0
-1.2695552E7
5186048.0
7991296.0
86528.0
-3123712.0
-1.2307968E7
-1.1296768E7
-830464.0
-107008.0
-2755584.0
-6912000.0
-8755712.0
-4382208.0
-355840.0
4729344.0
1.3676544E7
9542656.0
1208832.0
-13312.0
-1157632.0
-1.5033856E7
-1.8573312E7
-1.3782528E7
-9020416.0
3342848.0
2136064.0
1.7389568E7
7527424.0
-6660608.0
-1.085952E7
-442880.0
5099008.0
4944384.0
961024.0
1.2818432E7
1.86112E7
6410752.0
-5149696.0
-863232.0
-1616896.0
-7814144.0
-1.6200704E7
-1.264384E7
-9673216.0
3496960.0
9789952.0
5885440.0
-1448448.0
-4831232.0
-8811008.0
-3415552.0
2901504.0
9627136.0
1.306624E7
9995264.0
4150272.0
1027584.0
-6654976.0
-6448128.0
1.0228736E7
2923520.0
2641920.0
5573120.0
656384.0
-6225408.0
-1981440.0
1761792.0
-6319104.0
-1.251072E7
-1.294336E7
-1.4856704E7
-3492352.0
-6899712.0
-1.246208E7
-8462848.0
-3309056.0
-9570304.0
-1.0780672E7
-647680.0
729088.0
-3082752.0
-1.2753408E7
-6502400.0
-6352384.0
-1.4464E7
3616256.0
1.2842496E7
571392.0
-4912640.0
-2159616.0
-1.4656E7
-1.7634816E7
-1.3042176E7
-5089792.0
3827712.0
4768256.0
1441792.0
5214208.0
9201664.0
1.1165184E7
3102208.0
3088384.0
-3433472.0
-1807360.0
-3045888.0
2314752.0
6702080.0
1.7460736E7
2240000.0
-545280.0
-1.2203008E7
-749568.0
-1501696.0
-1525760.0
-5608448.0
2260480.0
8833024.0
8524288.0
2501120.0
-1048576.0
-7329792.0
-6859776.0
-2683392.0
-8847872.0
-1.1346432E7
-4259328.0
-8751616.0
-7718912.0
5460480.0
573440.0
-1256960.0
-9705472.0
-8535040.0
-6926848.0
-6480896.0
-1302528.0
-1.0724352E7
-1.7535488E7
-1.3635072E7
-1.5311872E7
181248.0
4481536.0
3224064.0
-1215488.0
-2360832.0
-1208832.0
1357824.0
-1.1002368E7
4217856.0
1.4392832E7
1.0138624E7
353792.0
4646400.0
-2298880.0
1677312.0
1704960.0
-5704704.0
-7211520.0
-6480384.0
-6694912.0
-5112320.0
-9068032.0
-2680320.0
3253248.0
-1.4641152E7
-1.3559296E7
-8723456.0
-1.1390464E7
-1.2342272E7
-1.3418496E7
-9386496.0
2221056.0
-1674752.0
-9405440.0
1751040.0
8137728.0
1.6708096E7
8816640.0
-893952.0
4692992.0
-5220864.0
-1.369856E7
-967680.0
-8490496.0
-8473088.0
-3400704.0
-6854144.0
-2084352.0
1539072.0
-432640.0
-8751104.0
-6742016.0
-7529472.0
-1.09312E7
-4730368.0
-9043456.0
-1.388288E7
-1.5005696E7
-1.3133312E7
2420736.0
3529216.0
472576.0
1.0397184E7
636416.0
6736896.0
-4724736.0
-1.3815808E7
-9533952.0
-9040384.0
1342464.0
3708416.0
-3433984.0
-5394432.0
-169472.0
-2229248.0
6487552.0
8845312.0
1.5570944E7
9606144.0
6939136.0
6150144.0
6453248.0
-2293760.0
-4110848.0
-4977152.0
-1.1033088E7
5760000.0
1.068032E7
8244224.0
7799808.0
1.4705152E7
-4537344.0
-7339520.0
1.0353664E7
2.1711872E7
1.7207808E7
8732672.0
1884160.0
1947648.0
2825728.0
1.170688E7
1.0418176E7
4248576.0
707584.0
831488.0
9222656.0
-2720768.0
-4103680.0
1.0361344E7
5680640.0
1784320.0
7547904.0
9495040.0
4908032.0
-1752064.0
3955200.0
5011968.0
9465856.0
3289600.0
5553664.0
9019392.0
-1729024.0
6608384.0
1.259008E7
6031872.0
5605888.0
-5329920.0
-2759168.0
-4353024.0
-1.9080192E7
-1.8667008E7
-1.7924608E7
-1.2505088E7
-1.077248E7
-8611328.0
-1.7426432E7
-2.6150912E7
-1.6545792E7
-2.2627328E7
-1.422848E7
-6744576.0
-2520576.0
-5502464.0
-9733120.0
-4949504.0
1.2647936E7
1.1521536E7
7571968.0
-3268096.0
-1.242112E7
-1.6411648E7
-809472.0
101376.0
-1994752.0
-1485312.0
4929536.0
6788096.0
2190848.0
258560.0
-6093824.0
-5654016.0
733696.0
-6883328.0
3768320.0
1984512.0
-1739264.0
1.2632064E7
1.001472E7
-5937152.0
2311680.0
8401920.0
9013248.0
6971904.0
1.1192832E7
4219904.0
-1.1088896E7
-1.1437056E7
-9029632.0
-6026752.0
4691456.0
-1421824.0
200192.0
-3723776.0
-7940608.0
-1.047296E7
264192.0
3738624.0
-6494720.0
-1.7632256E7
-1.1730944E7
-1.4590464E7
-2.1879808E7
-1.5736832E7
-4216832.0
-5167616.0
-4509696.0
-1.4335488E7
-1.8482688E7
-2.6367488E7
-1.2804608E7
-5009920.0
2601984.0
-4643328.0
-3134976.0
1.760256E7
1.6812032E7
1.1929088E7
5731840.0
-4952064.0
-6338560.0
-1.5418368E7
-5336064.0
-1078272.0
-3405312.0
1661440.0
43520.0
-9926656.0
-1.1620352E7
-1.4453248E7
-8961024.0
1035264.0
295936.0
3296768.0
1179136.0
3285504.0
9460224.0
8753152.0
848896.0
698880.0
-5601792.0
-5585408.0
-1343488.0
-1.1726848E7
-1.1566592E7
-2.2952448E7
-1.7774592E7
-1.1523584E7
-1563136.0
-6355968.0
7503872.0
9293312.0
6917632.0
3258880.0
2598912.0
-657920.0
3069952.0
-1983488.0
-7449088.0
-9307136.0
2618880.0
6993920.0
985600.0
2110464.0
9675776.0
1.163776E7
3528704.0
1762304.0
4680192.0
-2538496.0
2747904.0
456192.0
5583360.0
6039552.0
7714816.0
1.5258624E7
1.5483904E7
1.3625856E7
1.4159872E7
2.2508544E7
9926656.0
-1762816.0
8532992.0
1.2117504E7
-7918080.0
-4185600.0
-5955072.0
-2079232.0
3214336.0
4821504.0
-1376256.0
-1.3372416E7
-5818368.0
-8383488.0
-5076480.0
5990912.0
7931392.0
4514304.0
-8874496.0
-2933760.0
-4986880.0
-7687680.0
-4921856.0
-2046464.0
5218816.0
6251520.0
5013504.0
1.596416E7
1.2845568E7
-1626624.0
-1.0346496E7
-2897920.0
3151872.0
-1803264.0
3621888.0
9690112.0
1.3462016E7
1.8728448E7
7547904.0
3113984.0
3182080.0
2490880.0
-9934848.0
-2067456.0
-3176448.0
3028992.0
4877824.0
3264000.0
-3796480.0
-5548544.0
-1.2145664E7
-7959040.0
808960.0
8450560.0
-2585088.0
-1087488.0
504832.0
-5488128.0
5291520.0
2611200.0
-2336256.0
-4013568.0
-1.1498496E7
-1.187328E7
-1.6677888E7
-1.4288896E7
-6556160.0
-8910848.0
-1.4310912E7
-7601152.0
-1398272.0
2142720.0
-6331392.0
-3238912.0
-9183232.0
-2399744.0
-8436224.0
-6422016.0
8060928.0
9622016.0
3376640.0
-5004800.0
-1.1321856E7
-8794112.0
-1.48608E7
-9540096.0
-6453760.0
-1911808.0
-4230144.0
-1.3592064E7
-3035648.0
-1.133824E7
-1.7432064E7
-2.1307392E7
-2.0547584E7
-1899520.0
1136128.0
4451328.0
-94720.0
6989824.0
1.0271232E7
-5666816.0
-1.1718656E7
-2.2153728E7
-2.357504E7
-2.4862208E7
-1.695232E7
-1.5153152E7
-1.0987008E7
-1.0574336E7
1626624.0
-505344.0
-7868928.0
-5780480.0
-1.0086912E7
-4587008.0
-1748992.0
-3760128.0
-6042624.0
-5074432.0
-9003008.0
-1.0193408E7
-7892992.0
-6617600.0
-2993664.0
9723392.0
1.1711488E7
3455488.0
-3163136.0
123392.0
-1.7143296E7
-2.2757888E7
-5162496.0
-9287168.0
-1.1775488E7
-1.3363712E7
-1.3117952E7
-769024.0
-4492800.0
2862592.0
1.0467328E7
47104.0
-1.5695872E7
-2.2525952E7
-6720000.0
-2915840.0
-824320.0
4468736.0
6228480.0
7598080.0
9005056.0
4062720.0
-4151296.0
-1398784.0
-661504.0
-6739456.0
-135168.0
8530432.0
4496896.0
3630080.0
-7824384.0
-4198912.0
-2902528.0
-8284672.0
-2.2835712E7
-2.5068544E7
-1.3441536E7
-1.0863104E7
-6803968.0
-8677888.0
-5369344.0
442880.0
3435520.0
7397888.0
7925760.0
3128320.0
1077248.0
-2225152.0
-4820992.0
-9462784.0
-8256000.0
6091776.0
-1012736.0
5064192.0
7596032.0
-2396672.0
-6049792.0
3030016.0
7575552.0
-1728512.0
-1.5412224E7
-1.3353472E7
-9851392.0
-1218048.0
1788928.0
-3915264.0
-1.1250176E7
2158080.0
-2387456.0
2186752.0
-5439488.0
-1.1017728E7
-1.0122752E7
-2748416.0
9072640.0
7204864.0
1.4241792E7
1.3668864E7
-9874432.0
-2.092544E7
-2.5058816E7
-6772224.0
7853568.0
3713024.0
-2433536.0
-9288704.0
-9064960.0
-4814336.0
-338432.0
-4360704.0
-4488192.0
3117056.0
2268672.0
1229312.0
1.1534336E7
-941568.0
-1.144576E7
-6049280.0
2938368.0
7725568.0
2282496.0
8122368.0
6961152.0
1.2737536E7
-6189568.0
-1.39136E7
-1.4646784E7
-7924736.0
-3070464.0
-7270912.0
-5143552.0
-1.153792E7
-1.270528E7
-3933184.0
-1977344.0
-2130432.0
-7349248.0
605696.0
-155136.0
-233984.0
-4848128.0
-1.1344384E7
-1333760.0
406016.0
399360.0
-391168.0
9080320.0
4385792.0
1.5169024E7
5860864.0
-3983872.0
4083200.0
9101312.0
5067776.0
2082816.0
233984.0
927232.0
5950976.0
-5736448.0
-8249856.0
-3740160.0
-5353472.0
-6952960.0
-6556160.0
8743936.0
1.0256384E7
3734016.0
1346560.0
3293184.0
9771520.0
1.585664E7
5484544.0
3482624.0
1.1305984E7
1.1329024E7
-8019456.0
-1.1404288E7
-1.824768E7
1116160.0
7017984.0
576000.0
5310976.0
-819200.0
-5151232.0
-5191168.0
-7354880.0
-1.4180352E7
-7683072.0
-1.5110656E7
-9994240.0
-1.6229376E7
-1.6531968E7
-8713216.0
-1.2523008E7
-2.4270336E7
-1.1070976E7
-7189504.0
-8869888.0
1167872.0
1.2581376E7
1.0702848E7
1431040.0
-3825152.0
-1.7080832E7
-1.262848E7
-9189888.0
-3867136.0
-6116864.0
-1.9606016E7
-1.883392E7
-2.3819264E7
-5961216.0
-2715136.0
-3432960.0
5698560.0
813056.0
1728512.0
2244608.0
709120.0
-8622080.0
-7862272.0
-2579456.0
-2683392.0
-21504.0
-1063936.0
1028096.0
-2636288.0
-6334464.0
-1.0180608E7
-1.5186944E7
-1.5046656E7
-1.935872E7
-2978816.0
-9051648.0
-1.1961344E7
-2.2685184E7
-1.4386688E7
-1.7334784E7
-1.452288E7
-1.7466368E7
-2.0726272E7
-1.9868672E7
-1.1312128E7
-6532096.0
-3006976.0
-1479168.0
5325312.0
-1.0254336E7
-1.224192E7
-1.3374976E7
-9662464.0
-4608.0
-496128.0
-1.00736E7
-1.7314816E7
-5798912.0
-1.3384704E7
-1.210624E7
-1.497088E7
-1.300992E7
-5816320.0
6931968.0
-7455232.0
-2149888.0
-4583424.0
-5193728.0
-2772480.0
6980608.0
5949952.0
5329408.0
-4043264.0
-1.1741696E7
-1.3621248E7
-7361536.0
-1.00992E7
-3978752.0
1.357568E7
-1342464.0
-6386688.0
-2479616.0
1241600.0
2647040.0
3057664.0
8473088.0
3947520.0
677376.0
-5377536.0
-2696704.0
2701824.0
-1774080.0
-2103296.0
2560.0
3072512.0
-2039808.0
-5816832.0
-1088512.0
5544960.0
7212032.0
3352576.0
4625408.0
-9202176.0
-5879296.0
-2705408.0
6787072.0
8103424.0
2830336.0
6188544.0
2.1530624E7
1.30432E7
3925504.0
8342016.0
9484288.0
1.1154432E7
1.3190656E7
7051776.0
9110016.0
1.2070912E7
2.2780416E7
2.9029376E7
2.318848E7
3.5493888E7
4.1919488E7
4.4800512E7
4.4729344E7
4.4192768E7
4.9188352E7
5.6900608E7
6.6238464E7
6.3346688E7
8.050176E7
1.06840576E8
1.22479104E8
1.27395328E8
1.52138752E8
1.80864E8
2.28905472E8
3.06907136E8
3.88157952E8
4.93617664E8
6.344704E8
8.12299776E8
1.074933248E9
1.426310144E9
1.947626496E9
2.732019712E9
3.677731328E9
4.268589056E9
4.002760704E9
3.398872576E9
2.852164096E9
2.229584384E9
1.661041664E9
1.133628928E9
7.7755392E8
5.6116224E8
4.35191808E8
3.64197376E8
3.07926016E8
2.63017472E8
2.10873856E8
1.79527168E8
1.39326464E8
1.07225088E8
1.05911296E8
9.8759168E7
8.3080192E7
6.7784704E7
4.3333632E7
4.2395136E7
4.1547776E7
4.8960512E7
5.2419072E7
5.169408E7
5.7548288E7
5.5887872E7
5.0691072E7
4.460288E7
5.0885632E7
4.9486336E7
3.7799936E7
2.2939136E7
1.8376704E7
2.764032E7
3.2385024E7
3.1432704E7
3.1841792E7
3.1570432E7
2.4199168E7
1.9787264E7
3.634688E7
3.9382016E7
3.7039104E7
2.4607232E7
2.5205248E7
1.8760704E7
1.4850048E7
1.0248704E7
6880768.0
1.5503872E7
1.7896448E7
2.9594112E7
3.145728E7
2.7079168E7
1.3267456E7
1.4387712E7
2.956544E7
3.094016E7
2.6455552E7
1.4908928E7
1.801472E7
1.184512E7
9182208.0
1.2561408E7
7683584.0
3147264.0
6727168.0
1.6295424E7
9443328.0
1.325824E7
2.2669824E7
1.5227392E7
6365696.0
-7217152.0
-9993216.0
6117888.0
1.0384896E7
1.1922432E7
1.5589888E7
6227456.0
1.2546048E7
2.3948288E7
2.0873216E7
1897472.0
-2874880.0
5133824.0
1.8073088E7
1.8226688E7
1.2756992E7
1.8842112E7
1.7343488E7
2.1647872E7
1.712384E7
1.1599872E7
8608768.0
-3460608.0
-1350144.0
7870464.0
4518912.0
4182016.0
-6497280.0
-1.02016E7
-1851904.0
2964480.0
9629184.0
8349184.0
9032192.0
2.021376E7
2.2135296E7
1.5464448E7
2.6061824E7
1.40288E7
-812544.0
-3185152.0
-7075840.0
8960512.0
1.6245248E7
1.1063808E7
2863104.0
1814528.0
8705536.0
9935872.0
2182144.0
1.0236416E7
7522816.0
5868544.0
-359936.0
1.0732544E7
1.0392576E7
2788352.0
9544192.0
1422336.0
9102848.0
2.1544448E7
3.10144E7
2.6987008E7
2.444288E7
3.1249408E7
2.0530688E7
8166912.0
3672576.0
1.3192192E7
1.833728E7
6585344.0
2018816.0
-8177152.0
-1.0123264E7
9570304.0
1.4530048E7
1.146368E7
1.1859968E7
5424640.0
785920.0
-3510272.0
-1.3185024E7
-8811008.0
1181696.0
5048320.0
7632384.0
4342784.0
9202688.0
1782784.0
1.0428416E7
1.229568E7
5970432.0
-3339264.0
-2176000.0
-5950976.0
-1.0922496E7
1654784.0
1.2896256E7
3937792.0
-9396736.0
-1.4722048E7
-9473536.0
-2881536.0
5605888.0
1.3509632E7
1.2115456E7
1.2265984E7
8852480.0
630784.0
-3789824.0
-1309696.0
2008064.0
632320.0
-4331520.0
-5828096.0
-9651712.0
-9042944.0
-4700160.0
-2174976.0
1538048.0
-1.466112E7
-4137984.0
-629760.0
-2657280.0
-88576.0
-2829824.0
-1.2608E7
-3227136.0
-6486016.0
1950208.0
-558592.0
4137984.0
2390016.0
-1.1567616E7
-2061824.0
-4327936.0
-1.7087488E7
-1.150464E7
-5782016.0
66048.0
4482048.0
1.377024E7
1914880.0
4027392.0
5117440.0
-5575680.0
-1.711872E7
-9065472.0
-526848.0
6352896.0
1044992.0
1843200.0
4648448.0
-3039744.0
-5037056.0
-6729216.0
8122880.0
1.7220608E7
1.0759168E7
1.167616E7
-7049216.0
-8508928.0
3654656.0
4839424.0
9167872.0
1.31456E7
3102720.0
1.0864128E7
1817088.0
-2214400.0
-4181504.0
1.07904E7
1.565184E7
5396480.0
8415232.0
8455168.0
3152896.0
9343488.0
3718656.0
-9246720.0
-2315264.0
-3896832.0
-2549248.0
-8144896.0
-1.0717184E7
3996672.0
6296064.0
1.3878784E7
456192.0
4899328.0
9091072.0
-3414016.0
-1.146624E7
6646272.0
2200064.0
-5132800.0
-514048.0
-1.1280896E7
-1.024768E7
648704.0
698368.0
3575296.0
5588992.0
1807872.0
-1920512.0
6703616.0
-677376.0
-2773504.0
5074944.0
1.2777472E7
1.1556352E7
-4936192.0
-1216000.0
-2604544.0
3127296.0
2380800.0
-1935872.0
-9744384.0
-3361280.0
-2706944.0
-2101248.0
-1202176.0
-7111680.0
-3916800.0
-5605888.0
3881984.0
-735232.0
-9256960.0
-9716224.0
-9923584.0
3441664.0
-1249792.0
-1.0105856E7
-1968128.0
-2637312.0
-5990912.0
-1.5789056E7
-1.0675712E7
-1.661952E7
-1.7563648E7
-1.405696E7
-1.9211264E7
-9079808.0
2030592.0
-2084864.0
-1515008.0
-6608384.0
-7346688.0
2354688.0
3929088.0
4989440.0
2157056.0
7655936.0
1118208.0
-1468416.0
-3374592.0
-1313280.0
-8671744.0
-4382720.0
3786752.0
4102656.0
8262656.0
5882368.0
7781888.0
1.2996096E7
5177344.0
-6085120.0
-1.7698304E7
-7947776.0
-4317696.0
-4408832.0
-8313344.0
-1765888.0
6126080.0
1.398272E7
8508416.0
-2760192.0
-5644800.0
-7257600.0
-9899008.0
-8142336.0
74752.0
2488320.0
-5178880.0
-8039936.0
-9438208.0
-1.2383744E7
-3882496.0
-251392.0
6404608.0
-4429824.0
5715456.0
8976896.0
1525248.0
1866752.0
-2368512.0
1753088.0
1.0729984E7
1803264.0
-6327808.0
-1.0472448E7
-1.3971968E7
-1.2677632E7
-9392128.0
-9207808.0
-4214784.0
9165824.0
1651712.0
-7951872.0
-1696256.0
-1015296.0
-3129344.0
-1318912.0
-3704320.0
-1.1275264E7
787456.0
1555968.0
1549824.0
5449728.0
6521856.0
-3181056.0
6917632.0
6525952.0
3121152.0
-1.0016768E7
-1.013504E7
-2817024.0
-7822336.0
-2970112.0
8192000.0
1.1652096E7
3971072.0
-3704320.0
-7120896.0
44032.0
2697728.0
9160192.0
8732672.0
1.5350784E7
2252288.0
-2750464.0
1506816.0
1285120.0
-1286656.0
833024.0
-351744.0
5785088.0
9232384.0
1.3512704E7
5637632.0
432640.0
-4440576.0
-1.154048E7
-1.3499392E7
-8363008.0
-2902528.0
-4044800.0
-6307840.0
-8656384.0
2656256.0
2498560.0
-356864.0
-4093952.0
-1.3571072E7
-7644160.0
-2350080.0
8170496.0
7776256.0
3044864.0
4876288.0
7572992.0
8947200.0
5778432.0
1.46944E7
-1199104.0
-1.8914816E7
-2.58944E7
-8644096.0
-5572608.0
-1.2504064E7
-6371328.0
-64000.0
7048192.0
3192832.0
-2429952.0
-899584.0
-1838080.0
-3487232.0
-2710528.0
-236032.0
4832768.0
-648704.0
2850816.0
6622208.0
1.006592E7
-2849280.0
-6532096.0
-4440576.0
2.1906944E7
1.6384512E7
1.1913728E7
8838144.0
6205440.0
1723392.0
-1253888.0
-8353792.0
-1.4333952E7
-5005312.0
-1884672.0
-5559296.0
-4988416.0
-1.2128768E7
-8019968.0
-3166208.0
-3648512.0
5206016.0
6397440.0
-7077888.0
-1.34656E7
-377344.0
-5544960.0
6950400.0
7290368.0
5422592.0
9420288.0
5687808.0
3462656.0
-2521088.0
-1.5514112E7
-1.3111296E7
-9574400.0
2426368.0
1117184.0
472064.0
6969344.0
2.125312E7
1.3917696E7
-7608320.0
-3970048.0
8673792.0
7156224.0
4345856.0
1157632.0
-112128.0
1589248.0
1010176.0
9678848.0
1.4843904E7
480768.0
-1.3179392E7
-1.1526144E7
-7533056.0
-7521280.0
-8706560.0
-6024192.0
-3829760.0
6596096.0
-3433984.0
1901056.0
1794560.0
-477696.0
-22016.0
-1031168.0
3635712.0
1057280.0
9320448.0
2079744.0
-145408.0
9152000.0
1523712.0
2616832.0
2232320.0
-2113024.0
-671232.0
-2238976.0
-5014528.0
8112128.0
1.6418304E7
-3722752.0
754688.0
-5014016.0
4622336.0
-5449728.0
-3497984.0
5514752.0
-2585600.0
-7224832.0
-1.3102592E7
-1.0384896E7
-2488320.0
-628736.0
-1.4460416E7
-2.4189952E7
-2.62784E7
-1.396736E7
352256.0
-779264.0
-6533120.0
2957824.0
2408960.0
-8688640.0
-4354048.0
749056.0
-1.2655104E7
-1.2670464E7
-2759680.0
-7458816.0
-2998272.0
-8555008.0
-8692224.0
-6948864.0
-1.1682304E7
-3071488.0
7154176.0
1.4753792E7
5834240.0
760320.0
5149696.0
-6508032.0
-1.0905088E7
-6508032.0
-4964352.0
-5955072.0
-1.431808E7
-1.0994176E7
-1160192.0
7556608.0
7965696.0
8318976.0
8101888.0
9990656.0
-666112.0
-1.1261952E7
-4719616.0
-226304.0
1328640.0
-1348096.0
-4411392.0
-1.4230528E7
-1.0298368E7
-7582720.0
-3934208.0
-7732224.0
-4324864.0
7514624.0
-1.0000384E7
-1.2234752E7
-1.4183936E7
-4815360.0
-2843136.0
-3623936.0
1.0974208E7
1.046528E7
-2131456.0
-5009920.0
-3478016.0
5382656.0
4975616.0
-6898176.0
-1.3192704E7
-1.2466688E7
-3366400.0
7302144.0
1.1662848E7
-1823232.0
-948736.0
1101824.0
-1.1044352E7
-7720960.0
-614400.0
4541440.0
7161344.0
7575040.0
8253952.0
1.6609792E7
1.037056E7
2014208.0
-66560.0
-2026496.0
-9511424.0
-1.218304E7
-2482688.0
662528.0
-6397440.0
2365952.0
-3620352.0
-2582528.0
1.0204672E7
1014272.0
-5801472.0
-1.1416064E7
-618496.0
4834816.0
-6693376.0
-4095488.0
-1.363968E7
-7128064.0
-7225856.0
-2512384.0
1190912.0
1.2823552E7
9883136.0
1.6331776E7
1.2755456E7
1.243648E7
5039104.0
9614336.0
4142592.0
-1007104.0
2920960.0
7945728.0
-1.145088E7
-1.8534912E7
-1.2155392E7
-3546112.0
1967104.0
-4266496.0
-1.1040768E7
-8905216.0
-5202432.0
1751040.0
1728000.0
2161152.0
2223616.0
-4131840.0
2330624.0
1.8792448E7
1.0763264E7
7804928.0
-2835456.0
-1706496.0
-7929344.0
-3617792.0
-349184.0
1.0934272E7
1.3664768E7
1.581568E7
8557568.0
1126912.0
5159936.0
2592256.0
5931520.0
1.7268224E7
4562432.0
-9348608.0
-1.8210816E7
-6175744.0
-1.2245504E7
-1.6723456E7
-3875328.0
-4039680.0
-6725120.0
-1.2690944E7
-1.1677696E7
-2.1660672E7
-2.1855232E7
-1.523712E7
2513408.0
7056384.0
7664128.0
4549120.0
3792384.0
1.0425856E7
5340160.0
-8400384.0
-1.7638912E7
-1.5863808E7
-3073024.0
-3939840.0
-5852672.0
-1628672.0
-1901056.0
3998720.0
1.0556928E7
3615744.0
5411840.0
-3981824.0
441856.0
5811712.0
-1956352.0
-5410304.0
812544.0
2976256.0
-6197248.0
-2379264.0
1451008.0
1.0142208E7
4474880.0
-1645568.0
-3357696.0
-7557632.0
1147392.0
-4363776.0
-1.0504192E7
4668416.0
4392960.0
1318400.0
1020416.0
-7393792.0
-7543808.0
-6125568.0
-8380416.0
347136.0
1178624.0
2925568.0
7269888.0
7084544.0
-617984.0
2455040.0
7726080.0
1.11616E7
1.0705408E7
1601536.0
-2299392.0
-3792384.0
-4952064.0
189952.0
-425472.0
4543488.0
-6297600.0
-1.3943808E7
-1.8700288E7
-3657216.0
479232.0
6734848.0
-5257216.0
-1.214208E7
-1.173504E7
2714112.0
8258048.0
1.0970112E7
5582848.0
1.3785088E7
1.8039808E7
1.1832832E7
8669184.0
1.4204928E7
6711808.0
-8484864.0
-5397504.0
-754176.0
2462208.0
5653504.0
6630912.0
1.2780544E7
5002240.0
1881600.0
7419392.0
6869504.0
-1.353472E7
-1.0318848E7
-8329216.0
3709952.0
-772608.0
-1.0731008E7
-2862592.0
-8137216.0
829952.0
2116608.0
-1796608.0
5748224.0
4835840.0
3056640.0
1.010432E7
1888256.0
2120192.0
3064320.0
-40448.0
-3489792.0
-2584576.0
9839104.0
9396224.0
2014720.0
-321536.0
-3298304.0
-1.12128E7
-9481216.0
-4188160.0
5435392.0
-3123712.0
-5409280.0
-449024.0
3605504.0
-3204096.0
-5258752.0
-5947392.0
-1.1798016E7
-1.0990592E7
-8164352.0
-5604864.0
4241408.0
1864192.0
2793472.0
-4216320.0
2118656.0
1330176.0
4601856.0
914432.0
1238016.0
388096.0
-7210496.0
-1.2955648E7
-1.3904896E7
-1.3119488E7
-1.1107328E7
-1.6571392E7
-2.9484032E7
-2.1784064E7
-1.0160128E7
-5828608.0
-6894080.0
-1168384.0
-6593024.0
-4063232.0
-8830464.0
-1.1670016E7
-1.0123264E7
-4280320.0
-1.2160512E7
-1.0953216E7
-7417344.0
-155648.0
-4212736.0
-4401664.0
4531712.0
1737216.0
2624512.0
1.9928064E7
1.2160512E7
7942144.0
1.8386432E7
1.7650176E7
3938816.0
-2593280.0
-8734720.0
-1.8272256E7
-5362176.0
4872704.0
1303552.0
3741696.0
-1.2566016E7
-1.247744E7
-1.6912384E7
-2.0736E7
-6748160.0
-4480000.0
-3429376.0
-9468416.0
-253440.0
273920.0
-2382336.0
-1.4291968E7
-1.3379584E7
-1.5303168E7
-1.0812416E7
-1.421312E7
-7289344.0
-3831296.0
-9164288.0
-1.03936E7
-4216832.0
2111488.0
1681920.0
-4483072.0
-1.01376E7
-7662592.0
-8419328.0
-7762944.0
2308608.0
1.389056E7
1.0973184E7
-1818624.0
-1.0853376E7
-8081408.0
-5409792.0
-9613312.0
-1.2652544E7
-2374144.0
-7740416.0
-2553344.0
-8051712.0
-1.6922112E7
-1.0914304E7
-4572672.0
-2527744.0
-1.1596288E7
-2.193152E7
-1.7020416E7
-8926720.0
1653760.0
-4827648.0
-9562624.0
-4601344.0
-4470784.0
-6629888.0
6287872.0
-1.345536E7
-5087744.0
-6735360.0
-4141056.0
5095424.0
2094592.0
9303552.0
4550144.0
6419456.0
4472832.0
1301504.0
-7342080.0
-1.2406784E7
-8313344.0
-4925952.0
1534976.0
-756224.0
-7398400.0
2124288.0
-8170496.0
-820224.0
-6662656.0
-786944.0
-1307648.0
1317888.0
6924288.0
738304.0
2222080.0
-224768.0
6435328.0
3336704.0
-5463552.0
1910784.0
9757696.0
1.430528E7
7306240.0
5465088.0
-879616.0
9364480.0
7770624.0
-1554432.0
4437504.0
1.5937024E7
5806080.0
-1169920.0
-1425408.0
-5991936.0
-2221568.0
-1.3479424E7
-8874496.0
1860096.0
1.6169984E7
1.2059648E7
1.0139648E7
8975360.0
9674752.0
1.1869184E7
3719680.0
6738432.0
3549184.0
6056448.0
8791040.0
-3205120.0
-572928.0
-2365440.0
-537600.0
-5473792.0
-3518464.0
-2293760.0
633344.0
4508672.0
7243776.0
3450368.0
1.148672E7
1.8181632E7
8589824.0
945152.0
6692352.0
-5594112.0
-975360.0
4200448.0
-5508096.0
-351744.0
3287040.0
6976512.0
7290880.0
-6672896.0
2228736.0
8584192.0
5303296.0
7617024.0
1.4379008E7
1.0620416E7
8976384.0
4547584.0
776704.0
-1177088.0
865792.0
-1.0223104E7
-3555328.0
2250240.0
613888.0
9541632.0
5153280.0
-2370048.0
-1875968.0
-9496064.0
-6875136.0
1161728.0
-2976768.0
-5682176.0
-9859072.0
-7016960.0
-1.0737664E7
8084480.0
279040.0
130048.0
7334400.0
5933056.0
1353216.0
-52736.0
5984768.0
-3112448.0
-1.366528E7
-1.7115648E7
-7827968.0
-6998016.0
-8624128.0
-2177024.0
-1.3383168E7
-2.17856E7
-3041280.0
-741376.0
6138368.0
-454144.0
7123968.0
3923456.0
-138240.0
1331712.0
3493888.0
5572608.0
-404480.0
8601600.0
8040960.0
316416.0
-1.5698944E7
-1.2784128E7
3719168.0
-1867264.0
1183744.0
-2099200.0
-1.139968E7
-4703744.0
-4329472.0
-7968768.0
-4964352.0
-6696960.0
-4925440.0
-1523712.0
1263104.0
4781056.0
7713280.0
1.2699648E7
1.1380224E7
-4025856.0
-1.6818176E7
-1.4833152E7
2653696.0
-6053888.0
-4102144.0
-1983488.0
-1.3832704E7
-4690944.0
-4526592.0
-7143424.0
-1.553664E7
-1039360.0
-3393536.0
-9869824.0
-6464512.0
-4815872.0
352256.0
3753472.0
-9244160.0
-1202688.0
-2872832.0
5447168.0
6323712.0
9250304.0
9942016.0
320512.0
-8035840.0
-8082944.0
142336.0
1.1170816E7
6492672.0
8541184.0
3421184.0
-99328.0
1.04832E7
-4648448.0
-6610944.0
-5462016.0
-9545216.0
-1.0742784E7
-1.3029376E7
-8647680.0
-1080832.0
1.1250176E7
1.7178624E7
1.0308096E7
2992640.0
91136.0
-3700736.0
9005568.0
9698816.0
7525376.0
1978368.0
-8025088.0
-8970752.0
-3278336.0
-4369920.0
-3222528.0
-7048704.0
-1.2297216E7
-184320.0
1.9635712E7
9637376.0
7146496.0
3413504.0
-873472.0
-2709504.0
-1196032.0
4504064.0
1.1557888E7
6552576.0
8738816.0
-629760.0
-4250624.0
4350976.0
2945024.0
1273856.0
1.3810176E7
6681088.0
3857408.0
-4437504.0
-1957376.0
3437568.0
6124032.0
-5904384.0
-2979328.0
-2428928.0
-8861696.0
-9506816.0
1212416.0
-1.2019712E7
-1.1558912E7
-5410816.0
554496.0
-680448.0
-9475072.0
-1.0405888E7
-2548736.0
-5390848.0
-1.678336E7
-3650048.0
3444736.0
2159104.0
8005632.0
1.0844672E7
-4625408.0
-8567808.0
-1.1453952E7
-6387712.0
-2.0871168E7
-1.4157312E7
-1.8036736E7
-1.977344E7
-3923968.0
3166208.0
-4572672.0
-4944384.0
4192768.0
3177984.0
2176512.0
2646528.0
-9015808.0
-5568512.0
-4763136.0
-7609344.0
-1.1718144E7
-8528384.0
2736128.0
1.1603968E7
6956032.0
-4508672.0
2276864.0
7541248.0
-1.1244032E7
-1.4360576E7
-15360.0
2421760.0
9433088.0
-2095104.0
481280.0
1748480.0
-5398528.0
-1395200.0
-3779072.0
5177344.0
-1253376.0
-5015040.0
-3342848.0
-1.4663168E7
-1.2271104E7
-1446400.0
4443136.0
1.7673728E7
1297920.0
-9224192.0
-4423680.0
-1.0540544E7
-9306624.0
-5453824.0
-9762304.0
-6659072.0
2546176.0
8545792.0
1968128.0
-2215424.0
-5338624.0
-3358720.0
1082880.0
4881920.0
2.333952E7
7933952.0
-2678784.0
-3351040.0
-4985856.0
-4918784.0
-8213504.0
-6679040.0
-1.2027392E7
-4398592.0
5812736.0
789504.0
8870400.0
1.8340864E7
2.0291584E7
1.8353664E7
2058752.0
-1.2128256E7
-8144384.0
-6554112.0
-1774592.0
-893440.0
-5544448.0
-3087360.0
-3212800.0
2740736.0
2580992.0
6503424.0
8880128.0
4532736.0
-7951360.0
-4986880.0
-6578688.0
-7970816.0
-2795520.0
1.3473792E7
2.0717568E7
6880768.0
8826880.0
7145984.0
8012800.0
4309504.0
-1031680.0
1.2910592E7
1.2073984E7
-1224704.0
-4063232.0
-1.8789376E7
-4340736.0
4523008.0
1.4493184E7
3225600.0
1.0556928E7
1.3689856E7
-2059776.0
-1795072.0
1034240.0
6849024.0
8696320.0
8061440.0
-6155264.0
1990144.0
7951360.0
-1065984.0
-1.1177472E7
-6447616.0
-1.4064128E7
-1.0090496E7
-2597376.0
3766784.0
1345536.0
-2645504.0
-3260416.0
3394560.0
8152064.0
4921856.0
3990016.0
-4570624.0
-1.1186688E7
-4197888.0
1312768.0
-1662976.0
-1.9743744E7
-2.3884288E7
-7034880.0
2474496.0
-5052928.0
-805888.0
-2256384.0
395776.0
500736.0
7436288.0
1.3347328E7
9689088.0
-266240.0
2822656.0
3151872.0
-4934144.0
-3072512.0
5632512.0
-8053248.0
-2460672.0
-3329536.0
-5336576.0
1842176.0
2167296.0
4644352.0
9670656.0
1.6816128E7
4588544.0
-2051072.0
2385408.0
7004672.0
-2355200.0
1492992.0
-5978624.0
5954048.0
-973312.0
-1.003008E7
-685568.0
-5963776.0
-1.2639744E7
-1.0301952E7
3045376.0
5160448.0
-7493120.0
-8340992.0
-7766528.0
-1.0014208E7
1.1958784E7
2774528.0
3181056.0
-2516480.0
-5714944.0
-6107648.0
-2125312.0
-6142464.0
-8008704.0
-3978752.0
-1.1997184E7
-2.0868096E7
-1.2686848E7
909824.0
-1554944.0
-1.238528E7
-9080832.0
-6498816.0
-3921920.0
-4889088.0
513536.0
1353728.0
3898880.0
-5723136.0
-1.7334784E7
-1.5826432E7
1443328.0
-3625984.0
7432192.0
2910720.0
-2109440.0
-3810304.0
775168.0
-1.9654656E7
-2.524928E7
-1548288.0
3419648.0
1.46176E7
3279872.0
-5775872.0
1807360.0
-8272384.0
-1.23264E7
-4886016.0
-7522304.0
-1456640.0
76800.0
8806912.0
1.295616E7
-2622464.0
5309952.0
1.0643456E7
6447104.0
1.0935296E7
7140352.0
-1166848.0
-456192.0
-7079936.0
-1.9085824E7
-1.5520256E7
-1.7256448E7
1332224.0
-5260288.0
9537024.0
1.4469632E7
1.3585408E7
1.3293056E7
8077312.0
1029632.0
1984000.0
7855104.0
2692608.0
8118272.0
1712128.0
-4018176.0
6914560.0
-1250304.0
-3829760.0
-7432704.0
-8749056.0
8835584.0
2677248.0
4253184.0
2946560.0
9778176.0
9951232.0
1.27872E7
1.5984128E7
2199040.0
805888.0
1.3825536E7
3271168.0
-706560.0
3197952.0
-2498560.0
-717824.0
-6589952.0
-1.0348032E7
2527232.0
7005184.0
1.2152832E7
7667712.0
5321216.0
-2864640.0
-6360064.0
-1.056768E7
-2.052096E7
-7913472.0
-1.0100736E7
-7103488.0
-6808064.0
-5673984.0
3863552.0
-4211712.0
-1.145088E7
-1.6572928E7
-2.0960768E7
-2.46912E7
-2.8388864E7
-2.3752192E7
-1.1657728E7
-6266368.0
-4975616.0
-5133312.0
-5696512.0
5100544.0
1.1812352E7
7093248.0
1184256.0
-5649408.0
-2782720.0
712192.0
-1.8412544E7
-1.8244096E7
-1.6247808E7
-4332032.0
-1.0204672E7
-6137856.0
1033216.0
-8167424.0
456704.0
-1757184.0
-1313280.0
6492160.0
3868672.0
4766720.0
-3296256.0
-1213440.0
-4396032.0
-5939200.0
-5154816.0
-8067072.0
-1.738496E7
-2024960.0
2242560.0
7632384.0
1.521152E7
2.9384704E7
2.612992E7
1.477888E7
9916928.0
-66048.0
-4457984.0
-4806144.0
-3828224.0
8787968.0
4929024.0
8823296.0
1.3620224E7
1.316608E7
5070848.0
4070400.0
-4337664.0
924672.0
8435712.0
5189120.0
1591296.0
2269696.0
970752.0
3684352.0
-6835200.0
-5126144.0
-1.08672E7
-2.0362752E7
-1.0167296E7
8265216.0
5394944.0
-1.0410496E7
-2.2272E7
-1.3937152E7
-1.002496E7
5863424.0
2317312.0
-3245056.0
586752.0
-5305856.0
-1.6756224E7
-1.5430656E7
-6994944.0
576000.0
591360.0
1240064.0
-8160768.0
-1.4263808E7
1659904.0
5271040.0
2462208.0
151040.0
3942912.0
5445632.0
6888960.0
4742656.0
6617600.0
3203584.0
-894976.0
-5227008.0
-5296128.0
7923712.0
1.8440192E7
1.8042368E7
1.0116096E7
5039616.0
7285760.0
4562944.0
2385920.0
6674432.0
6656000.0
4497920.0
980992.0
-2873344.0
1326080.0
-4112384.0
1.5292416E7
3940864.0
5076480.0
-5598720.0
-6986752.0
-1076224.0
7627264.0
4324864.0
2041856.0
-1428992.0
-1.2791296E7
-1.31328E7
-7020544.0
3342336.0
5472768.0
-4264448.0
1420800.0
-9037824.0
-5579776.0
114688.0
-1925632.0
891392.0
1.3472256E7
1.1726848E7
4866560.0
2180096.0
-5039616.0
3866112.0
1.46432E7
1.5510016E7
-2335744.0
364544.0
3282432.0
6795264.0
1.40672E7
1.1587072E7
-3289600.0
-1737216.0
-8008704.0
-2179584.0
9705984.0
6664704.0
-2333184.0
647680.0
-437248.0
9289728.0
1.94304E7
9207296.0
7347712.0
6466048.0
3224576.0
6946304.0
2885632.0
4705280.0
1.1775488E7
-4985856.0
-835072.0
3892224.0
-1.2158464E7
-1.2406272E7
-1.2404736E7
-1.3430784E7
-1.5661056E7
-1.4300672E7
-1.0888704E7
1922048.0
-8781312.0
-5962752.0
833024.0
4908032.0
-646656.0
4940800.0
1.4175744E7
4127744.0
2084352.0
-4383744.0
-5411328.0
-3407872.0
450560.0
-3544064.0
-835072.0
377856.0
-6612480.0
-2391040.0
4359680.0
8668672.0
8722432.0
9445888.0
95744.0
-1013248.0
3178496.0
-4135936.0
-3254784.0
3870720.0
6908928.0
622592.0
-2771456.0
-8607232.0
2944000.0
4481536.0
4846080.0
3650560.0
-1.1042816E7
-5314560.0
-1.7190912E7
-4178432.0
-6502912.0
-1.8827264E7
-1.1101696E7
-3081216.0
-6232064.0
-2381824.0
-1.4462464E7
-7411200.0
9632768.0
9341440.0
-3254784.0
3915264.0
-4709888.0
1008640.0
-2353664.0
-3800576.0
3526656.0
1.6280064E7
9043968.0
-3912192.0
733696.0
1384960.0
-9390592.0
-644096.0
-4438528.0
4989440.0
1075712.0
3051008.0
3448832.0
2736640.0
4720128.0
-4399104.0
-4533760.0
2610176.0
-6761984.0
7087616.0
-2627072.0
4381696.0
-3726848.0
-8284160.0
-9503232.0
-3487744.0
2118656.0
1021952.0
1484800.0
4194304.0
-4431360.0
771072.0
9234944.0
1.2562944E7
1165824.0
-264704.0
7109120.0
4681728.0
1.735936E7
7999488.0
2744320.0
1632256.0
1.365248E7
1.6727552E7
1.1930624E7
646144.0
-1604096.0
-6043648.0
-6148096.0
1044992.0
-8365056.0
-1.6534016E7
2971648.0
1.428992E7
1.5002624E7
1.3646848E7
3181056.0
-1793024.0
1.0036224E7
9559040.0
4242944.0
-7778816.0
-1.0469888E7
-5185536.0
4720640.0
509440.0
-4421120.0
-8655360.0
-927232.0
5487616.0
3964928.0
222208.0
-461312.0
-1352192.0
-30208.0
535552.0
-4091392.0
-1911296.0
4418560.0
276992.0
4938240.0
4270080.0
-8991744.0
-1.0764288E7
-27136.0
1.1606528E7
6523392.0
8001536.0
3213824.0
1822208.0
-3850240.0
-1.085184E7
-6243328.0
-1443840.0
81408.0
-1.521664E7
-1.1503104E7
-1537024.0
3046912.0
1876992.0
-1.0062848E7
-3422208.0
6278656.0
-6009344.0
-7942656.0
-8509952.0
-1.863936E7
-1.3458432E7
-1.1346432E7
387584.0
1935360.0
9889792.0
1.1259392E7
307712.0
-2614272.0
2026496.0
8382976.0
9646080.0
-1.0719232E7
1910272.0
-1758720.0
186880.0
1.1196416E7
2211328.0
4669440.0
8113664.0
2334208.0
912896.0
-5274624.0
-1.2105728E7
-7430144.0
-1.6961536E7
-1.4837248E7
-1.41696E7
-1.4260224E7
-1.5606784E7
7124480.0
1.869824E7
1.899264E7
3317248.0
9115648.0
9432064.0
-4705792.0
-2050048.0
4365824.0
4578304.0
1.3688832E7
7583232.0
2361856.0
942080.0
1.1837952E7
1.2939264E7
313344.0
-1041920.0
-1.0218496E7
-1.0770432E7
369664.0
9423872.0
9417216.0
1.3078528E7
1.3929472E7
9424896.0
8207360.0
575488.0
-2160640.0
-4407296.0
-1.4700032E7
-1.1092992E7
-6834176.0
3212288.0
6400000.0
67584.0
4333568.0
532992.0
8856576.0
3651072.0
-4075008.0
-1.0345984E7
-3434496.0
9501184.0
1.1283456E7
5334528.0
-7081472.0
-4584448.0
3705344.0
-2365440.0
6736896.0
1.2391936E7
-947200.0
-1.1529728E7
-764928.0
-6465024.0
-8901120.0
-1.2793856E7
-8000000.0
-4620288.0
-4403712.0
6921728.0
-2137600.0
6428672.0
7664128.0
4188672.0
3298304.0
5056512.0
-6877696.0
-6464000.0
-8046592.0
-3680768.0
-3095552.0
437760.0
2095616.0
3602432.0
165376.0
1536512.0
3427328.0
-1108992.0
2974720.0
1.1572224E7
-2505216.0
-1.3343232E7
-2.1212672E7
-1.9111424E7
-1701376.0
1913344.0
4187136.0
6117888.0
-1257472.0
-7787008.0
-7920128.0
-1297920.0
-8079872.0
3255296.0
-182784.0
-1.2654592E7
-1.8162688E7
-1.4164992E7
-3331584.0
-4727808.0
-3386880.0
-5247488.0
-2258432.0
-4788224.0
-6706688.0
-5968896.0
-1.0166272E7
-1.4339072E7
-1.989632E7
-1.0998784E7
306176.0
2817024.0
3262976.0
1972224.0
-1.00864E7
-2858496.0
-333312.0
756224.0
-2963456.0
-3169280.0
-4038656.0
-568832.0
-4624896.0
-1546752.0
5723136.0
4448256.0
4412416.0
1.4852608E7
9303040.0
1.1423232E7
1.9427328E7
9457664.0
1.0302464E7
1944064.0
5048320.0
5554176.0
21504.0
-7664640.0
2931712.0
6105088.0
1000448.0
8015872.0
6468608.0
1.1514368E7
2603008.0
-937472.0
7549440.0
4000256.0
4627456.0
3150848.0
-5649920.0
-2075136.0
-5817344.0
3257856.0
3505664.0
-241152.0
-3916800.0
-8404480.0
-7818752.0
-3401728.0
2249216.0
-5074432.0
-8135680.0
-6415872.0
-7990784.0
-4575744.0
-1.7467392E7
-1.1573248E7
-1760768.0
370176.0
3620864.0
-5834240.0
-8351744.0
-5081088.0
-4089344.0
-4375552.0
-1692672.0
4276224.0
-3310592.0
-7228416.0
-8779264.0
-3629056.0
-1.8033664E7
-1295360.0
5953536.0
3664384.0
6257664.0
5521408.0
-4664832.0
-8572416.0
-5075456.0
-8498176.0
1684992.0
1.0789888E7
9079296.0
1.32864E7
-2792448.0
-1.0657792E7
-6693888.0
-5509120.0
-453632.0
-28160.0
-3886080.0
-1.4460416E7
-8938496.0
-1.5707648E7
-2.0752384E7
-2.1710848E7
-1.3312E7
-2679808.0
-5525504.0
-7424000.0
7150080.0
1581568.0
1.005312E7
1.4918144E7
2427904.0
-8073216.0
-4795904.0
-747008.0
-2221056.0
1951744.0
-1.1110912E7
-1.0098688E7
8001536.0
1.3159424E7
7859200.0
1963520.0
2153984.0
-1826816.0
-1992192.0
-1.010176E7
-3727360.0
594432.0
-1.0478592E7
-4318208.0
2818048.0
2299904.0
-3634688.0
-9728.0
-9464320.0
-2.4822784E7
-1.3231616E7
-1.3611008E7
-7805952.0
-5136896.0
-1.0400256E7
-3758080.0
-1.0596352E7
-1331200.0
3559424.0
7108096.0
5649920.0
-2428928.0
-4978688.0
1361408.0
4523520.0
3575808.0
6333952.0
810496.0
6070784.0
1.1692544E7
1.3581824E7
-168448.0
1.5570432E7
1.6111616E7
7996416.0
7015936.0
6840832.0
8239616.0
4438016.0
-4436480.0
-1.3157376E7
-8258560.0
6597632.0
7097856.0
9407488.0
3324928.0
5123584.0
1.1021312E7
1.2413952E7
1818624.0
1.256448E7
1.3194752E7
7676416.0
4942848.0
1.3725696E7
208896.0
6161920.0
7494656.0
3765760.0
1.2320256E7
1.074432E7
-7521280.0
2263040.0
1.0715136E7
6845440.0
7458304.0
-3049472.0
-1.5503872E7
-1.1746816E7
-1.31712E7
-2.1386752E7
-2.3000064E7
-1.5914496E7
-1.005568E7
-1.323776E7
-1.7521664E7
-1.0779136E7
-1.198848E7
-7232512.0
-758272.0
3191296.0
1899520.0
-739328.0
-170496.0
-971264.0
4822528.0
181248.0
-2319872.0
3909120.0
-7567872.0
-1.4539264E7
-1.1297792E7
6113792.0
-793600.0
-6011904.0
-4291584.0
-6173184.0
-2145792.0
-4257792.0
-8088576.0
-6453248.0
-5504512.0
-4838400.0
960512.0
-3002368.0
-3678720.0
-6164992.0
-6075904.0
-1.2402688E7
-2939904.0
-5730304.0
-6260224.0
-9469952.0
-4105216.0
-1748992.0
-4030976.0
-1.899264E7
-5622272.0
-8207872.0
-6817280.0
-3097088.0
-1.3780992E7
7227392.0
6426624.0
907776.0
-5025792.0
-5228544.0
1.0753024E7
1.5861248E7
1.1750912E7
1209856.0
-7071744.0
573440.0
8031744.0
1.3674496E7
6007296.0
4956672.0
-1.0168832E7
-3485184.0
-4298752.0
-7267840.0
-6102016.0
-1114112.0
-2844160.0
-2.0587008E7
-1.2785664E7
-3611136.0
-3186688.0
-4705280.0
-3326976.0
1931264.0
139776.0
503296.0
2743296.0
-9063424.0
-5786112.0
-769024.0
-1866752.0
-6219264.0
-1157120.0
-1245184.0
453632.0
4385792.0
8153088.0
1.0094592E7
7350272.0
9532928.0
1.1708416E7
-389632.0
2202112.0
4114432.0
-676352.0
1169408.0
5800960.0
1.2637696E7
456704.0
3459072.0
-1366528.0
-8336384.0
-5446144.0
-1690112.0
-9123328.0
-1.0473472E7
-1.1929088E7
-1.0564608E7
-6324224.0
-2957312.0
-2929664.0
-9573376.0
-9187840.0
-1444864.0
-6776320.0
-5266944.0
-813056.0
938496.0
-7997440.0
-1.008384E7
4812800.0
-2075648.0
-3504128.0
-988160.0
-138752.0
-4393984.0
9477120.0
7260160.0
3983872.0
5453312.0
8099840.0
-283136.0
-3926528.0
8231936.0
9101824.0
-3396096.0
1288704.0
3277824.0
-1.5502848E7
-9571840.0
-1.2915712E7
-6624256.0
629760.0
5512704.0
4301824.0
-5489664.0
-1.0822144E7
3670528.0
-1.083136E7
-1.4757888E7
-1.2364288E7
-4326912.0
-4654592.0
782336.0
4434432.0
-5094400.0
-3929600.0
-9727488.0
-8695808.0
-1.970688E7
-1.4406144E7
-1540096.0
-8041984.0
670720.0
8650752.0
8700928.0
-1.6789504E7
-2.7440128E7
-1.5403008E7
-1.0635776E7
-9625600.0
-7606272.0
-1501184.0
-1424896.0
-1518592.0
-6471168.0
-3471360.0
-1721344.0
-3816448.0
1474560.0
4909056.0
-1.3350912E7
-1.2473344E7
-80896.0
4946944.0
1.1813888E7
1.1437056E7
1129472.0
5345280.0
735744.0
-3894784.0
1040384.0
-1.4006784E7
-1.1470336E7
-3375104.0
-8886784.0
-4020736.0
-1787904.0
-659968.0
2761216.0
1.3188096E7
8722432.0
8865792.0
-2546688.0
-7404032.0
-1.1651584E7
-7407104.0
-4258304.0
-1.0990592E7
-7811072.0
-9098752.0
-6962176.0
-6848512.0
-8704.0
5133824.0
1.5531008E7
1.6012288E7
1.6085504E7
8634368.0
185856.0
9368576.0
1.047552E7
7870976.0
1.1835904E7
-3196416.0
-584192.0
-984064.0
7322624.0
6155264.0
9820672.0
-452096.0
-7463936.0
-1.0779136E7
-1.4245376E7
-1.056512E7
366080.0
-1.1480064E7
-1.2120576E7
-8788992.0
-8291840.0
4736512.0
3162112.0
1.0280448E7
3683840.0
-3340288.0
-6643712.0
-9308160.0
-9792512.0
-717312.0
3489792.0
6481408.0
4257792.0
-1062400.0
6799360.0
3848704.0
-3785728.0
-6945792.0
-6089216.0
3529728.0
-7751168.0
-1.2695552E7
-1624576.0
-2704896.0
722944.0
3624960.0
5408768.0
-6132224.0
-1.0187776E7
-1403392.0
3541504.0
546304.0
-1.0487808E7
-3926528.0
-1155584.0
779776.0
5320704.0
4791808.0
3175424.0
400384.0
1841152.0
4056064.0
3154432.0
125440.0
8449536.0
2671104.0
1309696.0
-4290560.0
-1.2708352E7
3758592.0
526848.0
4352000.0
3378176.0
5585408.0
5349888.0
1.5414784E7
1.7463808E7
1.2914688E7
1.2051968E7
1.782784E7
2.2092288E7
1.3611008E7
7586304.0
1.0446336E7
4466688.0
1.0134528E7
8514048.0
7825920.0
-1336832.0
5799424.0
2772480.0
-4340224.0
-1.1395584E7
-4094976.0
3610624.0
1.490176E7
-359424.0
3596800.0
8026624.0
150016.0
899072.0
8547328.0
8755712.0
3780096.0
48640.0
-1828864.0
-3375616.0
-3376640.0
900608.0
2421760.0
5341184.0
453632.0
899072.0
-511488.0
-4228608.0
-4363264.0
-6627840.0
3314176.0
-1114624.0
-1.302272E7
-6993408.0
-4514816.0
-5976576.0
-6878208.0
8608768.0
1.2565504E7
5512192.0
2204672.0
-2904064.0
-3915264.0
5852672.0
1.0714112E7
2040832.0
6648320.0
1.035008E7
5208064.0
-2209280.0
-1542144.0
-9477632.0
-3123712.0
4552704.0
-1.2060672E7
-1.09568E7
-8154112.0
-1.4447104E7
-7065600.0
4718592.0
4387328.0
-2382336.0
-4840960.0
-6361600.0
-6141440.0
-4367872.0
-3949568.0
-6256640.0
-1.6503808E7
-1.0609664E7
-2568704.0
4978176.0
8356352.0
-2630656.0
-1.279744E7
-328192.0
1.3768704E7
1.0264064E7
-3608576.0
-3382784.0
-8868352.0
-5508608.0
5702656.0
334848.0
-7784960.0
-4751872.0
-1937408.0
-2101760.0
-1902592.0
1583616.0
-2856448.0
-2723328.0
-2818560.0
3757056.0
8168448.0
9707008.0
1.4512128E7
7861248.0
-3011584.0
1817088.0
6316032.0
5680640.0
1.540096E7
1174528.0
3750400.0
-1051136.0
-1744896.0
-7215104.0
-554496.0
8174080.0
1.4309376E7
1.1628032E7
1.2596736E7
1.1692032E7
-1064448.0
-1376768.0
4002816.0
4624384.0
1700864.0
2389504.0
-1675264.0
188928.0
-1743872.0
-6957056.0
-2649088.0
2240000.0
-4510720.0
-993280.0
-7493632.0
-1.177088E7
899584.0
1368576.0
-1392640.0
-781824.0
-3770368.0
-5575680.0
1.3366272E7
1.1136E7
378880.0
-1.0075648E7
-4998656.0
1.2776448E7
7963648.0
3181056.0
2199552.0
-1518592.0
1546752.0
-2359296.0
-3188736.0
-393728.0
8225792.0
6026240.0
6234624.0
442880.0
-6141440.0
-1.4506496E7
-4017152.0
-2033664.0
-7682048.0
1621504.0
719872.0
-1.0729984E7
-9381376.0
-1.5315968E7
-1.4068736E7
-9169408.0
-8022528.0
-2155008.0
-916992.0
4245504.0
1.0064384E7
1.4759936E7
1.2260352E7
6917120.0
2387456.0
-2704384.0
6669824.0
9270784.0
4405760.0
-1.0722816E7
-9815552.0
-327168.0
1728000.0
806400.0
-2978816.0
-1613312.0
-8607232.0
-7541248.0
35328.0
3571200.0
-2439680.0
-2238976.0
2275328.0
7951360.0
8855040.0
-3080192.0
-1.5629312E7
-4573184.0
4926464.0
3803648.0
-4337664.0
-9804800.0
-7772160.0
-1.1334656E7
-5404672.0
-9387008.0
-1.26848E7
-7196672.0
-6466560.0
3216384.0
3586560.0
5767680.0
2967552.0
-2785280.0
-3639808.0
-7806464.0
-2862592.0
-4192768.0
-4491776.0
-1574400.0
7118336.0
1742336.0
4297728.0
7058944.0
9185280.0
6180864.0
8146944.0
853504.0
-8129536.0
-3201536.0
3005440.0
593408.0
-1713664.0
-4838912.0
2966528.0
1.4631936E7
2900480.0
-7373312.0
-2701312.0
2960384.0
-5891072.0
-5192192.0
-4233216.0
-668160.0
6064128.0
9619456.0
4958208.0
1.3792256E7
6750720.0
-382976.0
-310272.0
1590784.0
20992.0
-1.0046976E7
5964800.0
1.6871424E7
2.0425728E7
1.4406144E7
574464.0
-7897088.0
407040.0
1.312256E7
1.6895488E7
1.6625152E7
4215808.0
-2710528.0
-817152.0
-1.5130624E7
-1.1907072E7
5076480.0
3175936.0
1733120.0
1.2920832E7
1.1410432E7
4115456.0
-8584704.0
-1308672.0
-8489472.0
-9754624.0
4235776.0
9513984.0
1.2672E7
4967936.0
-8378880.0
-1.1843072E7
-1.122816E7
-8337408.0
-2625024.0
-1.1165184E7
-1.7240576E7
-1.6028672E7
-1.4423552E7
-9168384.0
-6944768.0
-9100288.0
-1.3644288E7
-6982144.0
-2445824.0
-7546368.0
-7062016.0
-2265088.0
-8509440.0
-1.1261952E7
-6815232.0
9595392.0
9370624.0
5394944.0
-6386176.0
-6131712.0
-4294144.0
809472.0
-1015808.0
-843776.0
-225792.0
-6477312.0
-1.5841792E7
-7042560.0
9735680.0
4152320.0
-3273728.0
7965184.0
2990592.0
836096.0
4579328.0
-7324672.0
1219584.0
845824.0
-3227136.0
-1.6519168E7
-1.9795456E7
-9421312.0
-6163456.0
-7535616.0
331776.0
-2561536.0
-5481984.0
813568.0
-9568256.0
8516096.0
-386048.0
-3745280.0
-1.0500096E7
-7034368.0
-6545408.0
106496.0
935936.0
-3528704.0
-2700288.0
2631680.0
3974656.0
4412416.0
-4433920.0
-1.8747904E7
-1.4225408E7
-1.4249984E7
-1.605376E7
-6945280.0
-3159040.0
685056.0
-2560000.0
-1.0020352E7
-7284224.0
-1.7734144E7
-1.2977664E7
-1.7637888E7
-1.6907776E7
-6667264.0
-8225280.0
868352.0
-427008.0
-1.181696E7
-689664.0
1664512.0
-2102272.0
-2706944.0
-2347008.0
4719104.0
3395584.0
1834496.0
1.6313856E7
1.370112E7
4586496.0
-5276160.0
-1.5179264E7
-4250112.0
1597952.0
3334144.0
1.2033536E7
1.2692992E7
9348096.0
3669504.0
-4324864.0
-678400.0
1.1727872E7
1.4181888E7
8902144.0
-4076032.0
-7168512.0
8755712.0
8664064.0
3524096.0
-5182464.0
-962048.0
7844352.0
9147904.0
-348672.0
-7664128.0
-1.1391488E7
-5022208.0
-1.1308544E7
-3321856.0
-7115776.0
-8062464.0
-1.3033984E7
-2.3642624E7
-2.2656512E7
-1.6748032E7
-1.776128E7
-2975744.0
1758208.0
62976.0
1.099264E7
1.4808064E7
7778816.0
-1673216.0
-1.3180416E7
-7987712.0
-3921920.0
-5480448.0
-4222976.0
-2176000.0
73216.0
4476928.0
2078720.0
-2862592.0
5120512.0
1.2000256E7
-2810368.0
-1.1765248E7
-2.3461888E7
-1.4038016E7
-1.3336576E7
-1.0902528E7
8117248.0
-4728320.0
-1598976.0
-2660352.0
-1.2366336E7
-1.4936064E7
-6538752.0
-1142272.0
-1.2209664E7
-1.5791616E7
-7501824.0
588288.0
-5233664.0
-1882112.0
1703936.0
2112000.0
8852480.0
1.6838144E7
5984256.0
4228096.0
1.2796928E7
5403648.0
1111040.0
-1192448.0
300032.0
3218432.0
1241600.0
7470592.0
1774080.0
-1125376.0
2929664.0
1.8266624E7
1.0790912E7
1.1575808E7
-583680.0
-6370816.0
-6255616.0
-2386944.0
7741952.0
-6286848.0
-9290240.0
2017792.0
-2447360.0
-1083392.0
3441152.0
3983360.0
7207424.0
1.530368E7
6547456.0
1.0609152E7
9623552.0
4563968.0
-5618176.0
-209920.0
9233408.0
1.911552E7
7512064.0
-4180480.0
2967040.0
7727104.0
2738176.0
8285184.0
4436480.0
2780672.0
-2835968.0
7140864.0
-2600448.0
2269696.0
1.1917824E7
1.083136E7
-7884800.0
-1.7972224E7
-1.1577856E7
1820160.0
-8524288.0
-9358336.0
-1.0320384E7
716288.0
-1.103872E7
-1.2928512E7
-4756992.0
5425152.0
3620864.0
6699008.0
-316416.0
-6643200.0
-1.5827456E7
-1.6098816E7
-1.320704E7
-1.0438656E7
-1638400.0
-9345536.0
-1.4404608E7
-1.4004736E7
-1.5041024E7
-1.6E7
-4384768.0
3674624.0
3821568.0
1722368.0
1.7329664E7
1.0446848E7
6865920.0
8387584.0
1943040.0
-6876672.0
-1.4222336E7
1852928.0
1.6594944E7
1.0797056E7
1.2441088E7
3866112.0
9852416.0
1.9129344E7
1.3659648E7
1.2386816E7
1.4849536E7
1.2830208E7
9781248.0
1.4489088E7
2.2809088E7
2.414848E7
1.2064256E7
4486656.0
4617216.0
-2631168.0
1542144.0
1.3420544E7
6585344.0
5116928.0
6823936.0
-1194496.0
-9158144.0
-1.7344E7
-1.691136E7
-7119360.0
-849920.0
-163328.0
5646336.0
3570176.0
1.049088E7
1.3365248E7
1.149184E7
1.3109248E7
1.190912E7
7903744.0
1.3179904E7
1.6964608E7
6269440.0
-712704.0
1.1362816E7
1.149952E7
1.2644864E7
4108800.0
-3319296.0
-8325632.0
-1.3851648E7
-9789440.0
-898048.0
3637248.0
2294784.0
5045760.0
-1.150464E7
-2993664.0
7843328.0
1.1468288E7
1.1779584E7
1.0853888E7
-1.3060608E7
-6355456.0
5612032.0
2732544.0
7937536.0
1.6603648E7
5758464.0
94208.0
884224.0
6327296.0
5201920.0
-7940608.0
-1.5101952E7
-1.3771264E7
-1.4702592E7
-1.5717376E7
-7240192.0
2272768.0
8023552.0
1.519616E7
7132160.0
-1310720.0
4362752.0
-14336.0
-6336000.0
-3172864.0
8980480.0
6410752.0
1.43616E7
6312448.0
830976.0
5201408.0
1347584.0
7076864.0
-6044672.0
-6593536.0
-4541952.0
2305024.0
3399168.0
229376.0
-6544896.0
-1046016.0
-6474240.0
-3331072.0
-1.3772288E7
-1.9943424E7
-1.1656192E7
-3324416.0
-1.120256E7
-722432.0
1.2819968E7
1.1411456E7
-2689536.0
2705920.0
1.024E7
1.4053888E7
-272896.0
-4826112.0
-6028288.0
-2920960.0
5891584.0
1.0093568E7
4020736.0
1693184.0
-1.9443712E7
-2613248.0
1.1354624E7
509952.0
-2317312.0
6181376.0
6517760.0
7717376.0
1.0521088E7
8232960.0
4711936.0
1.4694912E7
3717120.0
9229824.0
2.0034048E7
9497600.0
-1.5155712E7
-7305216.0
3118592.0
8064512.0
1.3640192E7
1.2548096E7
-3544576.0
-2117632.0
770560.0
672768.0
-4551168.0
-5466624.0
-3641856.0
-1.4644736E7
-1.7857024E7
-1.903616E7
-9869312.0
-1014784.0
6816256.0
4055040.0
-1058816.0
-1.3019136E7
-1.0116608E7
-1.0776064E7
-1.142528E7
-8432128.0
-4143616.0
-9849344.0
-8756736.0
-5708800.0
-8424448.0
-1332224.0
-4807680.0
-1.225984E7
-1.3192704E7
-6764544.0
-2451456.0
-1.0039296E7
-1.2038656E7
-1.2571648E7
-1.8487296E7
-1.5586816E7
-1.5567872E7
-5457920.0
-3048448.0
-6537728.0
-1.083136E7
731648.0
6078976.0
-717312.0
-216576.0
-1635840.0
-1.2990976E7
-1.6099328E7
-8729600.0
-7324672.0
-3773440.0
1.1338752E7
2.4470528E7
8728064.0
-6836224.0
6518272.0
-2473984.0
-5446144.0
-1.0315264E7
-3795456.0
-7583232.0
-3394560.0
-92160.0
1.010944E7
-3172352.0
-3659264.0
-8829440.0
-8614400.0
-7727616.0
451072.0
8189440.0
1.3919744E7
1.056768E7
2345984.0
1.2709376E7
1.7174528E7
9672704.0
1.292032E7
960512.0
-7862784.0
-4623360.0
4125184.0
7916032.0
1.0307584E7
1.1228672E7
1.4273024E7
-1264128.0
-1205760.0
-2977792.0
-8556032.0
-7419904.0
-1.3628928E7
-6299648.0
553984.0
-1.2581888E7
-3019776.0
-2759168.0
-3031552.0
-7435776.0
-3632128.0
1.175552E7
878080.0
-1943040.0
2747904.0
-1764864.0
-7968256.0
-2482176.0
-9528320.0
-1.0165248E7
-1.0678784E7
-9319424.0
-1.2883968E7
-1.5705088E7
-2260992.0
5100544.0
1.1373056E7
3401728.0
-3399680.0
-9723392.0
-2.3782912E7
-2.0291072E7
1185792.0
1.2363264E7
1.0558976E7
213504.0
-1015296.0
1854976.0
-250368.0
1643520.0
1373184.0
-8152576.0
-6275584.0
-1.1804672E7
-1.7467904E7
-1.2779008E7
-1.2018688E7
-1.2435968E7
-2.0314112E7
-6231040.0
873472.0
8854016.0
149504.0
-1.2429824E7
-1.6116736E7
-2875904.0
-1.119488E7
-7394816.0
3008512.0
3368448.0
5864448.0
-5191680.0
-316416.0
3960320.0
263680.0
-9060352.0
-1.1038208E7
-1.0927616E7
-7998976.0
204288.0
-9158144.0
-6621184.0
4590592.0
5178368.0
5794816.0
6904320.0
997888.0
780288.0
5983744.0
3725824.0
1.0850816E7
1.84576E7
8061952.0
-8038400.0
-3244032.0
1.449728E7
1.7472512E7
7646720.0
5891072.0
4954112.0
1.0102784E7
9926144.0
3646976.0
5096960.0
-3377664.0
-3399168.0
-2497536.0
-5352960.0
-9755648.0
-5824000.0
6393344.0
5120000.0
-6888960.0
410112.0
-6290944.0
1803776.0
4473856.0
-4820992.0
-8963072.0
-1.2626944E7
-8830464.0
-2769920.0
-6807552.0
-4399616.0
-3809792.0
5563392.0
3255808.0
-3249152.0
-7842304.0
-1.2873216E7
-9370624.0
5647872.0
-1285120.0
1.1568128E7
9617920.0
8423936.0
1.7571328E7
7180288.0
-6561792.0
-8139264.0
-1280000.0
6110720.0
-2893312.0
-6600192.0
-5662720.0
2476032.0
806912.0
-8321536.0
-1.0827264E7
-1.6707072E7
-1224704.0
1.1689472E7
1.1518464E7
9936384.0
8241152.0
4533248.0
-8054784.0
-2821632.0
8135168.0
7103488.0
-347136.0
-4413952.0
7504896.0
5715968.0
-3395584.0
3011584.0
6359552.0
6430720.0
3465216.0
-1296896.0
-2937856.0
1.1198976E7
8479744.0
1276928.0
-3192832.0
-1804800.0
6615552.0
1.6824832E7
1.2804608E7
1.3620224E7
1.2715008E7
4409856.0
-1189376.0
-2711040.0
-8039424.0
-51200.0
-1385472.0
-3416576.0
-6744064.0
-971264.0
2653696.0
-1396224.0
-181760.0
-7404032.0
-2754560.0
4782592.0
4776448.0
1882112.0
-4985856.0
-2934272.0
-4164608.0
2397696.0
3827712.0
-2425856.0
-8459264.0
-1.0499584E7
1603072.0
9194496.0
4021248.0
-9902592.0
-1.921024E7
-1.261568E7
-1235968.0
-4551168.0
-4361728.0
-5957120.0
-1.2527104E7
-1.2028928E7
-1.3072384E7
-7854592.0
-738304.0
-1.2666368E7
-7494656.0
-7864320.0
1341952.0
8312832.0
132608.0
-8283648.0
-1.2801536E7
-1.2174336E7
-7904256.0
-1.0843136E7
-1.0897408E7
-1.187584E7
-8917504.0
-1.5428096E7
-1048064.0
7604736.0
1201152.0
-5933568.0
8657408.0
9050112.0
1253888.0
3409920.0
-1963520.0
3922432.0
1.6873472E7
2.0916224E7
3.0837248E7
4.3235328E7
5.6784896E7
7.0670848E7
8.898816E7
1.2068864E8
1.53974272E8
1.49811712E8
1.36671744E8
1.13720832E8
9.5855104E7
6.0913664E7
4.2665472E7
3.471872E7
1.2353536E7
3741184.0
1.3920256E7
1.1204096E7
-2619904.0
-4730368.0
788992.0
-1.1890688E7
-881664.0
5786112.0
-1800192.0
-3437056.0
-8519168.0
317952.0
-137728.0
2588160.0
-4867072.0
-6116352.0
-2.0916224E7
-2.056704E7
-1.4533632E7
-4464640.0
-2012160.0
-1.1003392E7
-752640.0
-1.0032128E7
-2.0414976E7
-2.1851648E7
-4656640.0
-9930240.0
-2559488.0
4519424.0
8980992.0
1.04448E7
1.056E7
1.7230848E7
1.7700352E7
1.9300352E7
1.5151616E7
1.044736E7
7329792.0
-3552256.0
-5072384.0
-1030656.0
4911616.0
1.4182912E7
1.9563008E7
2.2226432E7
1.0159104E7
4694016.0
-2023424.0
4860928.0
-3146752.0
-4796416.0
-3651584.0
-9522688.0
-1.6108544E7
-1.5723008E7
-7573504.0
-3183104.0
-1.40928E7
-7627776.0
-1.1470848E7
-3463168.0
-1.120768E7
-7583232.0
5609472.0
9292800.0
5513728.0
1276416.0
1235456.0
6714880.0
3055616.0
-1472000.0
8801792.0
1.2568576E7
1.1196928E7
1.19296E7
8542208.0
1.1349504E7
-528896.0
-9920000.0
-185856.0
-2724352.0
-1.0458112E7
-9612800.0
-2648576.0
-2160128.0
8308736.0
7613440.0
4705280.0
5783040.0
6110208.0
-9142784.0
-6296576.0
593408.0
9682432.0
3268096.0
-1507840.0
-2429952.0
2038272.0
615936.0
1.0033152E7
1.2204032E7
3148800.0
-2843648.0
837632.0
6793728.0
2094080.0
-9879552.0
-1.680896E7
-4478464.0
-1048064.0
9502208.0
1.7394176E7
1.1201024E7
1.4233088E7
1.3596672E7
5469184.0
4768768.0
2938368.0
1507328.0
3736064.0
2491392.0
-1524736.0
-222720.0
-446976.0
-7351296.0
-3078656.0
6790144.0
4332032.0
4490752.0
3869696.0
1.032448E7
9726464.0
3993088.0
-70144.0
6798848.0
8834560.0
-1810432.0
9823744.0
7413760.0
-1862144.0
1.5202304E7
1.136128E7
6141952.0
1.1603456E7
5344256.0
-5352448.0
-1106944.0
3326976.0
2302976.0
-396288.0
8078848.0
1.3894656E7
1.3928448E7
2930688.0
6215680.0
2.0174336E7
2.0698112E7
7913472.0
9790464.0
7452160.0
1.4586368E7
8291328.0
1.205504E7
1.2363776E7
1.4718464E7
2.219264E7
2.3398912E7
6988288.0
-5390336.0
7293440.0
1.3174784E7
2.6770432E7
2.3026176E7
1.0229248E7
2.191872E7
1.3508096E7
5598720.0
1.3325824E7
1.2939776E7
7042560.0
-2451968.0
-2046976.0
1.6201728E7
2.2209024E7
1.8416128E7
2.4677888E7
2.0631552E7
6320128.0
2953728.0
-5708288.0
6255104.0
3564032.0
1273856.0
4193792.0
1.1209216E7
1.9319808E7
8146432.0
-3760640.0
-6307840.0
-6453248.0
-7812096.0
140288.0
5267456.0
709120.0
-6445568.0
2119168.0
4600320.0
8071680.0
1.1209216E7
8062976.0
1.5846912E7
7382016.0
2436608.0
2327552.0
4941312.0
7666688.0
2093056.0
1.0225664E7
-630272.0
-6265856.0
3314688.0
-1.3799936E7
-1.1527168E7
-1675264.0
1.0904576E7
8867328.0
1.3485568E7
1.8707456E7
1.9045376E7
1.4955008E7
2.0933632E7
1.5499264E7
2.8021248E7
2.471936E7
2.163456E7
1.865472E7
2.3556608E7
3.1382016E7
3.952128E7
2.9646336E7
1.8625536E7
1.9077632E7
1.47072E7
1.8419712E7
1.3853696E7
3566592.0
5295616.0
1.3453824E7
1.5939072E7
1.3615616E7
1.2747264E7
1.6260608E7
1.7457152E7
2.6370048E7
1.7603072E7
9019392.0
7781376.0
4131840.0
-1044992.0
-2654208.0
-3662336.0
-7193600.0
5275136.0
1752576.0
4669952.0
2.323456E7
2.2658048E7
1.9738112E7
1.4605824E7
2.6293248E7
1.6017408E7
4326912.0
9511936.0
1.84192E7
2.191872E7
2.1814272E7
2.9233152E7
2.6765824E7
2.7497472E7
2.5668608E7
3.734016E7
3.911936E7
4.3167232E7
4.8493568E7
5.26848E7
5.8538496E7
5.2665344E7
5.0755072E7
4.9708032E7
5.596416E7
6.4009728E7
5.599488E7
5.2406272E7
4.7967744E7
2.3046144E7
1.974528E7
1.76128E7
6636544.0
6274560.0
2.352128E7
3.8355456E7
3.2569856E7
2.688E7
2.7997184E7
3.4849792E7
3.323904E7
2.73408E7
2.4879104E7
2.7191296E7
3.5264512E7
3.9462912E7
5.8780672E7
6.4306688E7
7.6248576E7
9.9030528E7
1.13476096E8
1.2173568E8
1.30341888E8
1.38114048E8
1.35008768E8
1.24174848E8
1.11367168E8
1.1817216E8
1.30566144E8
1.71730944E8
2.06878208E8
2.50589184E8
3.03331328E8
3.49003776E8
4.0504832E8
4.5562112E8
4.90837504E8
5.4464E8
6.04430336E8
6.78248448E8
7.72704256E8
8.7310592E8
9.9648768E8
1.170651136E9
1.437469696E9
1.838833664E9
2.339411968E9
2.972869632E9
3.756286464E9
4.712854016E9
5.950194176E9
7.60840192E9
9.914051072E9
1.3198166016E10
1.7722728448E10
2.298176E10
2.7106128384E10
2.8006543872E10
2.5752986112E10
2.207663616E10
1.8024918528E10
1.3939220992E10
1.0212021248E10
7.225972736E9
5.192228864E9
3.955853312E9
3.18600704E9
2.670501376E9
2.290286592E9
1.978900992E9
1.681335296E9
1.41538304E9
1.186844672E9
1.004178432E9
8.55557632E8
7.29343488E8
6.24609792E8
5.42228992E8
4.66647552E8
4.18308608E8
3.864448E8
3.60223232E8
3.39678208E8
3.52041472E8
3.72112384E8
3.76033792E8
3.69954304E8
3.58551552E8
3.36966144E8
3.11245312E8
2.96655872E8
2.79586816E8
2.46998016E8
2.4372736E8
2.35141632E8
2.43761152E8
2.44215296E8
2.49691136E8
2.52581888E8
2.45535232E8
2.49022976E8
2.4103168E8
2.21518336E8
1.95391488E8
1.86409984E8
1.90798336E8
1.78515456E8
1.73079552E8
1.68910848E8
1.61859584E8
1.63436032E8
1.70324992E8
1.53693184E8
1.53293824E8
1.45458176E8
1.28182272E8
1.15472384E8
1.09059584E8
1.04661504E8
1.04367616E8
1.0671872E8
1.11263232E8
9.4330368E7
8.6116864E7
8.4096E7
9.635584E7
9.8556928E7
8.5408256E7
7.8210048E7
7.9903744E7
8.5382144E7
1.03189504E8
1.12695296E8
1.11547904E8
1.06813952E8
1.03771136E8
9.8019328E7
8.0029184E7
7.501824E7
8.0699392E7
8.4163072E7
8.5852672E7
9.1244032E7
9.7613312E7
1.06927104E8
1.07470336E8
1.1248896E8
1.14941952E8
1.08116992E8
1.07474432E8
1.05639424E8
1.10836736E8
9.787136E7
8.6002688E7
7.0417408E7
6.189312E7
7.0258688E7
6.9068288E7
5.9593728E7
7.2793088E7
6.5841152E7
6.25792E7
6.3028224E7
5.9835392E7
5.8274304E7
6.8094464E7
8.2579968E7
6.935808E7
6.9277184E7
6.3181312E7
4.313088E7
5.7614848E7
5.8500608E7
6.0964864E7
6.4284672E7
6.1575168E7
6.3540736E7
4.3584512E7
4.9389056E7
5.9095552E7
5.1074048E7
5.2091904E7
4.331008E7
3.6666368E7
4.0779264E7
4.6659584E7
3.9719936E7
3.2883712E7
4.0369152E7
2.5953792E7
1.8400256E7
3.349248E7
3.95648E7
4.9001472E7
5.627392E7
4.928512E7
4.3920384E7
4.884992E7
4.7186944E7
2.8397568E7
4.2463744E7
4.3774976E7
4.5372928E7
4.505856E7
4.1957888E7
4.0451584E7
3.130112E7
4.5093376E7
4.6803456E7
4.0621568E7
4.6511104E7
5.3469696E7
4.6925824E7
4.1094144E7
3.6763136E7
3.98848E7
4.3551744E7
3.4746368E7
3.9177728E7
4.9300992E7
5.0722816E7
3.092992E7
3.1420928E7
2.5908224E7
2.7451904E7
2.2144E7
2.2426112E7
3.1309824E7
2.6231808E7
2.7066368E7
3.1224832E7
2.9415936E7
2.7497984E7
2.585344E7
1.7491456E7
1.6459776E7
1.5543296E7
1.209856E7
2.1284352E7
2.788864E7
3.4062336E7
2.2121984E7
2.7328512E7
2.7992576E7
1.3815296E7
2.0130304E7
1.2955648E7
1.3859328E7
2.6114048E7
2.278656E7
1.9446784E7
1.0524672E7
9113088.0
1.4509568E7
1.6768512E7
8988160.0
3272704.0
-7333888.0
-1259520.0
1.6255488E7
9936896.0
2.2984704E7
2.2512128E7
2.2219264E7
3.30112E7
2.5394688E7
1.4861312E7
1.2170752E7
8061440.0
1.5990784E7
2.3683584E7
1.5574528E7
8584704.0
7238144.0
1.3400576E7
2.8883968E7
3.1616512E7
1.4701056E7
1.6410112E7
1.256704E7
7970304.0
5725696.0
6901760.0
9140736.0
1.5123456E7
1.4351872E7
1.1954176E7
1.4897152E7
2.0829184E7
3.217152E7
2.1297664E7
5771264.0
1.3361664E7
1.019648E7
1.5777792E7
1.6508928E7
1.980928E7
2.247936E7
2.6592256E7
2.3945728E7
2.17984E7
3.1125504E7
2.0858368E7
1.3417472E7
1.7915904E7
9585152.0
2.0071936E7
2.2715904E7
2.3367168E7
2.14528E7
1.5059968E7
1.495296E7
1.4751744E7
8780288.0
1.3740544E7
1.2979712E7
1.6037376E7
2.1223936E7
1.6515072E7
1.4541824E7
2.3673344E7
2.43072E7
1.338368E7
1.3490176E7
1.6487424E7
2.3193088E7
3.129088E7
2.5511424E7
2.6500096E7
3.6655616E7
3.0491648E7
2.7735552E7
2.7175936E7
2.4069632E7
9286144.0
1.6390656E7
1.7417216E7
7785984.0
-1990656.0
1.2909568E7
2.7682816E7
3.321088E7
2.5857024E7
2.3650304E7
1.109248E7
1.1526656E7
8849920.0
1.5512064E7
8942592.0
5902848.0
1.0275328E7
1.9163136E7
2.4753664E7
1.3469696E7
1.9789824E7
2.8763648E7
2.1566976E7
1.9874304E7
1.2982784E7
1.07776E7
1.2263936E7
1.5491072E7
3843072.0
-6978560.0
-460288.0
1.3292032E7
1.8396672E7
1.6887808E7
1.7606656E7
1.51424E7
1.3797376E7
1.2340224E7
1.4451712E7
1.0743808E7
8798208.0
7435264.0
1.8076672E7
2.3788544E7
2.86464E7
3.124992E7
1.5412736E7
1.751552E7
1.0215936E7
1.2194816E7
-804864.0
1.7677312E7
9223168.0
-3003392.0
-7884288.0
-2116096.0
5445632.0
7049216.0
1.6410624E7
1.112576E7
1.5423488E7
3.0461952E7
1.4210048E7
5057024.0
7471616.0
1.3113856E7
2.0917248E7
2.0931584E7
1.4065152E7
1.314816E7
1.3018624E7
2.1758464E7
1.9333632E7
1.9920896E7
1.842688E7
1.862144E7
9160704.0
1.2340224E7
1.6764928E7
1.2568064E7
1.5489024E7
2.1800448E7
2.9945344E7
2.565888E7
2.5590784E7
4.0538112E7
4.3542528E7
4.2827776E7
5.1944448E7
5.9743232E7
7.4287104E7
9.037824E7
1.20521216E8
1.49019648E8
1.58400512E8
1.51871488E8
1.2470016E8
1.00793856E8
8.6546432E7
5.81888E7
3.711488E7
2.9220864E7
3.2259584E7
3.1406592E7
2.9607424E7
2.3823872E7
1.419776E7
-2811392.0
-4892160.0
2507776.0
3696640.0
4053504.0
1573888.0
-1.0589184E7
-1880576.0
-1106432.0
-1003008.0
-2300928.0
6072832.0
7747072.0
1.036288E7
-3749888.0
-2999296.0
3520512.0
5076992.0
1974784.0
-4219904.0
2330624.0
1.21728E7
6446592.0
8589312.0
1.2678144E7
5158400.0
-3652608.0
310784.0
3057664.0
1.3166592E7
5599744.0
3258880.0
709120.0
154112.0
5993984.0
9585152.0
7501824.0
-1392128.0
1.2069376E7
-680960.0
1826816.0
6098432.0
3336704.0
2181120.0
358912.0
9785856.0
7772672.0
-4123648.0
-9004032.0
9269760.0
9077760.0
4886528.0
9265664.0
7992320.0
1.277696E7
1.6131584E7
1.2806144E7
1209856.0
-2581504.0
-540160.0
1.3562368E7
1.9271168E7
5710336.0
54784.0
1509888.0
-2810880.0
-1.5316992E7
-6203904.0
-7198208.0
-7769600.0
-1.9831808E7
-2.2862848E7
-9483264.0
-8724480.0
-5282816.0
947712.0
4094464.0
-1.0361344E7
-5099008.0
-4276736.0
-6257152.0
4708352.0
2387456.0
1184256.0
9900032.0
1.1045888E7
-2962944.0
-6807552.0
6881792.0
8077824.0
6537728.0
5570048.0
2318848.0
1.0801152E7
1.2563968E7
-311808.0
-107008.0
4335104.0
1651200.0
3102208.0
1.1433472E7
1.5983104E7
1.5598592E7
1.1564032E7
2224128.0
3225088.0
9645568.0
1.0596864E7
1.2911616E7
1093632.0
2802176.0
9181184.0
13824.0
411136.0
3219456.0
3868672.0
-9406464.0
-845824.0
-5156864.0
-2787328.0
4043264.0
1.1010048E7
1.5106048E7
1.8248192E7
6199296.0
-9863680.0
2253824.0
1.4048256E7
1.7844736E7
7421952.0
-5509120.0
-9083904.0
-8412672.0
-9139712.0
-8403968.0
-2902016.0
-2988032.0
3664896.0
8355840.0
1.2637696E7
8948736.0
-1472000.0
2294784.0
5997056.0
1980416.0
-1395712.0
7524864.0
1.9487744E7
8416256.0
68608.0
-4120576.0
-137216.0
1.1140096E7
6034432.0
-1812480.0
1388032.0
2861568.0
6471680.0
1.9103744E7
1.8110464E7
5817344.0
2817024.0
-795136.0
2252800.0
4778496.0
5283328.0
-3703296.0
-2215936.0
3044352.0
833024.0
-1507328.0
-2762752.0
-6825984.0
-1.2855808E7
-2694656.0
-1.1512832E7
-7794688.0
-1.225216E7
-7256064.0
-1024512.0
4011520.0
1.4536192E7
5620736.0
1.0973696E7
3421184.0
-1517568.0
-10752.0
-5975552.0
-1.701376E7
-2.2526464E7
-9501696.0
-4337152.0
6457856.0
5850624.0
271872.0
-1.0534912E7
-4416512.0
1592832.0
-2053632.0
-3178496.0
2287616.0
5489152.0
1586688.0
5828096.0
1.863424E7
1.38624E7
1.021952E7
-6990848.0
-1561088.0
6941184.0
6753792.0
-4587008.0
-3026432.0
1.1465216E7
5573120.0
-5827072.0
-1.113344E7
-7026176.0
6328832.0
1.5476736E7
1.4593536E7
1.14688E7
1252352.0
-3090944.0
-2013696.0
3692544.0
5964288.0
-6860288.0
-1.2791808E7
-252416.0
5718528.0
4322816.0
1.5801344E7
1.7739264E7
1.2094464E7
7715840.0
1.4125568E7
2275328.0
-1.5793664E7
-1.3884416E7
-1.1369984E7
-5424128.0
-8961024.0
-9609728.0
7831552.0
1.0072064E7
1252352.0
1509888.0
5245440.0
1452544.0
-7167488.0
-4216832.0
3164160.0
8409088.0
-5612544.0
595456.0
4009472.0
-1095680.0
6486016.0
-1.1174912E7
2500096.0
-3954176.0
-1.205248E7
-1.095936E7
-7682560.0
1612800.0
-1.1808256E7
-9687040.0
-1.4527488E7
-8164864.0
-2503680.0
2107904.0
5750272.0
1.633792E7
1.602304E7
1.4652928E7
8404480.0
5708288.0
1732608.0
2877952.0
-2453504.0
-668160.0
-5775360.0
-909824.0
-2277888.0
-3183104.0
-6688768.0
-2668544.0
3277824.0
617984.0
5007872.0
2355200.0
-2.0908544E7
-7541760.0
4718592.0
4229632.0
4603904.0
3879424.0
1.1165184E7
1.6101888E7
1.219328E7
1.5924224E7
1.649664E7
1.7988608E7
5595648.0
-1671168.0
-1931776.0
-5802496.0
-1372672.0
-2286080.0
6918656.0
5290496.0
-475136.0
5607424.0
-1198080.0
-1.460224E7
-2.0739072E7
-1.1601408E7
-4950528.0
-6565888.0
-1.0649088E7
-9524736.0
-7218176.0
-1119744.0
-1.133568E7
-5688320.0
2558464.0
2975232.0
-5535744.0
6054912.0
6472192.0
1.29664E7
-177664.0
-9872384.0
-3325952.0
4244480.0
-3065344.0
-5719552.0
-299520.0
-7321088.0
1.340672E7
1.651712E7
1.5030272E7
9314816.0
7984128.0
9645056.0
5520384.0
8962048.0
1.448192E7
1.766656E7
5302784.0
233984.0
-4073472.0
646656.0
5841920.0
1.2226048E7
1163264.0
-7585280.0
-9874944.0
2484736.0
9049088.0
1.3056512E7
5800448.0
5133824.0
5923840.0
6315520.0
1.021696E7
-3653120.0
3049984.0
1.200384E7
2.0696064E7
1.3423616E7
1.9216896E7
1.256704E7
9947136.0
9202688.0
6723584.0
1.3540864E7
1.0996224E7
2.3621632E7
6040576.0
-3417600.0
-5023232.0
-2050560.0
1708032.0
-6425088.0
1870848.0
2204672.0
-5400576.0
-7211008.0
-2881024.0
-1.4605824E7
-1.138688E7
-2429952.0
1645568.0
-2976768.0
-9851904.0
-948224.0
1.2570624E7
1.1805184E7
1.611008E7
8895488.0
-7686656.0
-6198272.0
5940224.0
7047680.0
7537152.0
8073728.0
6302208.0
1.0426368E7
-2303488.0
-48128.0
5287936.0
2758144.0
2867200.0
1645568.0
-204800.0
1027072.0
639488.0
2482176.0
2.1054976E7
1.875968E7
1.2278272E7
2178048.0
-849408.0
2480128.0
300544.0
-563712.0
-2312704.0
-7228416.0
-5510656.0
-5962240.0
-1.0801664E7
-1.4244864E7
2223104.0
4601856.0
-1056256.0
-1138176.0
-6040576.0
-1.5205888E7
-1.520384E7
-7290880.0
-1502208.0
-7259648.0
-1.0733568E7
-5452288.0
-7051264.0
-1.5973888E7
-7924736.0
-1.4303744E7
-8231424.0
-1.01632E7
-7318528.0
-3741184.0
564224.0
-1766912.0
-3478528.0
-8153088.0
1989632.0
-1200640.0
-9568256.0
-5168128.0
-1196032.0
-5924352.0
-2044416.0
-5030400.0
3300352.0
1427968.0
-4851200.0
4966400.0
3526144.0
-682496.0
-1607168.0
-2431488.0
9122816.0
9530880.0
4748800.0
566784.0
-8438784.0
-1102336.0
-1.1073024E7
137216.0
374272.0
8982528.0
8869888.0
4694528.0
7390720.0
1.3100544E7
1.15968E7
9811968.0
3960832.0
47104.0
-181248.0
-1189888.0
-8604672.0
-1.1570176E7
-4145664.0
5492736.0
-8662528.0
-8268288.0
521216.0
-1.4232576E7
-1.3033472E7
-2948096.0
6466048.0
6169600.0
1586688.0
-1.0274304E7
-6782976.0
1.2645376E7
1.4020608E7
7705088.0
-4621312.0
-1.2217344E7
-1.0829824E7
-6530048.0
2769408.0
-4581376.0
-1608192.0
-2911232.0
-1.1248128E7
-245760.0
1.4392832E7
1.9362816E7
4979712.0
1.426944E7
1.1622912E7
1.0394112E7
2.1021184E7
1.2391936E7
1.3047808E7
2333184.0
-5358080.0
-1.80992E7
-1.0067968E7
-7881216.0
-1.4159872E7
-1.0894336E7
-1.231872E7
3471872.0
1.1912704E7
-54784.0
-1.6566784E7
-9615360.0
-1.2247552E7
-8250880.0
3146240.0
1.2601856E7
1.0996736E7
7263232.0
-718336.0
-1851392.0
-4902400.0
-2.1028864E7
-1496064.0
1098240.0
1.3693952E7
1.2796416E7
1.3187584E7
1.1296256E7
135168.0
3801088.0
4623360.0
-4400128.0
-2266112.0
-4261376.0
-274432.0
-3027968.0
-8161792.0
8107008.0
9472512.0
1.3036544E7
1.3320192E7
-724992.0
2747392.0
3323904.0
-936448.0
4228096.0
1.2654592E7
1.0540032E7
-537600.0
9865216.0
-704512.0
4698624.0
4852224.0
-2329600.0
-1.8673664E7
-4367872.0
-1714176.0
-1.1556864E7
-1.5363072E7
-4331520.0
-1.1076096E7
-5584896.0
-4404736.0
-7022592.0
-1.2640256E7
-6422016.0
-9915904.0
5886976.0
1.1918848E7
6127104.0
1.3069824E7
8468480.0
4434432.0
8045568.0
6713344.0
3612160.0
6123008.0
1258496.0
-1662464.0
4433408.0
1.6157696E7
2.3416832E7
7615488.0
-17920.0
9910272.0
1.8127872E7
4174848.0
8370176.0
1.0123264E7
2204160.0
-5252096.0
-2702848.0
-9449472.0
-1.3350912E7
-2.440192E7
-1.357312E7
925696.0
4346880.0
1.4058496E7
1.653504E7
1.6173568E7
239104.0
-1.436672E7
-4589568.0
-399872.0
-2659328.0
-3066368.0
-3040768.0
1044992.0
-274944.0
-5997056.0
4913664.0
428032.0
630272.0
-8972288.0
-6339584.0
-7104000.0
-1.1721728E7
-1.1903488E7
-1261568.0
846848.0
436224.0
753664.0
6132224.0
9874432.0
1.2647936E7
1.0236416E7
7057920.0
721920.0
-5843456.0
-1.2753408E7
-5455360.0
-8275456.0
-4853248.0
-460288.0
265216.0
876544.0
1925120.0
-6307328.0
-3404800.0
1.097728E7
2103296.0
3256320.0
-660992.0
2872832.0
9790464.0
7109632.0
1124864.0
506368.0
-3149824.0
2570752.0
1.1445248E7
9669120.0
-999936.0
-9612800.0
-1958400.0
1244160.0
3559424.0
-422400.0
-1.16608E7
-1.0049536E7
-1.3746176E7
-1.227776E7
-9104896.0
-1.3935616E7
-2003968.0
-5387776.0
-9750016.0
-612864.0
4922368.0
-24064.0
-1.0212864E7
-3527680.0
963584.0
-3346944.0
-3723776.0
-1.1045376E7
-1.150464E7
-1.542144E7
-1.2401664E7
-1461760.0
3554816.0
7347712.0
2018304.0
3781632.0
3382784.0
5353472.0
1.1183616E7
1.037056E7
5266432.0
-1.1139072E7
-7849984.0
-1652736.0
-3916288.0
-5994496.0
-5341184.0
-7595008.0
-7558656.0
-3035648.0
9958912.0
3580928.0
-4700672.0
-4397568.0
-6011392.0
-6011392.0
-1.4298112E7
-8444928.0
-5204992.0
3386880.0
-1154048.0
4354048.0
3339776.0
-2888704.0
2358272.0
-4351488.0
-274432.0
3155456.0
7147520.0
-1442816.0
-2865664.0
-3197952.0
2425344.0
-647168.0
-1.5468032E7
-1.233664E7
-6177280.0
-1.0555392E7
-65536.0
5296128.0
-8898560.0
-1.3139456E7
829440.0
9128448.0
1.4391808E7
8177152.0
5641728.0
5164032.0
4292096.0
-2452480.0
-452096.0
-2273792.0
-9483776.0
-9011712.0
-559616.0
-5795840.0
-1.0942464E7
-1.909504E7
-1.1132416E7
-6800896.0
8287744.0
9360896.0
1.1908096E7
1.115904E7
1405440.0
2866688.0
-6671872.0
-1.3495808E7
3045376.0
-4727808.0
-4051456.0
3707904.0
-9148416.0
-2489344.0
3714048.0
2592256.0
248320.0
-841216.0
-6787584.0
-3450368.0
1.0351616E7
5598720.0
-8939520.0
6305280.0
7236096.0
3580416.0
-2473984.0
-1820672.0
-1.1444736E7
-4800000.0
1.0584576E7
6235648.0
3023360.0
2609152.0
-1900544.0
723456.0
-1206272.0
1861120.0
5706240.0
9088512.0
1.1798528E7
2297344.0
348672.0
-4230656.0
1082880.0
-4734464.0
-1561600.0
7278592.0
-4458496.0
4267008.0
3414528.0
-3962368.0
1.0353664E7
-2351104.0
1523712.0
1.1342336E7
5641728.0
-1788928.0
-1.5835136E7
78848.0
-1220096.0
2166272.0
9491968.0
6723072.0
8432640.0
-4849152.0
-9805312.0
3905536.0
1.2617728E7
7278592.0
8692736.0
7268352.0
4645376.0
-2529792.0
-5015552.0
-384512.0
3785216.0
1.0850816E7
1.809664E7
7181312.0
8026624.0
463872.0
1733120.0
5223424.0
-7144448.0
8382976.0
1.5908352E7
1.47712E7
1.2309504E7
1230848.0
-1990144.0
-3700736.0
4013056.0
4798464.0
1.4033408E7
1.3459456E7
-4786176.0
-1500160.0
5076992.0
-1627648.0
8663040.0
-1.1220992E7
-7913984.0
-1.1668992E7
-2.6881024E7
-2.9974016E7
-2.8226048E7
-3.0519808E7
-2.1911552E7
-6207488.0
7191040.0
1.554432E7
2.1140992E7
1.5717888E7
2089472.0
-1.270528E7
-1.8201088E7
-1.1022336E7
-6217216.0
-2992128.0
-7351296.0
-5987840.0
-7246848.0
-1.1695616E7
-1.757952E7
-2203136.0
-1866752.0
-6779392.0
7787520.0
-1.0466304E7
2207232.0
1.2617728E7
1.3488128E7
670208.0
-6835200.0
-8017408.0
1123328.0
3045888.0
3325440.0
3296256.0
-2733056.0
2786816.0
-891392.0
-7345152.0
-6113280.0
-7093248.0
1291776.0
-6120960.0
683520.0
1.1193344E7
5252608.0
475648.0
-3722752.0
443904.0
4792832.0
4914688.0
1722368.0
-3924480.0
-3673088.0
5170176.0
613376.0
9350144.0
1.1904512E7
-3671040.0
-1732096.0
-1506304.0
1990656.0
5797376.0
1.339904E7
9504768.0
1.0418688E7
7294464.0
3101696.0
-5228544.0
-1.18656E7
-1.093632E7
129536.0
3895296.0
-1.2143104E7
-1.594112E7
-1.1433472E7
-2774528.0
-3308032.0
-1.340416E7
-1.4871552E7
-9912832.0
2123264.0
2756096.0
2924032.0
771584.0
8173568.0
1.2558848E7
1.1126272E7
4665344.0
5517312.0
9352704.0
242176.0
2125824.0
8582656.0
3397120.0
8794624.0
1.4061568E7
1.1856896E7
1.6487936E7
2715136.0
5083648.0
1.1926528E7
1.2381696E7
1.285376E7
1.6297984E7
-1986048.0
-5554176.0
6516736.0
7739392.0
-401408.0
5448192.0
-1091072.0
-6236160.0
-1076736.0
-452608.0
3240448.0
8053760.0
7898624.0
1.058304E7
1.904128E7
1.8779136E7
1.3765632E7
-1753088.0
-5051904.0
-9125888.0
-6404096.0
-5553664.0
-7256576.0
9774080.0
1.0030592E7
4855808.0
2027520.0
4126720.0
2.0842496E7
1.0875904E7
-88064.0
2517504.0
1.7833984E7
9910784.0
3529216.0
7917056.0
1.8853888E7
1.7893376E7
1.2839936E7
3268608.0
2366464.0
-2009600.0
9975808.0
1.0765312E7
2.077952E7
7939584.0
-4612096.0
-6170112.0
-6059008.0
-4611072.0
4440064.0
6566400.0
891904.0
1.0900992E7
1.9017728E7
7986176.0
860160.0
-2820096.0
-7897088.0
-5501952.0
7967744.0
1796608.0
-1.0848256E7
-727552.0
-3760128.0
-6945280.0
-6139904.0
-3521024.0
-6809600.0
-1.3596672E7
4952064.0
2137600.0
-1413632.0
62976.0
-5990400.0
-3390976.0
4111872.0
-6273024.0
-9221632.0
-1905664.0
3387904.0
-7318528.0
-2.1449216E7
-1.9312128E7
-1.5390208E7
-1.2258304E7
-888320.0
-610304.0
-4096512.0
-474624.0
4735488.0
1.1810304E7
8212992.0
-1556992.0
-8293888.0
-1.0132992E7
-2253312.0
557056.0
1.2337664E7
5993984.0
-3153920.0
-113664.0
1.5902208E7
1.9913728E7
7887360.0
2480128.0
-2755584.0
7759872.0
5994496.0
7490048.0
7852032.0
1.5452672E7
1.104896E7
2670592.0
-4858880.0
-1.2775936E7
1863680.0
5376512.0
1.3960704E7
6449152.0
-9013248.0
-3802624.0
-6825984.0
-4643328.0
-8464384.0
-9350144.0
-1.336832E7
-1.5041024E7
-7595008.0
-784384.0
-6184960.0
-3477504.0
-776704.0
1332736.0
1.1926016E7
8870400.0
1.413888E7
1.9309056E7
1.1388928E7
7367168.0
4526080.0
9400832.0
8240640.0
4438016.0
-2556928.0
-1.1742208E7
-9031168.0
-2828800.0
5949952.0
1.0560512E7
1.1448832E7
700416.0
536576.0
-2696192.0
-1.0381824E7
-2785792.0
-5785088.0
-868864.0
5033472.0
-6113280.0
-3311104.0
8698368.0
3099136.0
-9426432.0
-1.906176E7
-2.3671296E7
-4817408.0
-5348864.0
-1451520.0
-1021440.0
6861312.0
5156352.0
-8482816.0
299520.0
-7243264.0
-7900160.0
1962496.0
3937792.0
-9722880.0
-5751808.0
-4203520.0
-3694080.0
-1.2286976E7
-1.0079744E7
-8761856.0
1865728.0
6738432.0
7058432.0
2175488.0
7076352.0
4688384.0
7207424.0
5672448.0
1.6732672E7
1.3082624E7
4787200.0
8608256.0
1.1575808E7
1.1265024E7
-44032.0
-5883904.0
2513408.0
-51712.0
-6619648.0
634368.0
1081344.0
2183168.0
2902528.0
9389056.0
1.4590976E7
3917824.0
7237632.0
-890368.0
1254912.0
-5612032.0
4186112.0
6357504.0
3298304.0
1971200.0
-747008.0
8869376.0
6510080.0
8308736.0
1.4696448E7
1.0834432E7
7413248.0
7913472.0
5461504.0
1.101056E7
1.2588032E7
9445888.0
8885760.0
5301248.0
1.166848E7
7655424.0
7992320.0
1.5403008E7
7599616.0
-357888.0
-9619968.0
1187328.0
8813568.0
1.3929984E7
7773696.0
2259968.0
-5305344.0
-3278848.0
168960.0
-3719680.0
1690112.0
-1918976.0
2229760.0
1395712.0
5997568.0
5246464.0
430592.0
-3476480.0
1.033984E7
6884352.0
-2289664.0
-3671552.0
-2281472.0
-7331840.0
-2004480.0
-7269376.0
-4249600.0
7110144.0
6773760.0
-4911104.0
1333760.0
5100032.0
-1438208.0
-7200256.0
-7195136.0
1657856.0
4120576.0
2210304.0
-2622976.0
-7712768.0
-8723456.0
1.1000832E7
1024512.0
1059840.0
-4440576.0
1897472.0
-9884160.0
-8846336.0
5942784.0
4241920.0
-1324544.0
3166208.0
4564992.0
4412416.0
7884288.0
1.302016E7
9956352.0
962048.0
6497792.0
9198080.0
7284224.0
1.2370432E7
2.4190976E7
1.8178048E7
2.0845568E7
3.1179776E7
2.863872E7
1.4861824E7
1.5668736E7
7436288.0
8840704.0
1838592.0
2239488.0
-1056768.0
1350144.0
6693888.0
1.1606016E7
1.139456E7
6455296.0
3767808.0
4911104.0
1.2024832E7
1.2271104E7
1.7932288E7
1.3392896E7
9359360.0
-3947008.0
-6195712.0
-3649024.0
-8026112.0
-1.1779072E7
-1.4958592E7
-150528.0
-4158976.0
470016.0
-178688.0
-4395008.0
-4995072.0
-3865088.0
1.23264E7
5530112.0
1.6671232E7
9591296.0
5132800.0
1.1083264E7
1.2965376E7
5086208.0
8504320.0
1.394944E7
1.6886272E7
1.2956672E7
3273728.0
1584128.0
-1479168.0
-6291456.0
-3712512.0
4017152.0
1872896.0
5446656.0
-222208.0
2248704.0
5770240.0
3277824.0
2442752.0
5393408.0
3563008.0
179712.0
-925696.0
-8370688.0
402432.0
260608.0
-3412480.0
741888.0
-7716352.0
2168832.0
1412608.0
8755712.0
1.053952E7
7656448.0
6610432.0
6160896.0
2831360.0
8419328.0
2277376.0
-4265984.0
-481792.0
-4063744.0
9275392.0
5234176.0
294912.0
8475648.0
9459200.0
1.102848E7
9141760.0
3807744.0
2943488.0
-2256384.0
-1.065728E7
-5035008.0
1.3829632E7
1.3104128E7
9742848.0
523264.0
-2117632.0
-4088832.0
-2838528.0
1155584.0
-2192384.0
4880896.0
1.1493888E7
8547840.0
-2348544.0
2855424.0
-1062912.0
-2247680.0
4697088.0
5047808.0
2791424.0
6942208.0
1.5369728E7
2.0115968E7
1.7726976E7
5285888.0
-1159168.0
-1202176.0
4948992.0
1.7794048E7
1.3413888E7
7202816.0
1.6146944E7
1.0058752E7
6216192.0
-5429248.0
-1.1366912E7
1810944.0
1701888.0
-2619392.0
-458752.0
2928640.0
-2917376.0
-1.3664256E7
-7938048.0
-1.5167488E7
-1.63584E7
-1.4596608E7
-5566976.0
453120.0
-62464.0
-6964736.0
-1.3253632E7
-1.2307456E7
-5064704.0
-8047616.0
-1.433344E7
-1.68448E7
-1.0629632E7
-6513152.0
189440.0
5004800.0
2521088.0
6872064.0
-1.222912E7
-1.2186112E7
7607296.0
8482304.0
4213248.0
5178368.0
-1824768.0
1.0118144E7
5745664.0
3035648.0
-1758208.0
-5009408.0
-1.1884544E7
-3477504.0
-1.0227712E7
-7872512.0
-4259840.0
1.0410496E7
2.1435904E7
2.454784E7
1.9005952E7
1.4838784E7
1.0103808E7
6425600.0
1.0812928E7
1.4349312E7
1.351168E7
1.2993024E7
9792512.0
2.4252928E7
1.3047808E7
9997312.0
1.0824192E7
1.3408256E7
1.27104E7
7660544.0
-1372672.0
3189248.0
709120.0
3791872.0
1.8197504E7
9537024.0
5705216.0
1.3356544E7
8465408.0
8935936.0
954368.0
7227904.0
9482752.0
3517952.0
6179840.0
-3469312.0
867840.0
-2725376.0
4304896.0
4315648.0
6790144.0
5210112.0
1.6607232E7
2.9346816E7
4.0584704E7
4.4427776E7
4.6621696E7
3.6871168E7
3.5859456E7
4.7148544E7
3.4620416E7
2.5695744E7
1.723392E7
8467968.0
4595200.0
-1.0686976E7
-1.2031488E7
-4658176.0
1.049856E7
-4235776.0
-4625920.0
-5306880.0
-1.1028992E7
-6131200.0
730112.0
1.0352128E7
1.9093504E7
3041280.0
566272.0
9286656.0
1.0195456E7
3009536.0
1.3053952E7
1.2630016E7
9093632.0
7507456.0
-65024.0
1.3609984E7
2.28096E7
1.956608E7
1.4790144E7
4527616.0
3592192.0
110592.0
1876992.0
-8350208.0
-1.4416384E7
-3650048.0
-1865728.0
-4144128.0
-6076928.0
1409024.0
761344.0
3636736.0
4713984.0
-1404416.0
-3200512.0
3571200.0
9752576.0
1.7990144E7
1.9152384E7
6438912.0
3689984.0
6718464.0
1.0259968E7
9233920.0
3422208.0
8768512.0
1.2555776E7
1.1966464E7
8603648.0
9339904.0
1.5514112E7
6631424.0
-7748096.0
1487360.0
7345664.0
6480896.0
1.3987328E7
1.5458304E7
6987264.0
960512.0
5352448.0
-8900608.0
-3060736.0
-3923968.0
3786752.0
8404480.0
-3179008.0
1902592.0
1.1884032E7
1657856.0
7098368.0
8519680.0
1.8342912E7
1.2855808E7
-4383232.0
-4191744.0
-2.6420224E7
-1.4642688E7
5254656.0
-6280192.0
1084928.0
9000960.0
9399808.0
1.2995584E7
-1967104.0
1.1433472E7
1.0461696E7
3262976.0
-2953728.0
-3078144.0
-69120.0
5622784.0
1.1314688E7
5080064.0
1362432.0
1212928.0
-6527488.0
-1.1418624E7
-1.110784E7
-1.486592E7
-1.5331328E7
-1.028608E7
2448896.0
234496.0
7560192.0
3978240.0
343040.0
1.5602176E7
-1253376.0
-8473600.0
-267776.0
4160512.0
7925760.0
1.4755328E7
2.7334656E7
2.174208E7
5163520.0
-3055616.0
1811968.0
4945920.0
2259968.0
-3729408.0
-7101440.0
-1227264.0
-4917248.0
-1.2432896E7
-2973184.0
8304640.0
-426496.0
3353600.0
2.1159936E7
1.6116224E7
1.9236864E7
1.0158592E7
1.2369408E7
1.4372864E7
2031616.0
-4200448.0
5063680.0
9851392.0
5663744.0
4907520.0
174080.0
809472.0
7052288.0
5052416.0
260096.0
2879488.0
7105024.0
-8210944.0
-1.132288E7
4298240.0
1.5872E7
1.766912E7
8787968.0
3273216.0
-247808.0
1736192.0
3485184.0
-3758080.0
184320.0
2120192.0
388096.0
2888704.0
8361984.0
1308160.0
-411136.0
-4690944.0
-5638656.0
4012544.0
1.2858368E7
1.0993152E7
6946304.0
8964608.0
-634880.0
1913344.0
-7840256.0
-8735744.0
-819712.0
-1.9910144E7
-1.3536256E7
-9036800.0
-8739840.0
-3289600.0
3386368.0
1.0446336E7
1.0387456E7
1.010944E7
1.1518976E7
1.0611712E7
-1773568.0
1325568.0
4056576.0
4012544.0
1.1865088E7
8339456.0
-240640.0
348160.0
1.0981888E7
1.8513408E7
1.0923008E7
246784.0
-403968.0
7398400.0
1845248.0
-3746304.0
6678528.0
5121536.0
4631552.0
7628288.0
1.4108672E7
1.2133376E7
4965376.0
2882048.0
2057216.0
7563776.0
-7845888.0
-1.2983808E7
-1.502208E7
1705984.0
4188672.0
-8216576.0
-3799552.0
-1.1675136E7
-3431936.0
8990720.0
1553920.0
-3436544.0
-6764032.0
-5700608.0
1738752.0
6476288.0
-5048320.0
-1.9521536E7
-6843904.0
-9565184.0
-9954816.0
2357248.0
6048256.0
-963072.0
-3408896.0
4698624.0
-3030528.0
-1.05472E7
-1025024.0
5581312.0
2.2640128E7
1.5548416E7
9931776.0
8146432.0
1.6903168E7
1.6290816E7
-175616.0
-3945984.0
604672.0
9188864.0
1.2596224E7
4962816.0
-1.4898688E7
-1.117184E7
-783360.0
6880256.0
5814272.0
5106688.0
7570432.0
3044352.0
562176.0
-7520256.0
-9321984.0
-1047552.0
-2420224.0
341504.0
-254976.0
-4294656.0
-9990656.0
-8640000.0
-1591296.0
2077184.0
-6271488.0
-1.8645504E7
-1.4771712E7
-2801152.0
3127296.0
-9622016.0
-1.3170688E7
5467136.0
6223360.0
1.7312256E7
1.4886912E7
1.597696E7
1.277952E7
1.2138496E7
1.3296128E7
1.3622784E7
-154112.0
-4817920.0
-1846272.0
4657152.0
1811968.0
6171136.0
3954688.0
5356032.0
418304.0
-3545600.0
-1.0050048E7
460288.0
-7475712.0
-65536.0
1.6925184E7
1.1423744E7
-2782208.0
-3904512.0
-7058432.0
-1.2277248E7
-1.5066624E7
-3341824.0
-2171392.0
-8059904.0
9183744.0
1.0990592E7
338432.0
4156928.0
-564736.0
-1185792.0
571904.0
-3197440.0
1869824.0
4102656.0
2962432.0
-2771456.0
-2627072.0
-681472.0
1.6774656E7
1.5389184E7
-6778880.0
-6386176.0
-2956800.0
7379968.0
8730112.0
1742336.0
1033216.0
6100992.0
2557440.0
-2883072.0
6656000.0
2726912.0
-801280.0
-6323712.0
495104.0
4098560.0
-2762240.0
-4912640.0
-649728.0
-9220096.0
-4275712.0
6507520.0
1.1124736E7
4656640.0
1091584.0
1.2907008E7
6297088.0
259584.0
4507136.0
7810048.0
-80384.0
-4335104.0
9031680.0
6612992.0
-1186304.0
-968192.0
1.3835264E7
8302080.0
-1.1549184E7
-1.8905088E7
-5204992.0
2105344.0
1.4184448E7
1.6078848E7
1.6483328E7
1.6390656E7
2.0955648E7
1.8106368E7
9628672.0
3692544.0
3669504.0
1.2799488E7
1.7622528E7
1.4262272E7
5863936.0
1.5724032E7
8288256.0
-7219712.0
-1398272.0
7801856.0
9781248.0
8786432.0
9045504.0
6750208.0
-7365632.0
-6035968.0
961024.0
1267712.0
-54784.0
-1947648.0
4528128.0
1288704.0
1467392.0
5617152.0
1.3916672E7
6709760.0
1.1333632E7
1.5270912E7
9191424.0
1.6965632E7
1.5921152E7
1.7772544E7
1.8440704E7
2.1935616E7
2.0102656E7
-2700800.0
-3120640.0
35328.0
-9437696.0
-1814528.0
8653312.0
5638656.0
9913344.0
1372160.0
-2439168.0
-1185280.0
126976.0
2011648.0
-2195456.0
3623936.0
7146496.0
-7247872.0
454656.0
-2558464.0
-1.8981888E7
-1.3679104E7
1696768.0
4740096.0
-6881792.0
-9393664.0
-1.6024064E7
-1.5951872E7
-5931520.0
-1.1341824E7
-3472896.0
3028480.0
3590144.0
-4784640.0
2526720.0
2275328.0
-4455936.0
5590528.0
6881792.0
-4310016.0
-2.0502528E7
-1.5292416E7
-9950208.0
-1289216.0
732672.0
3758592.0
2796544.0
4402688.0
-1633792.0
8994816.0
1.4035968E7
9460224.0
-4385792.0
-642560.0
-4001280.0
5725696.0
9150976.0
1.1460608E7
1.5494144E7
1.7439744E7
9628672.0
2657792.0
1980928.0
3624960.0
5397504.0
2006016.0
7235072.0
1.688576E7
1.0975744E7
8110592.0
5415936.0
3062272.0
6355968.0
1.6735232E7
8307712.0
-8671744.0
-1.061888E7
-1.3502464E7
-2797568.0
4341248.0
2.059008E7
1.8956288E7
1.42464E7
6163968.0
4169216.0
8392704.0
1.024768E7
1.2142592E7
9540096.0
1.3994496E7
9496576.0
379904.0
-3522048.0
-1.0322432E7
-5608960.0
4681216.0
7478784.0
2117632.0
4655616.0
5479424.0
1.2594176E7
2.4396288E7
2.282496E7
2044928.0
1.3796352E7
8476160.0
2326016.0
1.0251264E7
1.8530304E7
5541376.0
-1342976.0
1.4937088E7
2.3913472E7
1.3128192E7
6849024.0
1088512.0
4833792.0
1.0181632E7
6148608.0
1.163776E7
3350528.0
3392000.0
9871872.0
5922816.0
6116864.0
8053760.0
1.1111424E7
4814848.0
6601728.0
6734336.0
1318912.0
-1705472.0
-1886720.0
-2829312.0
2863104.0
1.00864E7
1.111552E7
4889088.0
2881024.0
528384.0
2357760.0
4798976.0
-9422336.0
-5467648.0
-4469248.0
-4248064.0
-1.1517952E7
-1.0889728E7
-5301248.0
5843968.0
1.0058752E7
3237888.0
9549312.0
1.0485248E7
6954496.0
-4233728.0
-758272.0
-3764224.0
7378944.0
1.3187584E7
8282624.0
2073088.0
1.0350592E7
1.5343616E7
2.2303232E7
1.0924032E7
-2274816.0
1795584.0
1.223168E7
2.0744704E7
1.506304E7
5910528.0
-4738048.0
-6528000.0
4619264.0
5987840.0
-84992.0
-5723648.0
-2011136.0
-9739264.0
-7389696.0
-5016576.0
-4503040.0
2295296.0
-2338304.0
1.445376E7
6273536.0
1481728.0
-4076544.0
2830336.0
4899840.0
8902656.0
3063808.0
-4588032.0
156672.0
8363008.0
1.087488E7
9063424.0
7288320.0
8790528.0
9461760.0
6740992.0
1.7988096E7
1.996544E7
2.3266304E7
2.130688E7
1.3215232E7
8016384.0
2.1044736E7
2.6046976E7
4502016.0
-7352832.0
-5231616.0
4835840.0
6627328.0
1.5729664E7
1.6903168E7
2991616.0
40448.0
6896128.0
3309568.0
-567296.0
7065088.0
1.01376E7
6985216.0
8727040.0
8439808.0
-1939456.0
5302272.0
1.113344E7
1.0595328E7
1.6588288E7
1.8637312E7
1.3941248E7
7676416.0
445952.0
1448960.0
1.1055616E7
1.1040256E7
7258624.0
9240064.0
6418944.0
2871296.0
6340608.0
9558016.0
4618240.0
4140032.0
2449408.0
-2200576.0
3067392.0
5734912.0
9251328.0
2.1660672E7
1.1075584E7
8346624.0
6846464.0
1.4981632E7
8919552.0
1073152.0
-2861056.0
-1900544.0
7627776.0
2080768.0
-3544064.0
-4891136.0
4594688.0
-3981312.0
-1.3611008E7
-1.294592E7
-8494592.0
-1234944.0
5096960.0
5267968.0
-2279424.0
-2300928.0
3872768.0
-5173248.0
-3528192.0
2040320.0
-378880.0
-4572672.0
-279040.0
1.1007488E7
1.4452736E7
1.0730496E7
4333568.0
6176768.0
8627712.0
1.0387456E7
873984.0
-1.1939328E7
-3320832.0
2885120.0
-9342464.0
-6492672.0
1623552.0
506368.0
1.1150336E7
1.25312E7
1.888512E7
9629184.0
1.1296256E7
1.9782656E7
2.6430976E7
7942144.0
1.4113792E7
3536896.0
1052160.0
965632.0
-5184512.0
-1.2704256E7
-1.3879808E7
1336832.0
94720.0
1.5834112E7
9299456.0
5073920.0
1.0416128E7
-596480.0
-1.1034624E7
-9167872.0
-9897984.0
-25088.0
3201024.0
-3343360.0
-6405632.0
99840.0
2529280.0
-2218496.0
-4543488.0
-4284416.0
-8647168.0
-1.301504E7
1098752.0
1.044992E7
1.2807168E7
9448448.0
4206080.0
5468160.0
1.2813824E7
1.612032E7
1.0358272E7
683520.0
-3022848.0
-3097088.0
-4451840.0
-1311744.0
-144384.0
-1638912.0
6751744.0
8455168.0
-3163136.0
-3177984.0
484864.0
4749824.0
1.14432E7
1.192704E7
3056640.0
-6183424.0
-3441664.0
-9008640.0
-1991168.0
9119232.0
-384000.0
-162816.0
1858048.0
-697344.0
-8486400.0
-4126208.0
-2263040.0
7218688.0
1.8537472E7
1.4132224E7
7802368.0
5633024.0
4038656.0
-3421184.0
-6176256.0
994304.0
-2927104.0
-6557184.0
-6698496.0
6558720.0
9779200.0
1832960.0
-7152640.0
565760.0
3777536.0
-5551616.0
4253184.0
2.2434304E7
1.42208E7
1.348096E7
9686528.0
1.7934336E7
1.444864E7
9079808.0
-2575872.0
-424960.0
1590784.0
-6424064.0
2137600.0
3693056.0
-439808.0
-1455616.0
-2611712.0
-2420224.0
-6448640.0
-1418752.0
3433472.0
1.0153984E7
2209280.0
8318464.0
1.6018432E7
1.324544E7
-3595264.0
-1.6524288E7
-1.9623936E7
-4554752.0
1.330176E7
1.2865536E7
1.0024448E7
1.1006976E7
4060672.0
3308544.0
9430016.0
9935360.0
4451328.0
7324672.0
1.1693568E7
1.7379328E7
1.3018112E7
3480064.0
6414336.0
4391936.0
-86016.0
1588736.0
3748352.0
3957760.0
-2750976.0
5490688.0
1.102592E7
4044288.0
-4850688.0
-8147456.0
-6824448.0
-5504512.0
-1.3270528E7
-1.5499264E7
-1.0868736E7
-2.4620544E7
-1.0978304E7
2423808.0
-4862976.0
-3487744.0
-8978944.0
-1.4078464E7
-9504768.0
-459776.0
-3972096.0
-1.3474304E7
-1.1979264E7
-1.2172288E7
-1641984.0
8650240.0
-4190720.0
-9691136.0
-1.7410048E7
-3870720.0
5555200.0
6668800.0
-2619392.0
-1026560.0
1.2570624E7
1.098496E7
-4976128.0
-38400.0
-4792320.0
-8259584.0
-1934336.0
-4904960.0
-4919296.0
-1.0988032E7
5571072.0
1.1036672E7
7478784.0
7178752.0
-8454656.0
3097088.0
2.3435776E7
1.8722816E7
1.0843136E7
5488640.0
1.7376256E7
292352.0
-3974144.0
-3004928.0
-7705088.0
2766848.0
-2306560.0
-5241856.0
1005568.0
9014784.0
3076608.0
-2284544.0
1460224.0
-4055040.0
-7878144.0
-9940480.0
-591360.0
1.1709952E7
7057408.0
6667776.0
8498688.0
-6788096.0
-1.1595264E7
-1.16096E7
-5718528.0
-4675584.0
-3638784.0
1420800.0
-3320320.0
-7579136.0
-4617216.0
1351168.0
-1217536.0
-2472960.0
11776.0
2313728.0
8262144.0
3597312.0
1.4098432E7
3699712.0
-5948928.0
5200896.0
-1756672.0
-5527040.0
-7033344.0
-1.7842688E7
-1.28384E7
-3970560.0
-88064.0
8795648.0
203776.0
-7804416.0
-3185152.0
1848832.0
5739520.0
1.049856E7
1538048.0
-1.1030016E7
-1.5721472E7
-1.4455296E7
-9169408.0
474624.0
1.3193728E7
9878016.0
1.339904E7
1.4033408E7
5388800.0
7355392.0
1.19936E7
1.6669696E7
1.2097536E7
1.121024E7
4356608.0
-8950272.0
-1024000.0
-349184.0
3402752.0
8416768.0
3351040.0
1.5977984E7
1.9460608E7
1.2856832E7
6374400.0
-1.1897344E7
1357312.0
9512960.0
1.7314816E7
-1033216.0
6834688.0
1.221376E7
7481856.0
922624.0
1122816.0
-5055488.0
-1.1678208E7
-5937664.0
-5259776.0
-2360320.0
1.2581376E7
2.1131776E7
2.0100096E7
2.1210112E7
1.5767552E7
5989376.0
-5846528.0
-8133120.0
995328.0
-1349120.0
-2.0058624E7
-9912832.0
6510592.0
7753216.0
-1077248.0
-75776.0
-7515136.0
4187136.0
2937344.0
4810240.0
7416320.0
-218112.0
-5620736.0
-369664.0
1818112.0
1781760.0
3138560.0
-3834880.0
-9270784.0
-9519104.0
-4104704.0
-174592.0
-5637632.0
-3517952.0
-4131840.0
3032064.0
-4305920.0
-3123712.0
4244480.0
1287680.0
-4613632.0
-4741632.0
-2548736.0
1.4495744E7
1.5952896E7
1.425408E7
1.0620928E7
1294848.0
-1.1847168E7
-1.2127232E7
-1.5515136E7
-2377728.0
-1.1570176E7
-4865024.0
4275712.0
1.2562944E7
1286656.0
-7477248.0
6721024.0
1.2795392E7
4990976.0
3032064.0
-3444736.0
-3710464.0
1.4690816E7
5538816.0
-4780544.0
-1326592.0
-9733120.0
-4050432.0
-6723072.0
1375744.0
8704000.0
1.640192E7
1.0907648E7
9154560.0
-2727424.0
-4703744.0
-126976.0
3384320.0
-3868160.0
-9193472.0
-6816256.0
1031680.0
-9548288.0
-4922368.0
-4705792.0
-1.4139392E7
-1.7963008E7
-1.6251392E7
1377280.0
3574784.0
-354816.0
1.1798016E7
1999360.0
3604992.0
4281344.0
-6564864.0
6743552.0
8135168.0
1054720.0
-3774976.0
-3127296.0
-1.0390528E7
-3323904.0
5536256.0
5005312.0
328192.0
1.2778496E7
6875136.0
-4704768.0
-5654528.0
6147072.0
8556032.0
-1904128.0
-1.386496E7
-1.1994624E7
3704320.0
-58880.0
5348864.0
1.4943744E7
-1757696.0
-1.0802176E7
-9302016.0
-1.3144064E7
-8366080.0
-9417216.0
3604992.0
-7145984.0
-1.4803456E7
-6504960.0
-1.1381248E7
-2065408.0
-2607616.0
4165632.0
-940032.0
3198464.0
342016.0
-8008704.0
-3170304.0
-3049984.0
2174976.0
-5019136.0
-1.2726272E7
-9230848.0
207872.0
1.4843392E7
6270976.0
-166400.0
-1.283072E7
-1.5002112E7
-2069504.0
5218816.0
-1355264.0
-932352.0
1438208.0
1.008896E7
-2328576.0
-6681088.0
-556544.0
-1831424.0
-5375488.0
8152576.0
1.252608E7
9001472.0
970240.0
-2496512.0
7172608.0
1611264.0
1.25824E7
4851200.0
133632.0
-1.0526208E7
-7116800.0
1.1578368E7
1.2070912E7
2576384.0
2977792.0
-1859072.0
-4791808.0
-7328256.0
-1.1290112E7
30720.0
3301888.0
787968.0
-3571200.0
-6115328.0
5657600.0
1.7257472E7
2.0633088E7
1.092096E7
-2863616.0
5150208.0
-368640.0
-4425728.0
3816448.0
4864512.0
-5683200.0
-1.0653184E7
-5562880.0
-1.6168448E7
-1.0628608E7
6857216.0
2929152.0
7781376.0
-1968128.0
-8778240.0
-2812416.0
7484416.0
2973696.0
1614848.0
5868544.0
-81408.0
-8148992.0
-7158784.0
1110016.0
-6650880.0
-6132736.0
11264.0
3381760.0
7949312.0
-6175232.0
-6718464.0
-1752576.0
-234496.0
7387648.0
1.4550528E7
9939968.0
4876800.0
7210496.0
5263872.0
4678144.0
1.2874752E7
-959488.0
958976.0
2146304.0
7161344.0
1.0372608E7
1.0023936E7
1915904.0
1.3115904E7
1.6314368E7
1.6702464E7
1.1930112E7
8141824.0
8576000.0
1.3105664E7
1.229824E7
-1231872.0
-2979328.0
4101632.0
7984128.0
163840.0
9203200.0
1.2909056E7
1.2921856E7
662528.0
-3668480.0
-7042560.0
6509568.0
1.1137536E7
5383168.0
-3531264.0
2800640.0
4583424.0
1.1272704E7
1.4279168E7
1.0861568E7
4727808.0
1.3544448E7
1.1951104E7
501760.0
-485888.0
-6172672.0
-1.5826944E7
595456.0
1.2157952E7
-2128896.0
-9981440.0
1078784.0
3767808.0
7940096.0
8231424.0
1.513984E7
1.1915776E7
-1034240.0
-979456.0
1.1798528E7
3530752.0
-2585088.0
7001088.0
9031168.0
1.2293632E7
1312256.0
4443648.0
1.9734528E7
2.3738368E7
1.7665024E7
8790016.0
1.8980864E7
2805760.0
-1.7544192E7
-1.9998208E7
-1.3029376E7
-9667072.0
-7003136.0
-1.0298368E7
-6177792.0
-1.6336896E7
-1.1848192E7
-1.7652224E7
-1.3830144E7
-1.1020288E7
-9963520.0
9627648.0
-2032128.0
2381312.0
1.1033088E7
1.7153536E7
1.6347136E7
6727168.0
5173248.0
239616.0
1417216.0
1289728.0
346624.0
2225152.0
-3629056.0
1963520.0
1.3377024E7
-1298944.0
-325632.0
-6401536.0
-1.3409792E7
-1.474048E7
-5855232.0
-8249856.0
-9342464.0
-4552704.0
1.0137088E7
-3107328.0
-1.7277952E7
-6759424.0
3483136.0
-7397888.0
-8307200.0
-4229632.0
2968064.0
5582336.0
3956224.0
4221440.0
1733632.0
-2412032.0
-471552.0
5490176.0
1.6815616E7
1521152.0
1203200.0
7287296.0
7719424.0
-950272.0
-1451008.0
1.7260032E7
1.5510016E7
1.5988224E7
1727488.0
3671040.0
9480704.0
-4961792.0
-5538304.0
-8623104.0
-1.3954048E7
-1.27872E7
-136192.0
1.0430976E7
2425344.0
5774336.0
-3771904.0
-2373632.0
-2632192.0
-1.0954752E7
-1.154304E7
-7623680.0
-1.5851008E7
-1.707008E7
-7116288.0
1744384.0
1191936.0
7121920.0
-6216704.0
1572864.0
9817600.0
6089216.0
4664832.0
4938240.0
-3627520.0
-2074112.0
-1333248.0
-3545088.0
-4052480.0
2057728.0
1.3559296E7
-1640448.0
-7491584.0
-1.6694784E7
-6489088.0
-1.2438528E7
-1.1572736E7
-2294272.0
-1932288.0
-322560.0
-3620864.0
2623488.0
2953216.0
1893376.0
795136.0
6248960.0
1.5519232E7
7920640.0
8454144.0
4423168.0
1.0591744E7
1.7521152E7
2.526976E7
1.9228672E7
4355072.0
-2674176.0
-4887040.0
-1758208.0
1.1930624E7
9109504.0
1.151488E7
1.2457984E7
4079616.0
1.1765248E7
1.6261632E7
8301568.0
8700928.0
1416704.0
5035520.0
1434624.0
-5101568.0
-147456.0
-4321792.0
5444096.0
4982784.0
-1258496.0
-4086784.0
3393536.0
-8744960.0
-6542848.0
-6439936.0
-6454784.0
-394240.0
6121472.0
-532480.0
7124992.0
-4240896.0
-7162368.0
-3436544.0
2402304.0
3048448.0
4556800.0
-6033920.0
-1.1629056E7
-2963456.0
3930112.0
2159104.0
-2462720.0
2114048.0
8669184.0
1.445376E7
1463808.0
206336.0
6763520.0
-1586176.0
2118656.0
-1176064.0
6580736.0
9624576.0
1.8115584E7
1.0361344E7
1405952.0
1.2817408E7
1.8287616E7
7139328.0
-233472.0
4650496.0
5650944.0
2345472.0
1249280.0
1.5004672E7
8076800.0
1.7253888E7
2.2012928E7
1.2664832E7
1.6764416E7
5170176.0
7720960.0
7220224.0
6300672.0
2307072.0
4116992.0
-431104.0
-1.1316224E7
-1372160.0
-1.0389504E7
-1115648.0
1.0837504E7
3893760.0
-9287680.0
-2493952.0
1.0043904E7
-4313600.0
-1.4308864E7
-1.3977088E7
-6226944.0
-8371712.0
-7919616.0
-8187392.0
5341696.0
1.02784E7
3076096.0
-9604096.0
-8808448.0
-6624256.0
1100288.0
5886464.0
9202176.0
2.34368E7
1.9261952E7
8857600.0
2831360.0
1.3526016E7
2392064.0
3125760.0
-1008128.0
-9767936.0
-2913280.0
-863232.0
-7475712.0
-9558016.0
-1.4837248E7
-1.504768E7
-5571072.0
270336.0
-9837056.0
-1.5394304E7
-7614976.0
1938944.0
387584.0
1366528.0
9210368.0
2.119424E7
1.4625792E7
5450240.0
-1384448.0
-1.2635136E7
-1.3633024E7
-1.3846528E7
-1.0202112E7
-8913408.0
-7678976.0
-1407488.0
6720512.0
1926144.0
-1.0351104E7
-8704512.0
-2170368.0
-5884416.0
304128.0
367104.0
2652160.0
2530816.0
2801664.0
478208.0
4318720.0
-1535488.0
7217664.0
7454208.0
-2676736.0
4081664.0
-270336.0
1.3508608E7
1.3708288E7
4656128.0
4118528.0
-1831936.0
-3109888.0
-6836224.0
-7785984.0
-7077376.0
5891072.0
-4683776.0
271872.0
-1.1853312E7
-1.0278912E7
-8166400.0
483840.0
-4487168.0
-6296064.0
-6059008.0
-4131840.0
-4645888.0
-3302912.0
364032.0
-2420736.0
748544.0
6436864.0
-1825792.0
-7327232.0
5303296.0
1.2288512E7
184320.0
7445504.0
-424448.0
-1.4525952E7
-1.1059712E7
-4843520.0
-1.2812288E7
-1.1650048E7
-6302208.0
-3739648.0
-488448.0
-5617664.0
-9848832.0
-1446912.0
6323200.0
-5537792.0
-1.1536896E7
-329216.0
-756224.0
227840.0
1.856512E7
1.281024E7
1.277184E7
1.2088832E7
1.0271232E7
3973632.0
2573312.0
241664.0
691712.0
-1503744.0
-87040.0
1559552.0
1234432.0
919552.0
1.1154944E7
-3503104.0
-8755712.0
1.4161408E7
1.4171136E7
8809984.0
-7808000.0
-8942080.0
-7444480.0
-3490816.0
-3226112.0
1.078528E7
6605824.0
7705600.0
7511552.0
-2432000.0
-9623040.0
5432320.0
-2886656.0
-5922816.0
1.333248E7
1.46304E7
1.6137216E7
1.0721792E7
1.0775552E7
2.089216E7
2.0116992E7
2.0290048E7
2.0959744E7
1.295616E7
5785600.0
4636160.0
4673536.0
4030464.0
3505664.0
1.333248E7
1.8769408E7
5599232.0
1328128.0
272896.0
3603456.0
8848896.0
1.0363904E7
4459520.0
2875392.0
1.5258112E7
1.6471552E7
-6024704.0
-1010176.0
1.1256832E7
1.078784E7
1.8366464E7
1.011968E7
3899904.0
549888.0
-5092352.0
-795136.0
-3905024.0
2120192.0
-1.1600896E7
-8223232.0
-97280.0
2299392.0
-1.4339584E7
-4306944.0
1362432.0
-2869760.0
1477632.0
8702976.0
1.3551616E7
1.34272E7
-277504.0
8096768.0
1.2606464E7
-979968.0
-5450240.0
-9005568.0
-6313984.0
-5473792.0
-1978880.0
6055424.0
-1589248.0
6699520.0
1.6516096E7
-342528.0
-2576384.0
-1.3857792E7
-9044992.0
268800.0
2596352.0
-6944768.0
-9873408.0
-1.2459008E7
-7667200.0
-1.1268608E7
-1.2527104E7
-1.2868096E7
3607552.0
-7612928.0
-9529344.0
-8580096.0
-4470272.0
-7527424.0
7016960.0
-946176.0
-4848128.0
-1.0067968E7
3168256.0
1976832.0
-1.264384E7
-1.6643584E7
-7932928.0
-672768.0
-6940672.0
7995392.0
5442048.0
-512000.0
-1.517824E7
-2.3998464E7
-1.7765376E7
-2.7635712E7
-2.1602304E7
-5580800.0
-1.1670016E7
-4618752.0
-1.197568E7
-5465088.0
-1.4249984E7
5534208.0
427520.0
8801792.0
1.2754432E7
-4454400.0
3345920.0
49664.0
-5630464.0
1180672.0
4784640.0
7239680.0
4613632.0
-1.1848192E7
-1.3303808E7
-1.960448E7
-1.38624E7
-9526784.0
7475712.0
3029504.0
451584.0
-823808.0
1.164032E7
6981120.0
6228480.0
1.0016256E7
6441472.0
1.6067584E7
1.3862912E7
-1.1036672E7
-1.1395072E7
1615360.0
-7879680.0
-960000.0
-4482560.0
-5896192.0
-8698880.0
-7466496.0
-669696.0
-3650560.0
-2174976.0
6188544.0
6205440.0
283136.0
-821760.0
7265792.0
1.4714368E7
2975232.0
7004672.0
9650688.0
-9120768.0
-8687616.0
3485696.0
-1.0313728E7
-1.2054528E7
-1.9152896E7
-1.883392E7
-1.226752E7
-1.1594752E7
-9455104.0
-357376.0
-9489408.0
7006720.0
6506496.0
1.2501504E7
9788416.0
5795840.0
-4294656.0
-1.1452416E7
-9978880.0
-1.1833856E7
-2326528.0
915456.0
126976.0
1793024.0
545280.0
-1.3636096E7
-1.6668672E7
-9799680.0
-8103936.0
-2322944.0
1787904.0
2.221312E7
2.3406592E7
1.0108928E7
-1.568256E7
2887680.0
1.6244736E7
1.3572608E7
8520704.0
4625920.0
1851392.0
772608.0
-3868672.0
2276352.0
1.5190528E7
1959936.0
-7655936.0
-4523520.0
3540480.0
5294592.0
-5400576.0
-1.3240832E7
-1.2397056E7
290816.0
218112.0
-1.244416E7
-1.5463424E7
4680704.0
1.8743296E7
1.2548096E7
2892288.0
261632.0
1.146112E7
8031744.0
7860736.0
1.415168E7
-324608.0
8539648.0
-3763200.0
1765376.0
1.2655616E7
1.4114304E7
2.002432E7
1.3494272E7
1.5834624E7
8266752.0
4571136.0
4054528.0
5862400.0
2126848.0
-3511808.0
-2838016.0
-3938304.0
-884736.0
4922880.0
9347584.0
1.3364736E7
1.6696832E7
1.8698752E7
1.2269056E7
-3674624.0
-7653888.0
-6796800.0
-7456256.0
-6414336.0
-3955712.0
-4123136.0
413696.0
6535168.0
-558592.0
-7059968.0
4630016.0
1.6371712E7
7262208.0
2914304.0
8239104.0
1.1348992E7
4911104.0
1.8816512E7
1.7083904E7
2008576.0
3399680.0
8066560.0
1.028864E7
6038528.0
-178176.0
5453824.0
7152128.0
3052032.0
1.5459328E7
2.4466432E7
1.8080768E7
1.6571904E7
4990976.0
-1725952.0
1.4026752E7
2076160.0
-8553472.0
-7002112.0
-6012928.0
-2013696.0
-1026560.0
-5081600.0
-5991936.0
5431296.0
1.050624E7
2461696.0
2524160.0
7616512.0
9289728.0
6147072.0
-1942528.0
1.060096E7
1.0464256E7
3846144.0
-1878528.0
-344576.0
-4702720.0
-5919232.0
-5198336.0
9309696.0
-3462144.0
-1930752.0
-3167232.0
1.0561024E7
1.3333504E7
1.1941888E7
1.4456832E7
8948224.0
5523456.0
1.4661632E7
1.695488E7
9658368.0
3163648.0
5976064.0
-3038720.0
3448832.0
158720.0
-1373696.0
6795264.0
-549888.0
-7038976.0
-6239232.0
-5639680.0
734720.0
3226624.0
5349888.0
1.1117568E7
1.176064E7
1.5581184E7
5006848.0
2910720.0
1294848.0
-1133568.0
-460800.0
-8966656.0
-5679616.0
7243264.0
4823552.0
9827328.0
1.165824E7
1.5089664E7
1.5394816E7
-2562048.0
-6427648.0
-1.4708224E7
-1.053184E7
-1331200.0
2228224.0
809472.0
-6753280.0
-1892864.0
-5775872.0
-1.1591168E7
-1.3658624E7
-8579072.0
1609728.0
-3821056.0
-1.3352448E7
-1.0157568E7
-7416320.0
9085440.0
1.6979968E7
9443840.0
-6531072.0
-6398464.0
-1.6768512E7
-8421888.0
7687168.0
3411968.0
6260224.0
1.0615296E7
2.1379584E7
1.5233536E7
1.0383872E7
1.3874688E7
2.8074496E7
3.9553536E7
4.8675328E7
4.7074304E7
3.9803392E7
3.853056E7
2.5698816E7
1.69856E7
1.790976E7
2.6505216E7
1.8914816E7
3303424.0
213504.0
5353984.0
5827072.0
1.101056E7
1589248.0
1434112.0
800768.0
5229056.0
4215808.0
1364992.0
6291968.0
7247360.0
4912128.0
2750976.0
769536.0
9100288.0
1.3952E7
1.14688E7
1.207808E7
1.335552E7
1.3604864E7
1.3483008E7
1.6794112E7
1.2772864E7
4309504.0
1610752.0
7496704.0
4933120.0
4132864.0
1.366784E7
3440128.0
3701760.0
9998848.0
5142016.0
1.5509504E7
7866368.0
-5373952.0
4751872.0
3329536.0
1314816.0
1852416.0
2101248.0
8992768.0
7825920.0
1.0977792E7
1.7453568E7
1.264896E7
1.140736E7
9242624.0
1.4703104E7
3931136.0
6119424.0
9005056.0
8323584.0
9856512.0
1.2594176E7
2.2654976E7
2.3679488E7
1.6583168E7
6772736.0
2058752.0
-3655680.0
-545280.0
1.0980352E7
1.0009088E7
1.51936E7
2.0778496E7
1.9935232E7
1.4578688E7
1508352.0
1.2269056E7
1.3615104E7
8922624.0
3324928.0
-5941248.0
839168.0
-1840128.0
-1323520.0
2102784.0
-6197760.0
7106560.0
1528832.0
-298496.0
-4998144.0
740864.0
2494976.0
366080.0
8461824.0
1.5673344E7
1.9949568E7
2.7421184E7
2.0780544E7
1.7641984E7
1.051648E7
5715968.0
9856000.0
1.0176E7
8456192.0
-1449984.0
-2892800.0
6807552.0
8481792.0
1.3786112E7
1.2787712E7
9406976.0
-2008576.0
7068160.0
5851648.0
2604544.0
2762752.0
9764352.0
1.0285568E7
6414336.0
4561408.0
-9585664.0
680448.0
1.4368768E7
1.6592896E7
7663104.0
1.288448E7
1.7908224E7
1.4262784E7
2.6507776E7
2.9699072E7
2.6459648E7
2.5650176E7
1.8393088E7
1.1104256E7
670720.0
5477888.0
-6304768.0
-8741376.0
449024.0
7789056.0
3736064.0
-2783744.0
1507840.0
4310528.0
1.6323584E7
7049216.0
1009152.0
1.2415488E7
9526272.0
6399488.0
9746432.0
1.3352448E7
1.4228992E7
1.9918336E7
2.4378368E7
1.0481152E7
8601600.0
8821248.0
5224960.0
5996544.0
1.2355072E7
1.0909184E7
3259392.0
-757760.0
-116224.0
4108288.0
1.1675136E7
6862848.0
-1193984.0
4081152.0
3543552.0
8948736.0
4812800.0
1034752.0
-3729408.0
4734976.0
9217024.0
-4400128.0
1774080.0
1.1599872E7
4300800.0
1029120.0
9017856.0
8972800.0
8806912.0
-3689984.0
-1503744.0
5716480.0
1682944.0
-2.215936E7
-1.0917376E7
-1.157888E7
5592576.0
1.3065728E7
8255488.0
-8192.0
5148672.0
5662720.0
1.2568064E7
1.9191808E7
7102976.0
1.8822144E7
2.0470272E7
1.2680704E7
6781440.0
-1114112.0
1.0975232E7
2.2028288E7
1.8958336E7
2.894848E7
2.5017856E7
2.3220224E7
1.969664E7
1.1916288E7
2.3340032E7
3.7888E7
4.9870336E7
2.5792E7
1.6589824E7
2.9774848E7
3.442432E7
3.3629184E7
2.5083392E7
1.5600128E7
2721280.0
1325568.0
1.2037632E7
1.583872E7
1.1773952E7
1.8980352E7
1.3886976E7
1.153536E7
1.1531776E7
1.418752E7
1.8996736E7
2.3347712E7
2.3356928E7
3.407104E7
3.634944E7
2.2082048E7
3.2256E7
3.698432E7
3.2597504E7
2.3884288E7
3.5724288E7
3.6644864E7
4.3162112E7
4.7968256E7
5.0906112E7
5.8432512E7
7.5342848E7
8.9860096E7
9.6073216E7
1.11391744E8
1.11837184E8
1.20229376E8
1.4237696E8
1.63403776E8
1.86123776E8
2.03415552E8
2.30899712E8
2.66083328E8
3.06273792E8
3.43913984E8
4.19222528E8
4.9870336E8
5.93201152E8
7.21473024E8
8.66198528E8
1.074275328E9
1.35401728E9
1.721718784E9
2.207173632E9
2.836261888E9
3.646870528E9
4.5770496E9
5.554036736E9
6.468170752E9
7.157075968E9
7.553087488E9
7.515152384E9
7.114676224E9
6.4000256E9
5.467007488E9
4.50258944E9
3.543612416E9
2.74007552E9
2.084837888E9
1.589676032E9
1.220982272E9
9.65802496E8
7.95503104E8
6.66845184E8
5.71497472E8
4.90380288E8
4.22401024E8
3.61910272E8
3.10979584E8
2.635648E8
2.23371776E8
1.88740096E8
1.70806272E8
1.51548416E8
1.50362624E8
1.46154496E8
1.31490304E8
1.49030912E8
1.61219584E8
1.51535104E8
1.48473344E8
1.5369728E8
1.54715648E8
1.45931264E8
1.37890816E8
1.44484352E8
1.28008704E8
1.25812736E8
1.3366016E8
1.24824064E8
1.21388032E8
1.27263232E8
1.286016E8
1.29201152E8
1.25828096E8
1.1485952E8
1.09937152E8
1.09254656E8
1.08027904E8
9.4460416E7
9.601792E7
1.04976384E8
1.08135424E8
8.8171008E7
8.6282752E7
9.0102272E7
8.4264448E7
7.9288832E7
7.7286912E7
8.2440704E7
5.7580032E7
4.5767168E7
3.409664E7
3.4977792E7
5.1493888E7
5.1701248E7
4.1153536E7
4.0862208E7
2.930688E7
3.3909248E7
4.0261632E7
3.5631104E7
3.2659968E7
3.5319296E7
3.0741504E7
2.8076032E7
3.6918784E7
4.9882112E7
4.610048E7
3.3837056E7
3.4397696E7
3.4143744E7
3.1072768E7
3.0919168E7
2.7744768E7
1.9484672E7
3.1305728E7
4.479744E7
4.6078464E7
4.7112192E7
4.2917888E7
3.480576E7
2.17088E7
2.7356672E7
4.0907264E7
4.2356224E7
2.7207168E7
1.6638464E7
2.2475264E7
2.2027264E7
2.496E7
2.5723392E7
3.8805504E7
4.760832E7
3.7121536E7
2.4491008E7
2.9176832E7
2.866176E7
2.210048E7
1.438208E7
1.9656192E7
3.3222656E7
2.7713536E7
2.033152E7
2.7218944E7
2.5973248E7
1.441536E7
2.4233984E7
3.87712E7
3.2746496E7
2.767104E7
3.3544704E7
2.6128896E7
2.9669376E7
2.9956608E7
1.4184448E7
1.1623936E7
2.8009984E7
3.4653184E7
2.346752E7
2.3154176E7
3.4016256E7
1.8143232E7
1.2717568E7
2.6774528E7
1.5907328E7
2.150912E7
2.4678912E7
2.690304E7
1.3870592E7
1.16736E7
1.2834816E7
1.3497856E7
1.6452608E7
6718976.0
6624256.0
-1288192.0
1.0653184E7
1.9065344E7
2.4269824E7
1.5453696E7
7145984.0
7056896.0
1.7182208E7
1.7785856E7
1.4092288E7
1.5250432E7
5964800.0
6228480.0
1.077248E7
1.764352E7
1.0016768E7
1.464576E7
1.9241472E7
2.0418048E7
2.3862784E7
1.5382528E7
1.1752448E7
-1349632.0
1.1987968E7
1.0894848E7
7037440.0
1.2251136E7
1.7276928E7
7127040.0
6063104.0
6707712.0
8953856.0
7486976.0
2.042624E7
1.3072896E7
4419072.0
3871744.0
1188864.0
5007872.0
7806464.0
4578304.0
9846784.0
2.4308224E7
1.5213568E7
1.096192E7
2595840.0
-4246016.0
4664320.0
1.0768896E7
1.321472E7
6758400.0
9341440.0
-2813952.0
-994304.0
-6138880.0
-4818432.0
290816.0
-6088192.0
-2999808.0
5925376.0
1.1919872E7
2.3281664E7
1.9948032E7
2.1697536E7
2.3677952E7
1.4853632E7
2.2451712E7
1.5586304E7
7646208.0
6275584.0
6882304.0
-4989952.0
-5787648.0
-7501824.0
6234112.0
3331072.0
4511744.0
2.1753344E7
2.43712E7
2.2414336E7
1.1917824E7
1.2535296E7
1.0774016E7
1.2511232E7
1.2589056E7
1.2729344E7
1.6892928E7
2.0039168E7
1.8450432E7
2.2370304E7
1.182464E7
3666944.0
7256064.0
3192832.0
1.1962368E7
1.1128832E7
3497472.0
-997888.0
3297792.0
7703040.0
8457216.0
-2740224.0
-5847552.0
2924032.0
7501312.0
1.640192E7
2.0035584E7
1.437696E7
1.0573824E7
3701248.0
-318976.0
-369664.0
-2422784.0
890368.0
-852992.0
-1.1879424E7
-2324480.0
-2313216.0
-4084224.0
-7633408.0
-1.2250112E7
-5065728.0
1061376.0
7104512.0
2.4485888E7
1.7888768E7
2048512.0
4883456.0
3493376.0
4567552.0
-4749312.0
6604800.0
9885184.0
1.5335936E7
9566208.0
8612864.0
6315008.0
3480576.0
5225984.0
1.7769984E7
2.5655296E7
3.5179008E7
4.4537856E7
4.271872E7
5.53728E7
5.9193344E7
5.624832E7
4.9088E7
4.8093696E7
3.4952704E7
1.6126464E7
1.3643264E7
1.0883584E7
8332288.0
5023232.0
1.47968E7
1.3506048E7
3614208.0
1.234176E7
2.1088256E7
2.4438272E7
1.0079232E7
-110080.0
3926016.0
9588736.0
-6378496.0
-1.5625216E7
-1.3337088E7
-1.7997824E7
-1.2596224E7
-1291264.0
7308800.0
7670272.0
1.9144704E7
7948800.0
2616832.0
7619584.0
459264.0
1.4096384E7
1.2996608E7
1052672.0
9856000.0
1.486592E7
4353536.0
6952960.0
6072832.0
1590784.0
1.1802624E7
3630080.0
3788288.0
763904.0
4481536.0
1308672.0
6280192.0
8117248.0
-1329152.0
6380544.0
1.1094016E7
1.8774016E7
1.8523648E7
1.2553728E7
4809728.0
4664320.0
3730432.0
5885952.0
5782528.0
6739968.0
1.2747776E7
8235008.0
9906688.0
1.0444288E7
5247488.0
4101120.0
1.1652608E7
1.4310912E7
7000576.0
1.5576576E7
6039552.0
1.0783232E7
1.0712064E7
9775104.0
1.8752512E7
2.6259456E7
2.8561408E7
1.9411456E7
4691968.0
9840640.0
1.8404864E7
1.2805632E7
1.2952064E7
6788096.0
-845824.0
9488384.0
1.1754496E7
3754496.0
-8876032.0
-6681088.0
538112.0
516608.0
4132352.0
6286848.0
-247808.0
-3680768.0
3596288.0
-6972928.0
-5304832.0
-6771200.0
7474688.0
5323264.0
2241024.0
5072384.0
-4020736.0
4368384.0
2.1105664E7
2.0749824E7
2.4321024E7
1.9456512E7
9484800.0
9764864.0
5846528.0
5422080.0
7093760.0
1.2572672E7
3165696.0
-3122176.0
1.2578816E7
1.4693888E7
1.6411136E7
1.5279104E7
8940032.0
-4860416.0
-3299840.0
-6763520.0
-4594688.0
4202496.0
4735488.0
5200896.0
5904384.0
1.4477312E7
1.6674816E7
1.5296512E7
7005184.0
-9240064.0
-8810496.0
1204224.0
1.2169728E7
1.460736E7
1.3216768E7
1.1510272E7
9367040.0
1.8967552E7
1.2110336E7
2803712.0
2328064.0
1611776.0
1.36192E7
9852928.0
9757184.0
8980480.0
9041408.0
-1969664.0
-1.6618496E7
-1.6363008E7
-2002944.0
39936.0
3478016.0
9476608.0
1.5032832E7
1.0712576E7
8503808.0
7302656.0
2313216.0
-4257792.0
4414976.0
984576.0
664064.0
6004736.0
9779200.0
8583168.0
5337600.0
9481728.0
6057984.0
4445696.0
-4445184.0
-9610240.0
1142784.0
-279040.0
-4183552.0
614912.0
-285184.0
130048.0
3265024.0
5241344.0
260608.0
1189376.0
-3686400.0
8153088.0
-791040.0
1.7473024E7
2.1147136E7
1.8125312E7
6106624.0
1.1598848E7
8172032.0
9107456.0
9880576.0
5911552.0
-2164224.0
-1390592.0
6930432.0
2327552.0
-6192640.0
-1567232.0
4787200.0
1256960.0
5356032.0
-4559360.0
-1.5662592E7
-1.2463104E7
-1.0130944E7
-1.2630016E7
-1.8994688E7
2140672.0
2989568.0
7414784.0
1.418752E7
3616256.0
-5879808.0
-3360256.0
-6884864.0
-6102528.0
-5653504.0
3102720.0
8121856.0
3588096.0
-1288192.0
1757184.0
4414464.0
1.7427968E7
9780224.0
4237824.0
3963904.0
3955712.0
239616.0
3860480.0
2129408.0
-7785472.0
-3861504.0
987648.0
-2278400.0
-95744.0
3332608.0
1.0264576E7
1.841152E7
6326784.0
-7363584.0
-9489408.0
-4863488.0
725504.0
8083968.0
1.5081472E7
9025536.0
1.2374528E7
3330560.0
9100800.0
-739328.0
-8546304.0
-4751872.0
4315648.0
1.5546368E7
1.8690048E7
6489088.0
1.2464128E7
6457344.0
1.3586944E7
9011712.0
5250560.0
5801472.0
5906432.0
2.207488E7
1.5545856E7
9787904.0
2755072.0
-38912.0
2781184.0
-1990656.0
-6770176.0
-6273536.0
9140736.0
6890496.0
9264128.0
6268416.0
6328320.0
1.4519808E7
3436032.0
4703232.0
-5163008.0
-1007104.0
2019840.0
3370496.0
1.712896E7
1.141248E7
4699136.0
2680320.0
6776832.0
8013824.0
1766400.0
2878976.0
-3192320.0
2761216.0
2326016.0
1.4158848E7
6982656.0
2.0158976E7
1.4464512E7
-54272.0
4881408.0
6556672.0
8707072.0
1.1748352E7
9381376.0
1.9161088E7
2.1552128E7
1.42976E7
336384.0
1617408.0
-4068352.0
392704.0
-1.0745856E7
897024.0
-1.2473344E7
-1.3195776E7
-2170368.0
-3193856.0
-3996160.0
1561600.0
9951232.0
7636992.0
6802432.0
1.2735488E7
1.6041472E7
1.945088E7
6314496.0
7541760.0
6544896.0
7791104.0
8416768.0
9902592.0
2.1691904E7
1.3692416E7
1.1326976E7
7613440.0
1.9808256E7
1.1829248E7
1.0330624E7
346624.0
-223232.0
7374336.0
1.71648E7
2.6895872E7
2.2204928E7
1.3534208E7
1.53216E7
1349632.0
1935872.0
7787008.0
2.06976E7
1.859072E7
1.1944448E7
1824256.0
2575872.0
4379136.0
3761664.0
7122432.0
-3211776.0
2475008.0
1.4253056E7
-3970560.0
-4191744.0
5604864.0
1.4084608E7
1116160.0
-6070784.0
-4412416.0
-1.3083136E7
-1384448.0
-1.2045824E7
-1.2440576E7
-4296192.0
1.1761152E7
4446720.0
-4955648.0
4551168.0
4185088.0
-2124800.0
6812160.0
1.1903488E7
1.16992E7
2577408.0
1403904.0
-926720.0
-3096576.0
2776576.0
1.2284928E7
7929856.0
3923456.0
2463232.0
3897344.0
-9900544.0
2816000.0
6040576.0
-2000896.0
7558656.0
1.0322432E7
4695552.0
6849024.0
1765888.0
315904.0
6362112.0
1.1958784E7
-4651008.0
8989696.0
1.2258816E7
7405056.0
5967872.0
9626112.0
7186944.0
4557312.0
1.6269824E7
1.1121664E7
8039936.0
1.1262976E7
4478464.0
-1520128.0
1.3442048E7
7901696.0
2580992.0
3034112.0
6091776.0
1.2145152E7
1.482496E7
1.2151296E7
9852416.0
1.41056E7
7882240.0
1827328.0
-9462272.0
-3940352.0
830976.0
-4272640.0
-3260928.0
1.090816E7
9897472.0
2833920.0
6530560.0
4086784.0
7700480.0
2238976.0
1924608.0
-4804096.0
-4161024.0
-6930432.0
-6269952.0
7590912.0
337408.0
-8402944.0
1177088.0
-60928.0
2653184.0
1.133568E7
9892864.0
1.3488128E7
9032192.0
7163904.0
9554432.0
7115264.0
1.2953088E7
9505792.0
-2776064.0
-3410944.0
4365824.0
6645760.0
1.4875648E7
1.84576E7
1.2744192E7
1.767424E7
9884160.0
-805376.0
-570368.0
4516352.0
1777152.0
1.0269696E7
628224.0
6785536.0
1.6013824E7
1.3735424E7
7151616.0
1.2172288E7
1.6459776E7
1.1396096E7
6651392.0
-5227008.0
-7761920.0
-9437696.0
2307072.0
2691072.0
-8391168.0
-1.2946944E7
2067456.0
5702656.0
4749824.0
6460928.0
-2013184.0
-1.0932736E7
-8505856.0
1.1526144E7
2.4127488E7
1.1716608E7
3076096.0
-2338816.0
-2515968.0
8953856.0
8473088.0
3389952.0
-939008.0
4804608.0
1.9159552E7
5253120.0
464896.0
-703488.0
1935872.0
9675264.0
-1418240.0
-89088.0
91648.0
-4301824.0
-2618368.0
-7203840.0
-9917952.0
-7271424.0
-9095680.0
-5791744.0
-7191552.0
-3987968.0
-3948544.0
348672.0
9032704.0
6209536.0
1067008.0
-1.2821504E7
-545280.0
2876928.0
3681792.0
5588480.0
-791040.0
3831808.0
8010240.0
1.322496E7
1.1843584E7
-178688.0
1313792.0
4487168.0
9069056.0
1.989888E7
1.0039296E7
1.3639168E7
1.3271552E7
4930560.0
7604736.0
9619456.0
3486208.0
1904128.0
1.2868608E7
1.8024448E7
1.5021568E7
4675584.0
2247168.0
1825280.0
-1572864.0
-1.5558656E7
-1.3548032E7
-4070912.0
2593792.0
-5928448.0
-4937728.0
-1296896.0
-2416128.0
-3269632.0
4639232.0
1.26848E7
1.3070336E7
4846080.0
1666048.0
5307904.0
9949696.0
4977664.0
4496384.0
738816.0
-1454592.0
7687168.0
1.0141696E7
1959424.0
-2820096.0
1530880.0
-1476608.0
-7811072.0
-9818112.0
-4841984.0
-673280.0
6073856.0
3661312.0
1.811968E7
1.2443136E7
-4092928.0
8615936.0
1.1418112E7
1.50784E7
1.3911552E7
1.5640064E7
-963072.0
-1.1495936E7
-8251904.0
-4771840.0
-3758080.0
-9397248.0
-8961536.0
-1.1634176E7
2614784.0
2142208.0
1.1657216E7
1.0251264E7
5847040.0
2656768.0
-2169344.0
-8115200.0
-1.7007616E7
-1.1757568E7
1702912.0
1.1194368E7
1.2178944E7
9026048.0
1.4273536E7
1.0965504E7
7624192.0
1383936.0
3678208.0
3219456.0
-2549760.0
2903552.0
7687168.0
7568896.0
595968.0
-5089792.0
1146368.0
3802112.0
1087488.0
4383232.0
6498304.0
1.2947968E7
5203968.0
6069760.0
1377280.0
-399872.0
-2429952.0
-1.295616E7
-1.33248E7
-7728640.0
-663040.0
8293888.0
9814528.0
3426304.0
4351488.0
7078400.0
3380736.0
-5064704.0
-4153856.0
-7791104.0
-976896.0
3268096.0
-1006592.0
9191936.0
1.00224E7
-1531904.0
-513536.0
2522112.0
-4136960.0
3440640.0
5003264.0
-7725056.0
844288.0
8371200.0
-1319936.0
-276992.0
-1.1933184E7
1242112.0
3035648.0
-8596480.0
-1.0235392E7
3571200.0
4213248.0
8029696.0
8866304.0
9767936.0
8133632.0
6193152.0
-1536000.0
-7602688.0
-821760.0
354816.0
-448512.0
-428544.0
7326208.0
1.8520576E7
1.1838976E7
5388800.0
8820224.0
6172160.0
4590592.0
9960448.0
2009600.0
-6420480.0
1390080.0
-4606976.0
516608.0
1.2435456E7
1.8639872E7
9572352.0
128000.0
-5924864.0
1177600.0
-200192.0
2348032.0
3973632.0
4184576.0
9329664.0
8598016.0
3015680.0
-420864.0
7275520.0
1.1207168E7
5218304.0
4361216.0
8957952.0
6034944.0
1.2969472E7
1.6152064E7
1.0440704E7
1.4853632E7
5462528.0
-3696640.0
-1.1080704E7
451072.0
849920.0
140288.0
1308672.0
-4151296.0
-1.6545792E7
-1.4866944E7
-3155968.0
-5108224.0
-3847680.0
9602048.0
1.4487552E7
8765440.0
-820224.0
-1.7670656E7
-1.7222144E7
-3303936.0
-536064.0
2369536.0
5679616.0
-970752.0
-3830272.0
-6502912.0
-8961536.0
-4887552.0
-2148864.0
432640.0
1.1012608E7
1.1001856E7
5795840.0
4926464.0
-4371456.0
1.5128064E7
9929216.0
6512640.0
1.089024E7
3888640.0
-3829760.0
1529856.0
-2551296.0
-1.0254848E7
-1.3574144E7
6235648.0
5984256.0
-1858048.0
-4279808.0
7958016.0
1.7986048E7
7649792.0
3824128.0
-3255808.0
-1.1719168E7
-8719360.0
4090880.0
561664.0
7017984.0
2.0597248E7
1.2976128E7
3299328.0
4301824.0
5982720.0
-2123776.0
-7323648.0
3820544.0
7873536.0
1.788928E7
3759616.0
-4287488.0
8465920.0
8869888.0
5091328.0
3258368.0
-187904.0
1068032.0
5120512.0
8219648.0
1.3728256E7
5479936.0
-7852544.0
-8171008.0
-1.8813952E7
-2.0637696E7
-1.0203136E7
1549824.0
1.01504E7
-9492992.0
-962560.0
685056.0
8373248.0
1.7522176E7
4968960.0
-3275776.0
8856576.0
6221824.0
4356608.0
3195904.0
2366464.0
-450560.0
-9476608.0
-7457280.0
-1135616.0
278016.0
-2043392.0
6918656.0
6697472.0
3137536.0
-203264.0
-2540032.0
-2174464.0
1207296.0
122368.0
-1946112.0
3110400.0
-1791488.0
4143104.0
5633024.0
5891584.0
1920000.0
5872640.0
1458176.0
8947712.0
9068544.0
5907968.0
6443520.0
-971776.0
3923456.0
-740864.0
8362496.0
1.5195136E7
1.0043904E7
5762048.0
553472.0
-3422208.0
3441664.0
1.4232576E7
1.7563136E7
6823424.0
1.021696E7
9021440.0
-2359296.0
-5049344.0
-1829888.0
3670016.0
6667264.0
6046720.0
5445632.0
6653952.0
2.1811712E7
1.9691008E7
6290432.0
640512.0
1.427456E7
8974848.0
4707840.0
-6126592.0
-1.4491648E7
-800256.0
1.2434944E7
1.7611776E7
-2775040.0
1923072.0
3878912.0
1.0481152E7
5974528.0
8906240.0
1.2993024E7
1.2149248E7
1.8948096E7
1.5393792E7
1.5120896E7
1.1623936E7
1044480.0
-291328.0
-7736320.0
1217024.0
5717504.0
9452544.0
1.1080192E7
37376.0
1.225984E7
1.5171584E7
4549632.0
-1905664.0
-6368768.0
-9847296.0
-1.3840384E7
-1.89056E7
-1.3137408E7
1283584.0
6942208.0
520704.0
2283008.0
1.0003968E7
1.0033664E7
7933952.0
353280.0
6630912.0
4253184.0
1617920.0
3503104.0
4817920.0
1.206272E7
8428544.0
9026048.0
9883136.0
1.9507712E7
1.613312E7
1.5213056E7
1.311232E7
1.428736E7
1.5885312E7
1.5483392E7
3495936.0
3742208.0
1644544.0
1.9021824E7
1.1988992E7
-1295360.0
-3067904.0
3533824.0
-1300992.0
9601024.0
-1.1761664E7
-6883840.0
59392.0
-2935296.0
-2396672.0
-2670592.0
-3771904.0
5116928.0
9315328.0
-6218752.0
425472.0
-4773888.0
-1324544.0
-4073472.0
7720960.0
1.5491072E7
1.3318656E7
2.6961408E7
1.6461312E7
1.107456E7
9448448.0
3981824.0
4136448.0
3218944.0
1.384704E7
1.3824E7
4301312.0
1.1088384E7
-3073024.0
6722560.0
3760640.0
7847424.0
1.215744E7
1.2219392E7
1.3579264E7
7940096.0
1.2722688E7
1.2123648E7
4885504.0
4507136.0
-7140864.0
-1.2133376E7
-1.0618368E7
-5784064.0
689664.0
-1.2104192E7
-5587968.0
-3464704.0
-8608768.0
-8260608.0
5847552.0
6037504.0
-325632.0
9510400.0
3643392.0
8943616.0
7134720.0
1.1089408E7
1.18144E7
9040896.0
3338752.0
4652544.0
-3238912.0
-4818944.0
1.0941952E7
6892544.0
-5067264.0
-957952.0
-4555264.0
2321920.0
-227328.0
8724992.0
416256.0
1505792.0
1.0678272E7
1.0395136E7
1.4232064E7
1.6134144E7
6105088.0
3943936.0
4473344.0
1.2762624E7
2.2600192E7
1.3549056E7
-420352.0
-6202880.0
-6835712.0
-9573888.0
-3869696.0
-8302592.0
-8056832.0
-1.135104E7
-1613312.0
9291776.0
902656.0
-2924032.0
-7011840.0
-1.1147264E7
-1.2591104E7
2174464.0
507392.0
2228224.0
-2778624.0
-1.077248E7
-1.3174784E7
-8645120.0
-1.2777472E7
-8428544.0
-1.9423744E7
-1.0366976E7
-213504.0
4432896.0
2420736.0
3592192.0
1760768.0
1838080.0
3231232.0
4775424.0
-2875392.0
9063936.0
2667008.0
1.2442112E7
2.2680064E7
1.2133888E7
1.7004032E7
5435904.0
6835200.0
5900288.0
6910976.0
1.4175232E7
-1807872.0
5611008.0
1.1095552E7
7814656.0
1.4960128E7
1.7168384E7
1.6843264E7
9240064.0
-6236160.0
-7390720.0
2463744.0
6291968.0
8335872.0
1.5972864E7
9970176.0
-3309568.0
-1.0579968E7
-4424192.0
-1788416.0
8229376.0
7459840.0
5611520.0
2673152.0
3895296.0
1.2199936E7
2017792.0
-8289792.0
-2459136.0
-1265152.0
2.1411328E7
9470464.0
7923200.0
1.92E7
1.2307968E7
7582208.0
2.7748352E7
1.649664E7
1.2266496E7
1.782784E7
1.4245376E7
7131136.0
-3957760.0
539648.0
8204800.0
-72704.0
1.1988992E7
1.690624E7
2.90688E7
2.5644544E7
1.9207168E7
9658880.0
6780416.0
1.1238912E7
1.3372416E7
1.2543488E7
1.9260416E7
2.151424E7
9331712.0
1.0087424E7
4423168.0
1265664.0
1811456.0
5524992.0
8201728.0
1.7340416E7
1.5575552E7
1.544192E7
9143296.0
7894016.0
7959040.0
-1895936.0
3561472.0
208896.0
-3813888.0
-1.1516928E7
-6816768.0
-193536.0
1994752.0
-2255360.0
-3525632.0
1260032.0
-1210880.0
-1814016.0
3667456.0
1.1952128E7
7839744.0
-5641728.0
4805632.0
1626112.0
1.2880896E7
3694080.0
913920.0
6261760.0
617472.0
4020224.0
-1111040.0
-1196032.0
-5820928.0
-6797312.0
3707904.0
1.231104E7
1.1697152E7
4593664.0
5002752.0
-906240.0
-6842880.0
-7849984.0
-2182656.0
120320.0
3481088.0
7509504.0
9698816.0
948736.0
1.1147264E7
1.7723904E7
2.1413888E7
1.30304E7
1.0078208E7
-1168384.0
-3411456.0
-1.9124736E7
-1.3010432E7
1.3082624E7
1.777152E7
1.866496E7
1.2201984E7
1.0607616E7
5164032.0
-2780672.0
1.0004992E7
5895680.0
3782144.0
-1.0763776E7
-5909504.0
2503680.0
622592.0
765440.0
1.5619584E7
1.3074432E7
1.184512E7
7764992.0
4695040.0
6770688.0
1.2167168E7
1.0562048E7
5165568.0
8617472.0
8722432.0
3849728.0
-2596352.0
1993216.0
2009088.0
-2271744.0
5480960.0
4528640.0
1104896.0
3762688.0
4529664.0
896512.0
-6033920.0
-9978880.0
5715456.0
4255232.0
356864.0
5068800.0
-1899008.0
5712896.0
1.3737984E7
1.2048896E7
1843712.0
6865920.0
-4189184.0
-3106816.0
1.0047488E7
1.0377216E7
6554624.0
-593408.0
6160384.0
-1100800.0
-2949632.0
-2171392.0
1840128.0
4707328.0
9539584.0
9601536.0
2.1822976E7
1.2767232E7
-132096.0
6633472.0
-374784.0
2035712.0
7127040.0
1.4726144E7
2.008832E7
1.4498816E7
1692672.0
-892928.0
-1071104.0
-7496704.0
-1.3530624E7
-6716416.0
1124864.0
-1.0734592E7
-1.3881344E7
-4812288.0
4648960.0
6924288.0
5664768.0
3202560.0
1.3193216E7
2.2433792E7
2.6789376E7
3.1466496E7
4.1125376E7
2.4481792E7
1.1348992E7
1.5663104E7
1.564416E7
1.68576E7
1.7498624E7
1.5553536E7
2.7877888E7
2.8422656E7
1.9981312E7
1.2347392E7
1896448.0
-1477632.0
5131264.0
1.1632128E7
1.577728E7
1.5261696E7
1.1928064E7
8717824.0
8492544.0
4745216.0
8551936.0
8729088.0
6472192.0
6790144.0
1.0346496E7
3363840.0
9607680.0
4310528.0
3824640.0
3852800.0
1.1725824E7
8544256.0
1.3784576E7
7440384.0
6700032.0
1.1703296E7
2473984.0
2565120.0
4410368.0
1.0783232E7
1.6918528E7
1.5287808E7
1.3591552E7
1.525504E7
1.2123136E7
6377472.0
-4914688.0
5050880.0
1.1695616E7
9757184.0
7967744.0
2613248.0
6502912.0
1.3676544E7
1.0552832E7
9422848.0
8987648.0
719872.0
1.51424E7
1.5948288E7
1.5175168E7
1.1157504E7
4119552.0
-1.2251136E7
-1.6976896E7
-8359936.0
-6934528.0
4659200.0
-5801984.0
-1141760.0
2163712.0
-156160.0
1.2690432E7
1445376.0
1.0015232E7
8487936.0
3756544.0
8848384.0
1.3623296E7
1.7723392E7
1.8618368E7
1.2242944E7
6787584.0
9003520.0
1.2737536E7
-150016.0
-7177728.0
6399488.0
1.0507776E7
8537600.0
-846336.0
-4857344.0
-1902080.0
-9566208.0
-1.2598272E7
-6024704.0
942080.0
1847296.0
5412864.0
1.0338816E7
4320256.0
208384.0
-5014528.0
5903360.0
1.1078144E7
4358144.0
3236864.0
4406784.0
9366528.0
-224256.0
-1.0516992E7
7211008.0
-8780800.0
-6642176.0
-1.0691584E7
-1.0427904E7
2831360.0
6445568.0
7930880.0
-2754560.0
-3415040.0
2223616.0
8214528.0
2454528.0
-1200128.0
-3079680.0
-4492288.0
-6050304.0
-4279296.0
3938304.0
-1676288.0
-6361088.0
5654016.0
1.55776E7
2.0372992E7
6787584.0
-645120.0
5011456.0
9309696.0
-3638272.0
-2446848.0
1.3671936E7
8508416.0
1.0355712E7
1.6283136E7
9714176.0
1.322752E7
9479168.0
7570432.0
1.0066432E7
7761920.0
3922432.0
6531584.0
8306176.0
5682688.0
3121152.0
4133888.0
4119552.0
1.1145216E7
5051392.0
7099392.0
5053952.0
1925120.0
5935104.0
9210368.0
1.3870592E7
1916416.0
3126272.0
9036800.0
958976.0
8804864.0
1.0669056E7
1.774592E7
7554560.0
3981824.0
6513152.0
-3159552.0
2779136.0
1.2834304E7
6318592.0
-3897856.0
-7168000.0
-9574400.0
-6753280.0
-2565120.0
7879168.0
7052288.0
1.1243008E7
9667072.0
-4171264.0
-909824.0
7881728.0
1.102848E7
9479168.0
3555328.0
1.4478336E7
4590080.0
2063872.0
7161344.0
94720.0
5208576.0
5991936.0
5042688.0
2148864.0
1382912.0
-5141504.0
-6136320.0
1117696.0
1637888.0
-1.4859776E7
-2.0328448E7
-4724736.0
-5383168.0
-1.1020288E7
-5405696.0
7798272.0
1.7261568E7
2.497792E7
8677376.0
2337280.0
5870592.0
8606208.0
-5780992.0
-1.2404736E7
-1.619712E7
-7013888.0
2496512.0
4593664.0
1.0027008E7
-1005568.0
-1.3483008E7
-8119296.0
1355776.0
5193728.0
1.3789696E7
1.05856E7
-2587648.0
240640.0
1.0712064E7
1.756928E7
7095296.0
-873472.0
5140992.0
6402048.0
1.5540224E7
5334016.0
1.5696384E7
1.654272E7
9004032.0
7979520.0
6696960.0
3075072.0
-2156032.0
-2699264.0
-596480.0
-476672.0
3034624.0
6166528.0
8818176.0
-1174016.0
4043264.0
5736448.0
3113472.0
-8139776.0
-3996160.0
-4066304.0
4538368.0
2.199296E7
1.9244032E7
1403392.0
-3885568.0
-9607168.0
-7033344.0
-1283584.0
732160.0
8517632.0
-1506816.0
-4240896.0
-1.145088E7
38912.0
7978496.0
3286016.0
3499520.0
-1052160.0
1.3782016E7
6254080.0
4967424.0
4471808.0
-4290048.0
4119040.0
1.7890816E7
1.274624E7
1.8756608E7
2.0475392E7
9403392.0
2672640.0
9772032.0
9402368.0
2103296.0
-1.3088256E7
-1.6651776E7
-1.0427392E7
1.1242496E7
2.981888E7
3.0917632E7
1.5586304E7
1.0309632E7
6959616.0
1.002752E7
4605952.0
1.0087424E7
7698944.0
6552576.0
7499264.0
1.3597696E7
1.5259648E7
1.554176E7
7337984.0
4556288.0
1.5559168E7
2.150144E7
1.65376E7
1.371392E7
7709184.0
-2504704.0
5560832.0
9478656.0
-3324928.0
5761536.0
1.1397632E7
1.3816832E7
1.3169664E7
9206784.0
5097472.0
1.6338944E7
6786560.0
4204544.0
1823744.0
1355776.0
-854528.0
-2873344.0
987648.0
-8623616.0
-7013376.0
88064.0
1.3386752E7
4408832.0
2932736.0
2176512.0
-643072.0
-2408448.0
-3030016.0
2687488.0
2223616.0
9099264.0
1.3147136E7
1.8678784E7
1.540608E7
1.2822016E7
1171968.0
-1939456.0
7120384.0
1.5364096E7
7086592.0
7326208.0
3.3028608E7
2.1700608E7
8644608.0
6189568.0
1.3249536E7
-141824.0
-1.424384E7
-1.0064384E7
-7358464.0
1.2835328E7
1.369856E7
7630848.0
2.0325888E7
1.0981888E7
1.3373952E7
8648704.0
8249856.0
-99328.0
-313344.0
7823872.0
1.4784E7
6350336.0
-781824.0
7421440.0
1.1044352E7
1.0220544E7
8588800.0
1.8274304E7
1.487872E7
5414912.0
-6585344.0
-4564992.0
-4829696.0
3615744.0
3675648.0
-1185792.0
-3955712.0
4086784.0
6952448.0
1.1881472E7
1.7714688E7
1.6730624E7
1.1870208E7
8110080.0
-1.1900928E7
-8780800.0
287744.0
3724288.0
1815552.0
1.1100672E7
2.2723072E7
2.0855296E7
7799296.0
7915520.0
-2296320.0
-3871744.0
-1.09056E7
-7560704.0
-5432832.0
2667008.0
9568256.0
1.8794496E7
1.6065536E7
1.0015744E7
1.2898816E7
1.483264E7
1.3890048E7
1.193472E7
1559552.0
-280064.0
6051840.0
9518592.0
3873280.0
-1344000.0
-2701312.0
-1874432.0
9697792.0
2.0379648E7
1.9864064E7
1.2957696E7
1.151488E7
1.5686656E7
6730240.0
8482816.0
3334144.0
-1396224.0
-2751488.0
1959424.0
3553280.0
-7539200.0
-1886720.0
2958848.0
5993472.0
2362880.0
1.9365376E7
2.2649344E7
7443968.0
432640.0
7947264.0
-550912.0
-6191616.0
-1180160.0
3830784.0
7795200.0
1.7239552E7
1.1816448E7
1709056.0
1445376.0
1.5201792E7
1.6978944E7
1.3796352E7
1.4663168E7
2.423552E7
1.7672192E7
533504.0
-6920704.0
-7576576.0
-192000.0
1227264.0
-6129152.0
1009152.0
-1041920.0
-855552.0
1.5123968E7
2.4242688E7
2.0332544E7
1.7970688E7
2.048768E7
2.0716544E7
2.233088E7
2.9416448E7
7217152.0
2241536.0
4052480.0
1.3899264E7
2.7437056E7
1.0781696E7
3549696.0
4358656.0
1.4127104E7
1.1355648E7
9777152.0
1.5856128E7
1.5919616E7
1.2382208E7
7890432.0
6419456.0
1.0300928E7
1.2531712E7
1.3881856E7
3152384.0
-4694528.0
1246208.0
3638272.0
9296896.0
1.4336E7
1.2557824E7
2692608.0
6077952.0
1.8023936E7
1.7655296E7
1.8927616E7
9025024.0
1.2422144E7
1.0003968E7
1.4701056E7
1.3652992E7
1.8077184E7
1.9132416E7
1.7760256E7
7761408.0
3611136.0
562176.0
8141312.0
1.8166784E7
8132608.0
-857088.0
-1403392.0
4116992.0
2.2678016E7
3.2025088E7
1.9922944E7
1.7731072E7
2.7104256E7
3.33056E7
1.8891264E7
1.0633216E7
5224960.0
1815040.0
9536512.0
1.91488E7
1.6389632E7
1.3125632E7
5754368.0
1.104384E7
7212544.0
-2701312.0
9187328.0
1.447936E7
1.4690304E7
1.8957312E7
2.4280576E7
1.8417664E7
1.3615104E7
5616128.0
9566720.0
1.6004096E7
1.3551104E7
2.1488128E7
1.883904E7
2.0345344E7
2.000384E7
1.3452288E7
9625088.0
9042432.0
1.0557952E7
1.0320896E7
2.3978496E7
1.6849408E7
1.9877376E7
2.0530688E7
8854016.0
3206144.0
-156160.0
6635520.0
1.5002112E7
4834304.0
-6705152.0
-1.12256E7
-6392320.0
-3013632.0
6053376.0
7589888.0
3321344.0
9688064.0
1.3879296E7
1.4402048E7
1.058816E7
1.614592E7
1.1205632E7
1479680.0
5862912.0
4012032.0
8377856.0
1.2775424E7
4145152.0
1.3960704E7
2.826752E7
1.9743744E7
9839616.0
6964224.0
6776320.0
5988864.0
8309248.0
5582848.0
-3528192.0
-4109824.0
-1.0183168E7
2594816.0
-2379776.0
6017536.0
1.245184E7
7099392.0
4106240.0
7688192.0
870400.0
2068480.0
6736384.0
7720960.0
9295872.0
7339520.0
3856384.0
6578688.0
1.1728896E7
1.7663488E7
1.9698688E7
1.7755648E7
1.1866624E7
6549504.0
1.4272E7
2.8703744E7
1.8134528E7
1.1367936E7
2.2779904E7
2.800896E7
2.3154688E7
2.2445568E7
2.3487488E7
1.598208E7
8381440.0
6987264.0
1602560.0
4999680.0
-1079808.0
4527104.0
5685248.0
1402368.0
1831424.0
-4298752.0
1.1353088E7
9440256.0
1038848.0
-2931712.0
7157760.0
8723968.0
6988288.0
704000.0
4697088.0
9420800.0
9232896.0
8818176.0
6876672.0
1.31584E7
1.2651008E7
1.244416E7
1.2469248E7
1.4480896E7
2.0720128E7
2.2063616E7
1.4777856E7
9070592.0
1.2491776E7
8273920.0
7132672.0
1.5779328E7
1.9387392E7
1.7959424E7
3.2896E7
2.0409856E7
2.0579328E7
2.8088832E7
2.4464896E7
2.576896E7
2.367744E7
2.1737984E7
1.4797312E7
1.836544E7
2.0809216E7
2.7022848E7
2.5785344E7
2.3609856E7
1.28768E7
7978496.0
5620224.0
5489152.0
-588288.0
1717760.0
-1.2727296E7
4337664.0
1.1684864E7
4337152.0
4024320.0
1.2450816E7
6652928.0
9876992.0
1.6385536E7
1.0075136E7
1.0114048E7
1.473792E7
7862272.0
1.896448E7
1.7388544E7
1.5736832E7
1.1818496E7
1.0036224E7
1.4032896E7
1.1533312E7
8143360.0
8848384.0
1.2858368E7
-939008.0
-3981312.0
-5146112.0
1784320.0
1.0994176E7
6249472.0
1.2697088E7
1.4764544E7
1.6404992E7
1.3358592E7
1.3835776E7
7857664.0
1.4355456E7
1.5215616E7
2.3428608E7
2.0768768E7
2.1404672E7
3.0222336E7
2.797312E7
1.6918016E7
2.2121472E7
1.5773184E7
1.9944448E7
1.2660224E7
888320.0
-604672.0
-5239296.0
-3413504.0
6534656.0
2.73536E7
2.6429952E7
1.4411264E7
4857344.0
4461056.0
1.2532736E7
5270016.0
6736384.0
2.2443008E7
2.3303168E7
2.744576E7
2.0710912E7
2.288384E7
2.4673792E7
1.9148288E7
1.5890944E7
1.8578432E7
3.0234624E7
3.4139648E7
3509248.0
1.2307456E7
1.1446272E7
7693312.0
1.1600896E7
9674752.0
7414784.0
1.0524672E7
6547968.0
4661248.0
6991872.0
4414464.0
8327168.0
1.529088E7
1.4312448E7
2.1526016E7
1.7649152E7
136704.0
2755072.0
-6866944.0
2474496.0
5770752.0
1.1785216E7
2.2816768E7
2.0224512E7
1.41184E7
1.5654912E7
9880576.0
2274816.0
1.0171904E7
1.156352E7
808960.0
-2329088.0
-6253056.0
6299648.0
-2462720.0
-6251520.0
-6673920.0
-3365376.0
1808896.0
-608256.0
-1.2493824E7
-1.1339264E7
-1.5858176E7
6866432.0
8339456.0
9603584.0
1.0533888E7
1.0637312E7
7454208.0
4126208.0
1.30816E7
1.9038208E7
1.1585536E7
3772928.0
3869184.0
1.3153792E7
1.7647104E7
1.4703616E7
1.1053056E7
1.7299968E7
7783424.0
8619008.0
1.5540736E7
1.438464E7
1.6559616E7
9636864.0
1.4654464E7
7781376.0
-195072.0
4372992.0
1.1144192E7
4040192.0
1.4855168E7
7959552.0
-1.146624E7
-3516416.0
2436096.0
1.1063296E7
1.476096E7
1.5218176E7
9302528.0
2.3976448E7
1.5221248E7
8673280.0
-9272320.0
-8259584.0
-7654912.0
5022720.0
7423488.0
-3509248.0
-8413696.0
-799232.0
-1120256.0
3113472.0
5364224.0
2.2089728E7
1.744384E7
2.2710272E7
3.074048E7
2.0491776E7
2.0552192E7
2.2834176E7
1.5446528E7
1.2148224E7
1.1554816E7
1.6797184E7
1.0968576E7
1.7519104E7
1.0310656E7
799744.0
-2080256.0
-1521664.0
2919936.0
1.2662272E7
1.0645504E7
2.1666816E7
2.5534464E7
2.4088576E7
2.5311232E7
2.2251008E7
2.5229824E7
1.710592E7
1.213696E7
1.625088E7
4175872.0
5076992.0
1.312E7
1.1337728E7
8971264.0
1.124864E7
2.6981888E7
2.817536E7
2.6264064E7
6695936.0
4767232.0
1.4564352E7
1.4683136E7
7338496.0
8265728.0
2.0792832E7
2.2976E7
1.34784E7
6866432.0
2173952.0
9693184.0
1.3647872E7
2.0787712E7
1.660672E7
1.0596352E7
9894912.0
1.3085184E7
2.4538112E7
2.99648E7
3.4039808E7
3.227904E7
2.029056E7
1.7533952E7
2.692864E7
3.7156352E7
3.3009152E7
3.9031296E7
3.5166208E7
2.198528E7
1.6449024E7
1.6444928E7
1.7113088E7
2.0058624E7
2.4290816E7
3.1452672E7
3.75424E7
1.4329856E7
1.9866112E7
1.7444864E7
1.677568E7
1.4114816E7
1.927168E7
2.202368E7
1586688.0
-1121280.0
-2805248.0
8431616.0
8800256.0
1.2706304E7
1.6097792E7
1.0457088E7
9977344.0
2.4773632E7
2.718976E7
5585920.0
6411264.0
8989184.0
1.1492864E7
1.619712E7
3.1101952E7
3.6343296E7
2.641664E7
1.8429952E7
5241344.0
1.471488E7
2.1636608E7
2.5329664E7
2.8186112E7
2.6740736E7
2.0077056E7
1.5379968E7
1.9408384E7
1.3742592E7
1.6612864E7
8534528.0
1.0401792E7
1.8024448E7
7067648.0
-64000.0
9728512.0
1.1478528E7
1.580288E7
1.6121344E7
2.7883008E7
3.1026688E7
3.1716352E7
4.4993536E7
3.7676032E7
2.8420608E7
3.0964224E7
1.504256E7
1.4357504E7
1.5739904E7
1.2552704E7
1.4862848E7
2.0556288E7
2.8408832E7
2.0555264E7
1.078272E7
1.9321856E7
1.5171072E7
9869312.0
9366016.0
1.8658816E7
1.5382016E7
1.8857472E7
2.1349888E7
2.3350272E7
1.5125504E7
8089088.0
1.383936E7
1.791488E7
1.8320896E7
1.4422016E7
1.1942912E7
6674432.0
1727488.0
1.186816E7
1.3668864E7
1.736448E7
2.7470848E7
2.797312E7
1.793792E7
1.0971136E7
504320.0
8900096.0
1.605632E7
1.5359488E7
1.305088E7
1.6417792E7
1.2944896E7
1.7880576E7
2.9990912E7
3.2044032E7
3.4286592E7
2.4994816E7
1.4841344E7
8924672.0
1.6534016E7
1.7238016E7
1.9843072E7
3.3487872E7
2.0967424E7
6843904.0
7349248.0
5699072.0
8290816.0
1.3168128E7
2.3926784E7
3.2380416E7
3.1755264E7
3.1313408E7
1.0209792E7
1.2123136E7
1.4424576E7
1.9414528E7
1.9488768E7
2.0750336E7
1.78176E7
2.4527872E7
2.9984768E7
2.4144896E7
3.2130048E7
3.664128E7
3.1093248E7
3.1415808E7
3.5288576E7
2.8815872E7
3.8832128E7
3.117056E7
4.2411008E7
2.7853824E7
2.8123136E7
2.0442112E7
2.8459008E7
2.5985536E7
2.0793856E7
1.919744E7
3.0928384E7
3.1691264E7
2.844416E7
3.0302208E7
2.2578688E7
2.8129792E7
2.4656896E7
2.5982464E7
3.5109376E7
3.7491712E7
4.0472064E7
5.2361216E7
6.4336896E7
7.4906624E7
9.73568E7
1.25253632E8
1.17397504E8
1.2065536E8
1.24863488E8
1.24050432E8
1.25493248E8
1.33551616E8
1.51895552E8
1.61528832E8
1.7129216E8
1.91321088E8
1.97144064E8
1.8451456E8
1.57413888E8
1.42118912E8
1.11844352E8
9.3423104E7
7.3250304E7
5.1523584E7
4.4882944E7
5.0428416E7
4.2381312E7
3.2726016E7
3.346432E7
2.0457472E7
2.0569088E7
2.3282176E7
2.0227072E7
1.6252928E7
1.083392E7
1.5093248E7
2.57792E7
2.5161728E7
2.5811456E7
3.409408E7
5.1519488E7
3.973376E7
3.0727168E7
3.4836992E7
3.3905664E7
3.52384E7
3.9196672E7
3.2737792E7
5.8551808E7
7.3119232E7
9.1025408E7
1.05797632E8
1.29147904E8
1.84448E8
2.0216576E8
1.89464064E8
1.61326592E8
1.42618112E8
1.09198336E8
7.7771264E7
6.5097216E7
5.0782208E7
4.0910848E7
4.1870848E7
2.5756672E7
2.2651392E7
2.103808E7
3.5321344E7
4.4196864E7
3.4865664E7
2.4104448E7
2.0969984E7
3.2795648E7
3.6661248E7
3.0191104E7
3.176448E7
3.0744576E7
2.877696E7
2.6674688E7
3.1113728E7
4.0747008E7
4.3586048E7
4.6443008E7
4.9290752E7
3.7205504E7
3.3707008E7
3.1084032E7
3.8521344E7
5.2279296E7
5.89696E7
4.8456192E7
4.6367744E7
6.433024E7
5.1953152E7
4.943104E7
5.9295232E7
4.8406528E7
4.182784E7
3.4855936E7
4.1313792E7
5.8461184E7
6.2537216E7
5.1035648E7
4.6660096E7
5.4937088E7
7.5950592E7
8.222976E7
7.5084288E7
6.342912E7
5.313536E7
5.6978944E7
5.4170624E7
4.7063552E7
4.5524992E7
4.3940864E7
5.3072384E7
3.601152E7
4.002048E7
3.0542848E7
3.9342592E7
3.5165696E7
3.392512E7
3.9168E7
5.3762048E7
5.2745728E7
4.80256E7
4.9796608E7
5.040384E7
4.32256E7
3.5910144E7
3.7893632E7
3.3325568E7
3.0971392E7
3.5295232E7
2.6941952E7
2.2188032E7
1.7519616E7
2.701824E7
2.873088E7
3.112192E7
3.4522112E7
2.7739648E7
2.7709952E7
4.2984448E7
4.499712E7
4.0828928E7
4.1462272E7
4.7059456E7
4.0576E7
4.0095232E7
3.8778368E7
4.4071424E7
4.7781376E7
5.900032E7
6.9721088E7
6.2939136E7
7.7733888E7
7.8522368E7
6.8617216E7
6.0965376E7
5.5761408E7
5.7517056E7
5.2261376E7
4.4829184E7
4.1056256E7
2.8055552E7
2.9379584E7
3.6176384E7
4.198144E7
4.4793344E7
2.8153856E7
2.4429056E7
2.9768704E7
3.3811456E7
3.6599808E7
3.500544E7
4.5978624E7
5.3975552E7
5.8060288E7
5.0139136E7
5.5660032E7
5.896704E7
5.7514496E7
7.4962944E7
7.811584E7
6.5688064E7
6.7380736E7
6.3062016E7
5.0236416E7
4.6216704E7
4.4512256E7
2.9776896E7
2.524672E7
3.4802176E7
3.4781184E7
5.3078528E7
5.374464E7
5.4361088E7
5.1804672E7
4.3874304E7
5.7906176E7
6.0744192E7
4.8795648E7
4.3578368E7
5.4224896E7
5.5028224E7
5.3090816E7
8.63104E7
1.18427648E8
1.47872256E8
1.7945088E8
2.02798592E8
2.26718208E8
2.24372736E8
2.10891264E8
1.8587392E8
1.65187584E8
1.40179968E8
1.17745664E8
1.04790528E8
9.7618432E7
9.0735616E7
7.1745024E7
6.9922304E7
8.8755712E7
8.9809408E7
8.8787456E7
1.0368E8
9.8357248E7
1.03965696E8
1.06148352E8
8.7548928E7
8.7251456E7
9.4828032E7
9.9255296E7
8.5398016E7
7.7740544E7
7.0542336E7
7.4518528E7
6.7402752E7
6.2710272E7
6.0573696E7
5.1648E7
4.53376E7
4.8662528E7
6.3342592E7
7.3927168E7
7.3161728E7
9.1667968E7
9.9720704E7
8.7343616E7
7.7075456E7
7.0519296E7
7.132416E7
7.1003136E7
6.910208E7
8.1021952E7
1.07779584E8
1.22532864E8
1.36616448E8
1.47474432E8
1.62187776E8
1.71968512E8
1.82226944E8
1.86302464E8
1.87670016E8
1.8852096E8
1.93789952E8
2.08333824E8
2.48504832E8
2.9599744E8
3.4079232E8
3.93117184E8
4.41477632E8
4.85161984E8
5.52145408E8
6.05632512E8
6.56306176E8
7.2151552E8
8.06049792E8
8.9988352E8
1.002655232E9
1.149611008E9
1.355886592E9
1.636099072E9
1.989168128E9
2.43163904E9
3.02733312E9
3.780830208E9
4.752712192E9
6.046943232E9
7.844187136E9
1.0369040896E10
1.3867464704E10
1.8224737792E10
2.25833344E10
2.6139044864E10
2.791250432E10
2.6883390976E10
2.439893504E10
2.0514365952E10
1.6163984896E10
1.2406912E10
9.011523072E9
6.55433472E9
4.771476992E9
3.6300032E9
2.89372416E9
2.385648128E9
1.993501696E9
1.682995712E9
1.438656512E9
1.23850496E9
1.072206848E9
9.34990336E8
8.09297408E8
6.93577216E8
5.90726656E8
5.13604096E8
4.60917248E8
4.1615616E8
3.90726144E8
3.68452096E8
3.70348032E8
3.81412864E8
3.84851968E8
3.76357376E8
3.66597632E8
3.49938176E8
3.380608E8
3.24403712E8
3.00488704E8
2.95698944E8
2.836864E8
2.74272256E8
2.5672704E8
2.65238528E8
2.72172032E8
2.69866496E8
2.74668032E8
2.6606848E8
2.57084416E8
2.57399808E8
2.41783296E8
2.31232512E8
2.2504192E8
2.11083264E8
2.09592832E8
2.09447424E8
1.9282176E8
1.97805568E8
2.02153984E8
1.95362304E8
1.87603456E8
1.77971712E8
1.81251584E8
1.77037824E8
1.78967552E8
1.81822976E8
1.75569408E8
1.62500096E8
1.65107712E8
1.69318912E8
1.58600704E8
1.42841344E8
1.34363136E8
1.3503232E8
1.23288064E8
1.21734144E8
1.23859456E8
1.19822848E8
1.0255872E8
1.08091392E8
9.9296768E7
1.12190976E8
1.12331776E8
9.889536E7
9.9236352E7
8.86656E7
9.6008192E7
1.05506816E8
1.06505728E8
1.1997696E8
1.24834816E8
1.32209664E8
1.3835776E8
1.519104E8
1.61460736E8
1.66541312E8
1.48283904E8
1.38208256E8
1.27057408E8
1.16852224E8
1.1276288E8
1.20897024E8
1.13424384E8
1.13540608E8
1.1370496E8
1.05340416E8
9.7760256E7
9.3664768E7
9.6420352E7
1.00492288E8
9.2087808E7
8.9176064E7
8.6437376E7
8.4167168E7
7.0447104E7
8.2016768E7
8.8077312E7
7.6992512E7
7.43424E7
8.150784E7
8.5075456E7
9.1246592E7
9.2540416E7
9.5164416E7
9.7089024E7
1.01147648E8
9.7412608E7
1.05104896E8
1.03850496E8
9.6875008E7
1.02275072E8
1.1672576E8
1.18278656E8
1.22578432E8
1.17525504E8
1.25423616E8
1.27716352E8
1.27934976E8
1.36676864E8
1.37774592E8
1.296128E8
1.29412608E8
1.26301696E8
1.21773568E8
1.27862784E8
1.21325056E8
1.1168256E8
1.1760128E8
1.34131712E8
1.35970816E8
1.57983232E8
1.90368768E8
2.11983872E8
2.52924928E8
3.22400768E8
4.15373824E8
5.49692416E8
7.31175424E8
9.48682752E8
1.08953856E9
1.074251776E9
9.5592704E8
8.32825856E8
6.89201664E8
5.49201408E8
4.41683456E8
3.34373888E8
2.7343104E8
2.20507136E8
1.98243328E8
1.71469824E8
1.47381248E8
1.30870784E8
1.46849792E8
1.53218048E8
1.57830656E8
1.65497856E8
1.6864256E8
1.5717888E8
1.41890048E8
1.25356544E8
1.16599296E8
1.22097664E8
1.1286528E8
1.0536192E8
1.15613696E8
1.01500928E8
1.07966464E8
1.07982336E8
9.0592256E7
7.5055104E7
5.6167936E7
5.0976768E7
3.3664512E7
3.1127552E7
2.628608E7
1.0702336E7
6870528.0
2.17728E7
4.9672192E7
4.7276032E7
3.689984E7
3.2021504E7
3.0395904E7
3.2808448E7
3.7193728E7
4.0945664E7
5.13024E7
6.1715456E7
7.3878016E7
6.9110784E7
5.46688E7
5.2292608E7
5.6886784E7
6.784768E7
6.4942592E7
6.62528E7
7.1263232E7
7.5735552E7
7.8567936E7
7.3570304E7
8.2100224E7
9.6548352E7
1.12234496E8
1.04546304E8
1.10844416E8
1.18676992E8
1.10271488E8
1.04551424E8
9.1886592E7
7.40736E7
7.0833664E7
6.3752192E7
6.4500736E7
6.255104E7
5.3621248E7
5.3873664E7
6.8923392E7
9.7451008E7
1.18395392E8
1.35706112E8
1.380224E8
1.36799232E8
1.2500224E8
1.16456448E8
1.08796416E8
1.0816512E8
9.8001408E7
9.306112E7
1.0264576E8
1.0555648E8
1.08115456E8
1.00313088E8
1.03013376E8
1.02255616E8
1.01236736E8
1.0416384E8
9.5629312E7
9.3553152E7
9.8808832E7
9.993472E7
1.000704E8
1.09115904E8
1.06403328E8
1.03862272E8
1.12615936E8
1.13467904E8
1.10944256E8
1.12571904E8
1.13708032E8
1.25264384E8
1.2852992E8
1.12357888E8
1.04113152E8
1.04090624E8
9.2199424E7
7.8393856E7
5.5837184E7
2.7602944E7
2.798592E7
3.469568E7
2.9670912E7
3.8689792E7
4.2681344E7
4.4059648E7
4.9945088E7
6.4347136E7
7.1278592E7
9.1800576E7
1.18280704E8
1.53250816E8
2.00244224E8
2.41664E8
2.48850432E8
2.32943616E8
2.16674816E8
2.06882304E8
2.015744E8
1.86308608E8
1.72661248E8
1.39935232E8
1.43589376E8
1.46162688E8
1.283072E8
1.15270144E8
1.23774464E8
1.20763904E8
1.00069888E8
7.3822208E7
7.2771584E7
9.2328448E7
9.2694528E7
8.4555264E7
9.4577152E7
1.06896384E8
1.00794368E8
1.07562496E8
1.29706496E8
1.40781568E8
1.42910976E8
1.43401984E8
1.56899328E8
1.63767296E8
1.9494144E8
2.1446656E8
2.09983488E8
2.17695232E8
2.204928E8
2.17112576E8
2.073856E8
1.86083328E8
1.73063168E8
1.72130816E8
1.78126848E8
1.9341824E8
2.2760192E8
2.51078656E8
2.89534976E8
3.45977344E8
4.35515904E8
5.8881536E8
7.66486528E8
9.26016E8
9.39360768E8
7.9696896E8
6.60265472E8
5.1053824E8
3.5039488E8
1.99407616E8
9.4747136E7
5.809408E7
7.4446848E7
9.76256E7
1.3265408E8
1.73124608E8
2.248448E8
2.59221504E8
2.92780032E8
3.01243904E8
2.88025088E8
2.59485184E8
2.41380864E8
2.42024448E8
2.51902464E8
2.56093184E8
2.49366528E8
2.3581696E8
2.43002368E8
2.67710464E8
3.03519744E8
3.52669696E8
3.897344E8
4.082304E8
4.04138496E8
3.84659456E8
3.505536E8
3.46148864E8
3.4941696E8
3.55832832E8
3.71132928E8
3.84832E8
3.82139392E8
3.4975232E8
2.96265216E8
2.40520192E8
2.14524928E8
2.06282752E8
2.30981632E8
2.65742336E8
2.97659392E8
3.43305728E8
3.77909248E8
3.79149312E8
3.72511232E8
3.52957952E8
3.38079232E8
3.30878464E8
3.5391232E8
4.08340992E8
4.89449984E8
5.7170944E8
6.67687936E8
7.45317376E8
7.94183168E8
8.5655808E8
9.24059648E8
9.91099904E8
1.029440512E9
1.019361792E9
9.71713024E8
9.47108352E8
9.94285056E8
1.136889344E9
1.36418048E9
1.62856704E9
1.93825792E9
2.269180416E9
2.600296448E9
2.911627264E9
3.211856896E9
3.521626112E9
3.846830592E9
4.266374144E9
4.799075328E9
5.444014592E9
6.16597248E9
7.030744576E9
8.384394752E9
1.0445972992E10
1.2977691136E10
1.6042691072E10
1.9915474944E10
2.4959877632E10
3.1454406144E10
3.9777816064E10
5.0899739136E10
6.6604586496E10
8.9772301824E10
1.22422593024E11
1.58685195776E11
1.78183323648E11
1.67352417792E11
1.44518488576E11
1.2176612864E11
9.640724736E10
7.2366102528E10
5.0637443584E10
3.5278184448E10
2.628929024E10
2.082543104E10
1.7106425856E10
1.4169513472E10
1.1879904768E10
1.0038956032E10
8.496654336E9
7.224574976E9
6.195672064E9
5.363398144E9
4.648012288E9
3.981797376E9
3.398744576E9
2.923561984E9
2.53947136E9
2.273741824E9
2.117824512E9
2.048816128E9
2.032111104E9
2.078364672E9
2.177202688E9
2.224553472E9
2.17625088E9
2.048347136E9
1.891270144E9
1.758633472E9
1.645155328E9
1.537071616E9
1.45353728E9
1.397238272E9
1.374811648E9
1.370112512E9
1.390803456E9
1.410131968E9
1.424626688E9
1.426966528E9
1.407382016E9
1.374832128E9
1.322041344E9
1.239653888E9
1.150970368E9
1.083723264E9
1.035964416E9
1.007737344E9
1.00248832E9
1.008353792E9
1.029124608E9
1.02421504E9
9.87437056E8
9.140096E8
8.2837248E8
7.65743616E8
7.15877376E8
6.88557568E8
6.61800448E8
6.49381888E8
6.31840768E8
5.9840256E8
5.45313792E8
5.07608576E8
4.7793408E8
4.65598464E8
4.90848768E8
5.04205824E8
5.17520384E8
5.253888E8
5.33757952E8
5.46444288E8
5.42147072E8
5.69710592E8
5.67576064E8
5.52392704E8
5.21571328E8
4.97504256E8
4.72015872E8
4.62069248E8
4.66120704E8
4.77344768E8
5.02666752E8
5.363712E8
5.82788096E8
6.35951616E8
6.80121856E8
6.72142336E8
6.53776896E8
6.25209344E8
5.98031872E8
5.62912768E8
5.04661504E8
4.46564864E8
3.920128E8
3.80060672E8
3.76775168E8
3.7546496E8
3.76947712E8
3.96205056E8
4.02295808E8
4.15826432E8
4.22785024E8
4.05312E8
3.85864704E8
3.6329472E8
3.56178432E8
3.48797952E8
3.1913728E8
2.88369152E8
2.69118464E8
2.7334656E8
2.64521216E8
2.76647936E8
2.91497472E8
2.98556928E8
3.03622656E8
3.09135872E8
3.17530624E8
3.12853504E8
3.0537216E8
2.9156608E8
2.888192E8
2.81044992E8
2.71798272E8
2.6593536E8
2.61924352E8
2.67459584E8
2.77561856E8
2.82421248E8
2.6366464E8
2.4959744E8
2.566656E8
2.47411712E8
2.38401024E8
2.26227712E8
2.31831552E8
2.41160192E8
2.23380992E8
2.26194432E8
2.2959616E8
2.28087808E8
2.30256128E8
2.19565568E8
2.14364672E8
2.1602816E8
2.28624896E8
2.3555584E8
2.43684352E8
2.53130752E8
2.669312E8
2.55424E8
2.43669504E8
2.39488E8
2.43293696E8
2.65559552E8
2.71261696E8
2.60424192E8
2.31812608E8
2.091136E8
2.00039936E8
1.94457088E8
1.8199296E8
1.70999808E8
1.44905216E8
1.39569152E8
1.41381632E8
1.35613952E8
1.361024E8
1.3728256E8
1.27448576E8
1.29574912E8
1.31890688E8
1.34026752E8
1.37054208E8
1.26771712E8
1.32545536E8
1.29580544E8
1.28119808E8
1.303168E8
1.25303808E8
1.21603072E8
1.1469824E8
1.12247296E8
1.17133824E8
1.02072832E8
1.033984E8
1.07316736E8
1.08958208E8
1.30548224E8
1.2643072E8
1.06200576E8
9.9827712E7
9.887488E7
8.7706624E7
7.1132672E7
8.2375168E7
8.939008E7
1.04775168E8
1.09165568E8
1.17956608E8
1.27566848E8
1.29157632E8
1.23216384E8
1.1502592E8
1.11246848E8
1.17963264E8
9.638144E7
7.9745024E7
6.519808E7
5.2996096E7
5.0763776E7
5.455872E7
5.9608576E7
5.71648E7
6.6631168E7
7.2495104E7
8.7636992E7
9.9150336E7
1.06923008E8
1.00835328E8
1.09662208E8
1.17363712E8
1.1379456E8
1.03476736E8
1.00614656E8
8.8846848E7
7.8816256E7
9.0301952E7
9.7106944E7
9.4990848E7
9.8167296E7
1.07314688E8
1.13517056E8
1.07722752E8
1.11586304E8
1.0716672E8
1.01378048E8
9.7040896E7
9.323264E7
1.00207616E8
1.11419392E8
1.12261632E8
1.05089536E8
8.4191744E7
7.0105088E7
6.7990528E7
6.0537856E7
4.528128E7
4.1977344E7
4.65152E7
4.0082944E7
4.3456512E7
6.1263872E7
7.7837312E7
8.3550208E7
8.4484096E7
8.3412992E7
8.1131008E7
7.8668288E7
7.4107392E7
7.7910016E7
7.780864E7
8.2384896E7
8.4917248E7
8.6285312E7
8.8121856E7
9.9814912E7
1.09977088E8
1.12301056E8
9.900544E7
1.01551104E8
1.08604416E8
1.19083008E8
1.32312064E8
1.45606144E8
1.7352192E8
1.96426752E8
2.37279232E8
2.80125952E8
3.57106688E8
4.5427456E8
5.95815424E8
7.80949504E8
9.5448832E8
1.042613248E9
9.83406592E8
8.59538944E8
7.2637696E8
5.75106048E8
4.46121472E8
3.30653696E8
2.44973568E8
1.98060544E8
1.65053952E8
1.47398656E8
1.2412928E8
1.08790784E8
1.07589632E8
1.01431808E8
9.9198976E7
9.8407936E7
8.5948928E7
6.3642112E7
6.6670592E7
6.0145664E7
4.9674752E7
4.5735424E7
3.6833792E7
4.3692032E7
3.7228032E7
3.2621568E7
1.8039296E7
2.7548672E7
4.876288E7
4.07808E7
2.7701248E7
3.7961216E7
4.1543168E7
3.652096E7
2.776064E7
3.536128E7
3.19616E7
3.3347584E7
2.4233472E7
3.0980608E7
3.1746048E7
3.2101888E7
2.5534464E7
3.481856E7
3.3952768E7
3.312128E7
3.0846976E7
2.2410752E7
2.4618496E7
2.6476032E7
2.2792192E7
2.26304E7
1.5961088E7
1.3417472E7
9507840.0
9689088.0
1.1176448E7
1.6860672E7
2.078464E7
2.1979136E7
3.6048384E7
4.3936256E7
3.9455232E7
3.7323776E7
3.3506816E7
3.1551488E7
5.1356672E7
6.1182976E7
3.6434944E7
3.6027392E7
3.417088E7
4.0872448E7
5.2039168E7
5.2918784E7
5.1072E7
3.6279296E7
3.5899392E7
2.231552E7
1.6244224E7
1.6950272E7
2.5659392E7
2.757888E7
2.6796544E7
2.5686016E7
3.2471552E7
3.0764544E7
2.366208E7
1.7634304E7
2.8960768E7
3.7529088E7
2.9947392E7
3.1936E7
2.7515904E7
3.8822912E7
3.8616064E7
4.0523776E7
4.1137664E7
3.7296128E7
2.8413952E7
2.6015232E7
2.7883008E7
2.8481536E7
4.3642368E7
3.9136768E7
2.8285952E7
2.7554304E7
1.863936E7
2.2419456E7
2.7844608E7
2.6048512E7
3.3287168E7
2.9839872E7
3.2943616E7
3.9226368E7
5.3592064E7
4.8581632E7
3.419392E7
3.3690624E7
3.7651968E7
4.973824E7
5.235968E7
5.070336E7
2.9985792E7
1.6882688E7
7715840.0
1.4529536E7
2.2689792E7
2.544128E7
2.879744E7
2.0089856E7
1.714432E7
1.938688E7
1.9664896E7
1.5285248E7
2.2304256E7
1.1236864E7
6822912.0
3785216.0
2818560.0
6794240.0
6007808.0
4556288.0
59392.0
-1833472.0
-2668544.0
2130944.0
-6394368.0
844288.0
6204416.0
9179648.0
1.7416192E7
1.1674112E7
3908608.0
9074176.0
2.0231168E7
2.4935936E7
6705664.0
1.1904512E7
1.2303872E7
4961280.0
8113664.0
4401152.0
-7757312.0
-7843840.0
-4832256.0
-1320448.0
1.365248E7
1.4779392E7
1.8376704E7
1.815808E7
1.5386624E7
1.369088E7
1.9530752E7
1.5796224E7
1.4076416E7
1.7632256E7
9617408.0
1.6686592E7
1.2362752E7
3.0946304E7
3.3969664E7
3.8524416E7
3.351808E7
2.3768576E7
2.7822592E7
2.758144E7
2.5245184E7
2.219264E7
2.2879744E7
2.0322304E7
2.569728E7
3.0669312E7
3.4257408E7
3.000576E7
1.9371008E7
1.5486464E7
2.1252608E7
1.8435584E7
2311168.0
9380352.0
2.2977024E7
1.497856E7
2.7108352E7
2.5875456E7
2.2446592E7
1.7918976E7
1.1121664E7
4160000.0
1.5821824E7
2.0009472E7
1.6906752E7
9534976.0
2056704.0
3295232.0
5782016.0
1.3427712E7
3366912.0
-3916800.0
-1433600.0
161792.0
4523520.0
9591808.0
2.5680384E7
1.4966784E7
2.1188096E7
1.963008E7
7957504.0
1.3261312E7
7418880.0
1.494784E7
8591872.0
3960832.0
5696512.0
1.0737152E7
8698368.0
-399872.0
9911296.0
1.8025984E7
1.5997952E7
1.8064384E7
2.8198912E7
3.1881216E7
2.419968E7
1.1405824E7
5582336.0
1.2624384E7
1.5541248E7
1.7286144E7
1.7293824E7
1.1260928E7
9410560.0
1.712384E7
2.1286912E7
1.7916928E7
3087360.0
1.2923904E7
1.9371008E7
1.7525248E7
1.3047808E7
1.0454016E7
7448576.0
1.0811392E7
1.042944E7
1.0768384E7
7697408.0
2886656.0
1312768.0
3939328.0
1.7078272E7
1.7633792E7
1.4704128E7
2.122496E7
1.7399808E7
3924480.0
3077120.0
8960000.0
1.0250752E7
6580224.0
1.8109952E7
2.435584E7
2.0519424E7
9567744.0
3010560.0
1.0783744E7
2.47168E7
2.0980224E7
2.405632E7
2.2986752E7
1.6550912E7
8588800.0
-2385408.0
1.2878336E7
1.1322368E7
1.0481664E7
1.1099136E7
1.6756736E7
2.332928E7
2.8614656E7
1.492224E7
1.0126336E7
2.1450752E7
1.4559744E7
8729600.0
2.2164992E7
1.3490176E7
1.367296E7
1.1335168E7
2.1581312E7
1.7033216E7
2607616.0
975872.0
1886208.0
4419584.0
1.7040384E7
5816832.0
8878080.0
6628864.0
-1054720.0
2954752.0
1.13536E7
1.5382528E7
7709696.0
7728128.0
1.0375168E7
-4355584.0
-1.15584E7
650752.0
2.1497344E7
1.4322176E7
6873088.0
1.7322496E7
1.8069504E7
1.0302464E7
5782528.0
-365056.0
-2796032.0
-4896256.0
-3750400.0
8673792.0
9189376.0
1.0252288E7
-2197504.0
2925056.0
1.0978816E7
1.2048896E7
2.0281856E7
1.2386304E7
9396736.0
2851840.0
3433472.0
1.1152384E7
2.5286656E7
3.2251904E7
1.1808768E7
1.5417344E7
1.4843904E7
1.7439232E7
1.7716736E7
3900928.0
1.2574208E7
1.8913792E7
2.2664192E7
2.2067712E7
2.1168128E7
2.0058112E7
1.7791488E7
1.996544E7
1.2099584E7
1.8627072E7
1.8141696E7
1.5615488E7
8122880.0
2.156288E7
2.5883136E7
1.612544E7
2799104.0
-2150912.0
1.9637248E7
3.1990272E7
2.615808E7
1.7938944E7
2543104.0
1924096.0
1.0466304E7
6278656.0
3041792.0
1405952.0
4573184.0
3914240.0
1.1673088E7
2.012672E7
1.7069056E7
4264960.0
697856.0
-2849792.0
3644416.0
7415808.0
1.599232E7
1.879552E7
5997056.0
1379328.0
-4848128.0
7311872.0
1.0791936E7
8849920.0
-791040.0
2892288.0
-5176832.0
4251136.0
1.1444736E7
1.4614016E7
1.5861248E7
6809600.0
-2440704.0
-2782208.0
1.2452864E7
1.0724864E7
9529856.0
-5381632.0
1337344.0
4989952.0
1.159936E7
1.8057216E7
1.95584E7
1.21984E7
6323712.0
952832.0
8094720.0
6684672.0
1.0619904E7
8419328.0
1042432.0
1.0060288E7
1.8289152E7
1.4854144E7
3490304.0
-1733632.0
-2417664.0
-1122304.0
-1.1027456E7
-8019456.0
4200960.0
4979200.0
1.2662272E7
1.382656E7
9772544.0
1.1377152E7
1.1779072E7
1.378816E7
2.0217344E7
3567104.0
2997248.0
-7982592.0
4103168.0
82944.0
7555072.0
1.2345856E7
8782336.0
2172416.0
6208000.0
1196032.0
5708800.0
1.2820992E7
1.4714368E7
1.2747264E7
6184960.0
7114240.0
5130240.0
6046720.0
6139904.0
4918784.0
6239232.0
1.0540032E7
4350976.0
6026240.0
-115712.0
1.1127296E7
2943488.0
5515264.0
9402880.0
1.5414272E7
1.820672E7
7551488.0
-7268864.0
3358208.0
1.0175488E7
6240768.0
-407552.0
-6167552.0
-1021952.0
2022400.0
1403904.0
9982464.0
7397888.0
6539264.0
1.2703232E7
1.4591488E7
1.2705792E7
1.155072E7
371200.0
1.1485696E7
9476096.0
5408768.0
2353664.0
8606720.0
2.5101312E7
2.787072E7
6374400.0
7462912.0
5498880.0
1.1122176E7
1.6812544E7
-3326464.0
-1.0496512E7
-1205760.0
1.3462016E7
2.3824384E7
1.5653888E7
1.5586304E7
1.501696E7
5847040.0
1.5559168E7
2.3546368E7
1.6420864E7
866816.0
1569280.0
8866816.0
2.3161344E7
1.5385088E7
7999488.0
1.2338688E7
2.4964096E7
6787584.0
-3383296.0
6584832.0
6394368.0
1.6581632E7
1.6592384E7
9885184.0
7285760.0
1.0172416E7
1.45664E7
1858048.0
10240.0
1.3139968E7
5100544.0
1.2052992E7
2.034944E7
1.697792E7
3930624.0
1.1045376E7
1.2988416E7
1.0284032E7
1.197312E7
5394432.0
8886272.0
1.0236416E7
1.549568E7
1.3377536E7
1.915904E7
1.9354624E7
5330944.0
1.0559488E7
1.4341632E7
2.3079936E7
2.3968256E7
2.584064E7
2.875648E7
1.998848E7
7816192.0
1.245184E7
1.9365888E7
2.9148672E7
2.4619008E7
1.4731264E7
6366208.0
1.0111488E7
9730048.0
1.143552E7
1.1973632E7
1.7198592E7
2.9132288E7
3.2828928E7
3.4651136E7
3.183104E7
2.724096E7
3.7730816E7
3.3575424E7
4.1893888E7
4.8831488E7
5.0226688E7
5.1656704E7
6.4876544E7
5.8796544E7
3.6737536E7
3.2580608E7
1.8572288E7
2.0589056E7
1.813504E7
1.8465792E7
1.947904E7
2.48832E7
1.7014784E7
7906816.0
1.9789824E7
2.196992E7
2.3601664E7
2.0518912E7
1.3699584E7
1.3508096E7
5954560.0
5594112.0
1040896.0
3780608.0
288256.0
-3043840.0
2044928.0
4715520.0
6844928.0
1.3127168E7
5545984.0
9426432.0
1.056E7
1.0023424E7
7501312.0
7628288.0
251392.0
-1.0389504E7
-4068352.0
1.3172736E7
1.1464704E7
2.5769472E7
1.450496E7
8265216.0
-1457152.0
-4187648.0
-2398208.0
1.261568E7
3592192.0
-1251328.0
-4971520.0
-1499648.0
2701824.0
1.4718464E7
1.48992E7
1.48096E7
8419328.0
-1698304.0
1912320.0
7851008.0
2.3814656E7
2.339072E7
2.9193728E7
6281216.0
6191616.0
3486208.0
8629248.0
1.5986688E7
1.7908224E7
2.3699968E7
2.5107968E7
2.6622976E7
2.3442944E7
1.3624832E7
2.1720576E7
1.605888E7
9493504.0
8512512.0
5833216.0
1.5283712E7
1.4414336E7
1.1163648E7
8557056.0
1.431552E7
2.3719424E7
2.0144128E7
1.603328E7
1.808128E7
2.1207552E7
1.8858496E7
1.5481856E7
2.2462464E7
2.1491712E7
1.5731712E7
1.4705664E7
1.1874304E7
5254656.0
-3052544.0
4579840.0
6066688.0
2480640.0
8974336.0
2.5863168E7
2.2831104E7
1.461248E7
3603456.0
7262720.0
1.8672128E7
2.157312E7
1.6970752E7
1.4802432E7
1.0428416E7
1.9106816E7
2.493952E7
2.0317184E7
1.782272E7
8424960.0
6144512.0
4435456.0
1.0187264E7
4749824.0
2266624.0
838656.0
7657472.0
5818880.0
5003264.0
9829888.0
8976384.0
1256960.0
8537600.0
7620096.0
9629184.0
1.4752256E7
1.7468928E7
1.4594048E7
1.925376E7
1.687552E7
1.9981312E7
1.6443392E7
1.7915392E7
2.0337152E7
1.9057152E7
1.6897024E7
1.7906688E7
1.4907904E7
1.4624768E7
1.6618496E7
1.3540352E7
1.91488E7
1.1904512E7
1.1311616E7
1.5667712E7
1.5508992E7
1.4679552E7
2.7073024E7
3.2613376E7
2.4684032E7
1.6001024E7
7705600.0
9846784.0
-168960.0
-4886528.0
5014528.0
9511424.0
1.8088448E7
1.4695424E7
2.2050816E7
2.1842432E7
1.2472832E7
3192320.0
-884224.0
670208.0
-6974464.0
-8575488.0
-1.2678656E7
1.2660224E7
2.0954624E7
1.343232E7
1.1505664E7
749568.0
5465088.0
4882944.0
-7355392.0
-1.40544E7
317440.0
835072.0
3877376.0
8750080.0
8843776.0
1.247488E7
1.2121088E7
5839360.0
-1121792.0
8747520.0
1.3388288E7
5069824.0
3246080.0
1236480.0
-1378304.0
5707776.0
1.7560576E7
6328320.0
9070080.0
-1899008.0
391168.0
1.5110144E7
5957632.0
-1813504.0
1601024.0
-2832896.0
-5189120.0
-1.4364672E7
-1976832.0
1.3679616E7
6961152.0
9074688.0
9920512.0
-1531392.0
8631808.0
1.7398272E7
2.0870656E7
2.7711488E7
3.3368064E7
2.5334272E7
1.6297472E7
1.57184E7
2.2158336E7
2.6394624E7
2.8724224E7
2.2292992E7
1.7701376E7
1.6743936E7
1.2261376E7
2633216.0
-2767360.0
-1256448.0
9886208.0
619520.0
-1423360.0
1.2473344E7
7780864.0
1.6060928E7
8077824.0
5943296.0
2154496.0
1018368.0
-4753920.0
-593920.0
9768960.0
1.9336704E7
1.5725568E7
1.5589888E7
2918400.0
4656128.0
1.4064128E7
1.730048E7
1.8102784E7
1.454848E7
3428352.0
-2588160.0
-8369152.0
-1.0297856E7
-3986432.0
2238976.0
6393344.0
1.282048E7
1.0734592E7
1.4569984E7
1.6070144E7
794112.0
9758720.0
1.0771456E7
9074176.0
43008.0
3572224.0
-1109504.0
-6136320.0
-3019776.0
-520192.0
8057344.0
1.2192256E7
1.2383232E7
9235968.0
1.3793792E7
1.2923392E7
2.3807488E7
1.9336704E7
8292864.0
1.0479104E7
8172544.0
1.9693568E7
1.1892224E7
9343488.0
1.276928E7
9767424.0
3487744.0
-2786304.0
2175488.0
5662208.0
1.33248E7
1.4912512E7
2.0233728E7
2.025216E7
9583616.0
-1065984.0
-3885056.0
-1.0212352E7
-1.223168E7
-5070336.0
-2633728.0
-7225344.0
-4734464.0
-1589248.0
221696.0
-4772864.0
-2065408.0
7469568.0
3087360.0
3470848.0
1.275136E7
3069952.0
2639360.0
3971584.0
1.0253824E7
815104.0
1226240.0
2745856.0
-2432000.0
-1518592.0
-1713152.0
-6623744.0
-4285952.0
-5099008.0
600064.0
1.0707456E7
1.1973632E7
1.2620288E7
627712.0
-1.0126336E7
-5056512.0
103936.0
1.5368704E7
1.100032E7
4631552.0
-2429952.0
-2341888.0
-2204160.0
5650944.0
-2563072.0
1555456.0
555008.0
1.4407168E7
2.0011008E7
2.1713408E7
9211904.0
-3124224.0
-217088.0
1.2608E7
1.050624E7
9097728.0
2.8808704E7
2.713088E7
2.1594112E7
2.2140416E7
2.4546816E7
2.1612032E7
2.9172224E7
2.0236288E7
2.4198144E7
2.522368E7
2.4483328E7
2.3213568E7
3.7776384E7
4.7909376E7
4.3503104E7
4.5008384E7
4.94336E7
4.0029696E7
3.5784192E7
3.130624E7
2.7575296E7
1.8841088E7
1.1463168E7
2.0893184E7
5240320.0
1.2977152E7
1.3917184E7
5992960.0
-3164672.0
625664.0
3060224.0
1096704.0
6867968.0
-1.158144E7
1206784.0
6110720.0
4631552.0
3875840.0
2768384.0
5018624.0
-241152.0
2479616.0
8133120.0
9917440.0
1.7665024E7
1.0574336E7
2514432.0
-8559104.0
3745792.0
1.558016E7
1.582336E7
1.619968E7
1.1739648E7
8007168.0
1.1124736E7
1.1225088E7
1.1555328E7
1.7442816E7
1.6007168E7
1.7875456E7
4470784.0
-1392640.0
-6058496.0
2214912.0
5832192.0
8192000.0
6770688.0
1.2629504E7
9699840.0
2606080.0
9199616.0
6928384.0
9678848.0
4085760.0
6187520.0
1.484544E7
2.2581248E7
1.7650688E7
1.3865984E7
8642560.0
1.0574336E7
7956992.0
1.023744E7
770048.0
-987648.0
-1580032.0
-4819456.0
3169280.0
4997120.0
-1874944.0
4081152.0
9715712.0
4032512.0
-1.1518464E7
-1.9191808E7
6894080.0
1482752.0
-6334976.0
1501184.0
1.4423552E7
9580032.0
8621056.0
1.4685696E7
1.2125184E7
1.0619392E7
9533440.0
1.2240384E7
1.1138048E7
3790848.0
1.0463744E7
1261056.0
-4377600.0
3191808.0
2.1716992E7
1.3920256E7
3152384.0
8792576.0
6720512.0
5335040.0
9094656.0
1.3351424E7
1.859072E7
1.7423872E7
1.98912E7
1.4853632E7
6323200.0
-3381248.0
5368832.0
7380992.0
1.1617792E7
7502336.0
-1362432.0
1992704.0
2762752.0
-506880.0
-8023552.0
2445824.0
1.3840896E7
6681600.0
-8136192.0
-3898368.0
-1.0733568E7
2843136.0
1.3170176E7
2.2462976E7
3892224.0
-143872.0
2415104.0
1063936.0
8370688.0
1.8057728E7
1.9644416E7
2.1518848E7
1.1862016E7
4957696.0
2.0826624E7
2.066688E7
1.1097088E7
6363136.0
7408640.0
1.25184E7
1.3161984E7
1515008.0
4298240.0
9634304.0
8936960.0
2013696.0
2286080.0
-3672064.0
-4575744.0
5024768.0
9605120.0
7971840.0
1.3932544E7
1.9826688E7
1.7409536E7
8713216.0
7342592.0
7520768.0
4742656.0
1.2891648E7
9793024.0
9758208.0
1014784.0
-7475200.0
4672000.0
8961536.0
6811136.0
8504320.0
5286400.0
1.3656576E7
1.1536384E7
1.0559488E7
1.861632E7
9966592.0
7747584.0
1.906432E7
1.8504192E7
2.4948736E7
1.3861888E7
9590784.0
1.8217472E7
2.4900096E7
2.5677824E7
1.4635008E7
1.4672384E7
1.5409152E7
1.3381632E7
8856064.0
1.0486784E7
2325504.0
4589056.0
3309568.0
998912.0
3502080.0
-8286208.0
8822784.0
4158464.0
-4115968.0
7057408.0
1.5775744E7
-210944.0
-4580864.0
-1.0338304E7
-4047872.0
1587712.0
5669888.0
969728.0
5541888.0
1942016.0
-6691840.0
4098560.0
6750208.0
5906432.0
5041664.0
4897792.0
5430784.0
1.4889472E7
6038016.0
1.2695552E7
1.5804928E7
-1897472.0
-3834368.0
-4639744.0
-5086720.0
-823808.0
-5848064.0
-647168.0
3727872.0
1.0110976E7
4716544.0
4433920.0
-2975232.0
6272000.0
7974912.0
1378816.0
-9971712.0
1.1436032E7
1.7430528E7
1.2809216E7
5522944.0
4013568.0
6151680.0
4162048.0
2.065664E7
2.3223296E7
2.096128E7
7729152.0
7808000.0
1.1296256E7
1.2403712E7
1.8993664E7
1.9686912E7
2.2560256E7
2.765824E7
2.4339456E7
1.5184384E7
7160832.0
2.1064704E7
1.6782848E7
8303616.0
6708736.0
1.7283584E7
1.1949568E7
1.5284736E7
2.5879552E7
2.0787712E7
1.372416E7
-511488.0
9161216.0
1.6850432E7
1.6360448E7
1.4979072E7
1.2539392E7
1.5052288E7
7820800.0
1.0421248E7
1.6631808E7
1.8757632E7
1.2244992E7
6162432.0
-3244032.0
6146560.0
1894912.0
7217152.0
-1227776.0
-2722304.0
1.3901312E7
-536064.0
-859648.0
1.3420544E7
2.4489472E7
3957760.0
-9015808.0
-1.0400768E7
-669184.0
985600.0
-6088192.0
5066240.0
5945344.0
7277056.0
-4962304.0
-161280.0
819712.0
8471552.0
6552064.0
148992.0
1354752.0
1.3019136E7
8644608.0
-4304896.0
-5895168.0
225792.0
1.349632E7
1.821952E7
1.1875328E7
1.9329024E7
4273152.0
-284160.0
4109824.0
1.0651136E7
1.7140224E7
1.8994688E7
1.3216768E7
2.2331392E7
1.2872704E7
3951104.0
-982016.0
2144768.0
-1722368.0
1.1391488E7
1.8973696E7
3917312.0
5042176.0
-4684288.0
-6760448.0
-4293120.0
3462144.0
1620480.0
5305344.0
-944128.0
-3423744.0
5918720.0
8529408.0
6347264.0
2.0691456E7
9490944.0
1.182208E7
9544192.0
1.1081728E7
-1122816.0
5487616.0
1.732096E7
1.410048E7
2.2749184E7
2.7318272E7
1.9569152E7
2.2828032E7
1.8656768E7
1.967616E7
8537600.0
6035456.0
8862720.0
1.1401216E7
1.0574848E7
1771520.0
1.115392E7
9152512.0
987648.0
-5281792.0
-4266496.0
9986560.0
-5329408.0
-6859264.0
4239872.0
1.1029504E7
1.5320064E7
2.4790016E7
1.7432576E7
1.148416E7
8279552.0
6104064.0
8973824.0
-514048.0
1019392.0
1.0622976E7
1.3497344E7
1.8555392E7
1.5387136E7
1.8412544E7
6663680.0
3915264.0
6242304.0
-389120.0
7704576.0
1.5011328E7
2.3340032E7
1.8617344E7
1.4481408E7
1.1803136E7
9584640.0
8909824.0
4880384.0
2730496.0
1.1590656E7
9270272.0
4254208.0
-2821632.0
2466816.0
3292160.0
5198848.0
181248.0
2.1927424E7
1.8673664E7
1.142784E7
6989312.0
6716928.0
419328.0
-4001792.0
9592832.0
1.7617408E7
1.1929088E7
-3600384.0
5074432.0
6566912.0
5667328.0
-5544960.0
-1.0877952E7
6280704.0
1241088.0
8190976.0
1.8732032E7
1.0346496E7
3213824.0
3562496.0
4538880.0
1.152768E7
8950272.0
6107136.0
8626176.0
1.1831808E7
1.4854144E7
1.847296E7
1.0491904E7
1.1941888E7
1.280512E7
1.574912E7
1.4163456E7
1.0921984E7
1.1421184E7
1.3335552E7
1.2081664E7
799232.0
8637440.0
-1162752.0
1.00096E7
1.8002944E7
-3846144.0
-6100992.0
7119872.0
1.1471872E7
1.2219904E7
8779776.0
-643072.0
3506176.0
157184.0
4613120.0
9614336.0
1.872896E7
1.9327488E7
1.065984E7
1.2983296E7
1.5383552E7
1.4005248E7
1.48096E7
1.4023168E7
1.4611456E7
6754304.0
1.4587392E7
1.2854272E7
1.262336E7
1.720576E7
6769664.0
1.069824E7
2.0804096E7
2.9748224E7
2.0160512E7
3.3619968E7
2.1525504E7
1.1782144E7
1.1927552E7
562176.0
-941568.0
-7209472.0
1.2402176E7
1.6734208E7
2.371328E7
1.195264E7
1.6392192E7
1.4767616E7
8985088.0
9761792.0
1.3791232E7
1.440512E7
2.7556864E7
2.8632064E7
1.4600192E7
1.7702912E7
1.7050624E7
2.2222336E7
2.65344E7
2.288128E7
2.06464E7
2494976.0
-7809536.0
5182976.0
1.099008E7
1.57952E7
1.2844544E7
1.3504E7
2.6369024E7
2.413312E7
9818112.0
5097472.0
1.6041984E7
1.0217984E7
582144.0
4480512.0
1.9309568E7
2.2911488E7
1.5804928E7
1.2566016E7
1.9431424E7
1.2347904E7
1.5463936E7
2.2427648E7
1.1301888E7
1711104.0
1.0726912E7
1.2296192E7
2235904.0
-3645952.0
4525056.0
9257984.0
6582272.0
1739776.0
-5291520.0
-5271040.0
-1269760.0
3159040.0
374272.0
-626688.0
312320.0
257536.0
-3915776.0
-6962688.0
-4470784.0
6008320.0
1.6848384E7
-6819328.0
1.0634752E7
-35328.0
8882688.0
1.1454976E7
850432.0
-7206400.0
-1724416.0
6287872.0
-2148352.0
-8773632.0
-1.35424E7
-3595264.0
2757120.0
-823296.0
-4116992.0
959488.0
249856.0
5979136.0
5837312.0
1453056.0
8286720.0
5412864.0
3804672.0
-1.2703744E7
-1840640.0
-7351296.0
-3350016.0
8526336.0
-7481344.0
-8934912.0
-6910976.0
-4636672.0
1.036544E7
-2246144.0
-6676480.0
-9149952.0
-1244160.0
-3977728.0
2411008.0
1312768.0
4399104.0
5288448.0
401920.0
680960.0
-1637888.0
1337856.0
5288960.0
1.0377728E7
5842432.0
3400192.0
1.0264576E7
1.4355968E7
1.0986496E7
1.6363008E7
1.4002176E7
5693440.0
7522816.0
1.7017344E7
1.56416E7
1.0539008E7
119808.0
-3228672.0
6144.0
2521088.0
5577728.0
1.140992E7
1.8691584E7
1.9152384E7
1.5894016E7
2.313216E7
3303936.0
1.1465216E7
-3372544.0
-7132672.0
3947520.0
7742464.0
7114752.0
3725824.0
-2732544.0
2425344.0
3256832.0
8636928.0
809472.0
-5639168.0
-6375424.0
1025024.0
-5071360.0
-8915968.0
-1.0797056E7
-2630144.0
3624960.0
1.2639232E7
1.6850432E7
1.9684864E7
1.4657024E7
9201152.0
1.4606848E7
9676288.0
6145024.0
1.6474112E7
1.9751424E7
1.5385088E7
6504448.0
1222144.0
1.1844096E7
8493056.0
1.0997248E7
1.7001472E7
1.5267328E7
2.1399552E7
1.4916096E7
9695744.0
1.8176E7
1.5971328E7
2.85056E7
1.8335744E7
1.5379456E7
8334336.0
-167424.0
-6630912.0
-4888576.0
2869760.0
5012992.0
1.6160256E7
3839488.0
8530944.0
7990784.0
1.4218752E7
9167872.0
-618496.0
934912.0
1.2980736E7
2494464.0
-5753344.0
-9557504.0
-1436160.0
-9963520.0
-1.9831296E7
-1.1861504E7
3714048.0
5090304.0
6009344.0
3264000.0
5647872.0
1.605632E7
1.6973312E7
4487168.0
8588288.0
2101760.0
1.2440576E7
1.994496E7
1.942528E7
1.1484672E7
1.240832E7
5282816.0
-3625984.0
-2681856.0
-2772992.0
1.1901952E7
1.477632E7
2701824.0
-1698304.0
-2634752.0
1785344.0
9360896.0
-800768.0
9378816.0
1.8054656E7
1.449216E7
3296768.0
6883328.0
7896064.0
-4657664.0
3518976.0
1392640.0
-9211904.0
-1.131776E7
-1.161472E7
1361920.0
2406912.0
-2734080.0
3431936.0
-1379328.0
-3856384.0
-1513984.0
-1395712.0
-421888.0
2396160.0
1354240.0
8311808.0
-60928.0
102912.0
-115200.0
-4513280.0
-5635072.0
-4834304.0
-2973696.0
2939904.0
1.3173248E7
-1690112.0
-1.1742208E7
-4760576.0
-9444864.0
-5412864.0
4189184.0
-83968.0
-2449408.0
-5185024.0
-6861312.0
-964096.0
-3548672.0
8802816.0
4473344.0
1239040.0
4408320.0
564224.0
-1586688.0
-1.2040704E7
-1.398272E7
-2.5985024E7
-2.023168E7
-1.976064E7
-5665792.0
6507008.0
1.206272E7
1.51168E7
4676096.0
1.3763584E7
2.08896E7
2.2744576E7
1.794048E7
6172672.0
-1718784.0
-6557184.0
-7920128.0
-4303360.0
-1174016.0
6824960.0
7979520.0
2.2371328E7
2.5470976E7
1.7193472E7
1.6844288E7
2951680.0
-3341824.0
8398848.0
1.5650304E7
9391616.0
1.5048192E7
-330752.0
-7759872.0
5064704.0
6836224.0
2078208.0
2021376.0
-1628672.0
1289728.0
5121024.0
6494208.0
-1517056.0
1858560.0
7079936.0
5880832.0
6447104.0
3565056.0
1.7013248E7
1.4903296E7
6877696.0
1.7772032E7
1.5962624E7
6745088.0
-357888.0
8119808.0
5653504.0
5028864.0
8282112.0
7571968.0
1.1312128E7
-2516992.0
-2719744.0
-9032704.0
-5833728.0
2461696.0
1.4930944E7
9552384.0
9489920.0
1.1872256E7
-4822016.0
-9550336.0
-4218880.0
8658944.0
9766400.0
-886784.0
8823296.0
9729536.0
7344128.0
1.087744E7
9984000.0
4175360.0
-1164288.0
-7171584.0
-5028352.0
-6653440.0
-1.4039552E7
-7650304.0
2122752.0
-329216.0
-6239232.0
-5731840.0
-2921984.0
4542464.0
1.030656E7
1.8249216E7
1.787648E7
5951488.0
-2099712.0
-3451392.0
-3271680.0
-6558720.0
-9824256.0
-1.7635328E7
-1.26208E7
2658816.0
1.2422144E7
9705984.0
1.0537472E7
-617984.0
-8837120.0
551936.0
-6606336.0
-4689920.0
1.3918208E7
2.2611456E7
9979392.0
8969728.0
6434816.0
3363328.0
8459776.0
1.2239872E7
9516544.0
6249984.0
-631808.0
1631232.0
7687680.0
9437696.0
5068288.0
37888.0
1.2292096E7
1.5778304E7
8066048.0
5749248.0
1.0574848E7
1.150464E7
2500608.0
-4035072.0
-685568.0
6008832.0
1.4979072E7
1.6290304E7
1141760.0
-5720064.0
1651712.0
-420864.0
-6021632.0
1332736.0
-3892224.0
-3968512.0
6237184.0
4881920.0
3481600.0
-3011584.0
-75264.0
1.3472768E7
1.4567936E7
8294912.0
2186752.0
4371968.0
-494080.0
-9947136.0
-4550656.0
6991360.0
-344576.0
-6369280.0
-3357184.0
-6998528.0
-1909248.0
694272.0
2422784.0
1.9421696E7
1.1977216E7
1.279744E7
3277824.0
-1542656.0
-1.1903488E7
-4304384.0
5992960.0
351232.0
1480704.0
-4740608.0
4492800.0
9239040.0
2602496.0
8464384.0
2584064.0
-1697280.0
447488.0
3800576.0
5182464.0
9334272.0
2.1727744E7
2.2239744E7
2.2653952E7
1.1446272E7
3486720.0
1.5372288E7
1.192192E7
4755456.0
3496960.0
2420736.0
3046912.0
6609920.0
1.616128E7
2830336.0
-5538816.0
-5547520.0
-4100096.0
-3224576.0
4250112.0
1.0808832E7
3598848.0
-595456.0
-6587392.0
-4203520.0
-3279360.0
2746368.0
-1948160.0
5991936.0
9596416.0
8388096.0
1.6666624E7
2.1724672E7
2.1207552E7
1.1429376E7
5664768.0
8103424.0
1.0773504E7
9792512.0
1.5353856E7
1.4096384E7
1.170944E7
2828800.0
6496256.0
1.4908416E7
8122368.0
-1156096.0
-6803456.0
-4647936.0
-913920.0
-6677504.0
2288128.0
-3059712.0
-4231168.0
4329984.0
-4267520.0
-5479936.0
2096640.0
-3220480.0
-1191424.0
-3617792.0
-2762752.0
7437312.0
1.2909568E7
1.1953152E7
-2673664.0
-9358848.0
-1.383168E7
-8945152.0
7064576.0
1.2122112E7
4942848.0
-3974144.0
-9940480.0
-1.4855168E7
-2585600.0
3571712.0
739328.0
3630592.0
137728.0
8026112.0
1.3913088E7
3857920.0
-936960.0
-316928.0
275456.0
9510912.0
8420352.0
1278976.0
1.0596864E7
1.0981888E7
1.7388544E7
1.2735488E7
1303040.0
4044800.0
1.193984E7
1.0316288E7
1.0860032E7
7748096.0
5232640.0
2663936.0
1801216.0
-3045376.0
-3817472.0
3033600.0
5366272.0
-1.3566976E7
-1.3346816E7
-4184576.0
2956288.0
3100160.0
9182208.0
2153472.0
6894080.0
1.352448E7
1.419776E7
4582912.0
-5063680.0
-3500032.0
-4207616.0
-6670848.0
-6788096.0
-2618880.0
-7360512.0
5511680.0
-2593280.0
970240.0
-2496000.0
-3704832.0
2457600.0
1.334016E7
9236992.0
7922176.0
1.2737024E7
460800.0
1331200.0
8861184.0
4057600.0
2399232.0
2446336.0
3211776.0
-5274112.0
2346496.0
3654656.0
5515264.0
-1848320.0
-4984320.0
-1.3101568E7
-3601408.0
6969856.0
8633856.0
2508800.0
1778688.0
7929344.0
6728704.0
8189952.0
8391168.0
7595520.0
5420032.0
2189312.0
-251904.0
5497856.0
4293120.0
8520704.0
6022656.0
5424128.0
3585024.0
-1016320.0
1454080.0
-5867008.0
-7676416.0
5914112.0
8924672.0
2047488.0
-852992.0
-1.2238336E7
-1.5303168E7
-4882432.0
-2930688.0
-6494720.0
-5779968.0
-1.1565568E7
-1.1642368E7
-2797568.0
-1.552384E7
579072.0
-1665536.0
-60416.0
1336832.0
1.6058368E7
1.5952384E7
9996800.0
1.3400576E7
5730816.0
1.56288E7
1.0076672E7
1.320704E7
5658112.0
-3345920.0
-8427008.0
-7195648.0
-2811392.0
7297536.0
1.1378176E7
8891904.0
1.4034432E7
1.8554368E7
858624.0
-1723392.0
1.1490816E7
1.3753856E7
7132672.0
-9669632.0
-8287744.0
71168.0
-2559488.0
-6753280.0
-5202432.0
-4115968.0
5562880.0
9037312.0
1.2309504E7
1.5849472E7
-2056704.0
2076672.0
3556864.0
172544.0
7841280.0
-381440.0
-1.4396928E7
-8872448.0
1869312.0
-5787648.0
2954752.0
9015296.0
7557632.0
-1.186816E7
-7109632.0
-7433728.0
-1687040.0
7965184.0
3343872.0
7781888.0
1.2854784E7
4314624.0
1.6735744E7
890880.0
-5553664.0
-3137536.0
-1.0812416E7
-8612864.0
8053760.0
1986560.0
6219264.0
2869760.0
-3753984.0
-4099072.0
-5904896.0
-1.5827456E7
-1.0634752E7
7466496.0
1.1076096E7
9466880.0
965632.0
6555136.0
1763328.0
4725248.0
3640832.0
908288.0
-4623360.0
2546688.0
7105024.0
6947328.0
7153152.0
1.1575296E7
1.0704384E7
5777408.0
-4756992.0
-8532992.0
85504.0
-1183232.0
-1.298688E7
-1.8658304E7
-9504256.0
-2118656.0
1226240.0
-2882048.0
-5527040.0
-1857536.0
6822912.0
751104.0
1290752.0
8444928.0
1.0679296E7
6455296.0
1.0244608E7
1.4489088E7
1272320.0
6574080.0
-3627008.0
-7099392.0
-4504064.0
-4008960.0
2468864.0
-3744768.0
-5789696.0
-9038848.0
-2658816.0
5649408.0
1.7751552E7
4654592.0
2867712.0
5115392.0
7148032.0
8685056.0
9214464.0
1.6756224E7
2.4901632E7
2.189568E7
2.0923904E7
1.6410112E7
2.1336576E7
2.253568E7
2.749696E7
1.1247104E7
-1.2942848E7
-8799232.0
-1.2267008E7
-2615808.0
3207680.0
-4409856.0
-1.2113408E7
-8327680.0
3465216.0
6684672.0
4306432.0
1.0174976E7
1.540864E7
1.0290176E7
1.5611392E7
2.4889856E7
8406016.0
-4669952.0
445440.0
3688960.0
5302784.0
4897280.0
2640384.0
7124480.0
1.0679808E7
-57856.0
1.3425664E7
1.0904064E7
1.4372864E7
2.2362624E7
1.5027712E7
8099840.0
1.04576E7
8935424.0
9784320.0
1.3892608E7
2.4397824E7
1.5895552E7
1.3075456E7
1.2839424E7
3435520.0
9167360.0
1.1426304E7
7809024.0
9325056.0
7561216.0
1.3190656E7
2091520.0
7843840.0
1.0512896E7
6984704.0
3757056.0
-2396160.0
-2599424.0
4344832.0
3993088.0
4392448.0
1.0993664E7
-4322304.0
-1.3271552E7
4854784.0
1.6644608E7
9344000.0
5179904.0
179712.0
3905024.0
5447680.0
1.0591744E7
1.5322624E7
1921024.0
-6683648.0
-2942976.0
111616.0
-2020864.0
-4194304.0
-2815488.0
-6397440.0
-8562688.0
-1.2574208E7
-1.7828864E7
-1.7691648E7
-1.3203456E7
-1.1461632E7
-7238656.0
-3835904.0
548352.0
4211712.0
9139200.0
1.1861504E7
6607360.0
9146880.0
-3801088.0
1851904.0
4866048.0
1.7347584E7
2.1023232E7
1.4332928E7
7937024.0
1313280.0
1.2233216E7
-1264640.0
-3412992.0
430080.0
1.0200064E7
8290816.0
-1406464.0
835072.0
23040.0
-3466240.0
5068800.0
-4626944.0
-1853952.0
-4623360.0
-660992.0
-7639552.0
4426752.0
8837632.0
8244736.0
6201344.0
3765760.0
1614848.0
4983296.0
699904.0
2076672.0
-2531840.0
1415680.0
9011712.0
1.1121152E7
5656064.0
-9583104.0
-2.0765184E7
-1.197568E7
-6319104.0
-3025920.0
5775872.0
-8655872.0
-1084928.0
1162752.0
-6376448.0
-1.3719552E7
-1.087232E7
2454528.0
-4977152.0
-2615808.0
-6223360.0
8428032.0
8873472.0
5864448.0
389632.0
2432000.0
-560640.0
3603456.0
7305728.0
4963840.0
8763392.0
-8317952.0
690688.0
1.2598784E7
1.568256E7
1.0727424E7
7099904.0
7510016.0
1.6798208E7
1.4895104E7
1.2563456E7
5828096.0
363520.0
-4636672.0
4566528.0
1.9980288E7
1.64608E7
7237120.0
-5189632.0
-4204544.0
-3303424.0
-155648.0
1.3233152E7
1.4534656E7
6878720.0
8829440.0
1969664.0
1039872.0
-8058368.0
-1.3945856E7
890368.0
-1.0568192E7
-8945152.0
-6645248.0
-2857984.0
-1956864.0
-7944192.0
-9931776.0
-8869888.0
-3711488.0
5284864.0
1.129984E7
222720.0
-1.1044352E7
-9100800.0
1144832.0
3614720.0
-3194880.0
2717696.0
9440256.0
5398016.0
8971776.0
1.0308096E7
1.8354688E7
1.760256E7
2.0690944E7
3604992.0
-3653632.0
-578048.0
4389888.0
1.0442752E7
7584768.0
-1290752.0
-2961920.0
-1645568.0
-1624576.0
-3310592.0
2116096.0
7389696.0
-1.5872512E7
1442304.0
6337024.0
4514304.0
-2.1374464E7
-2.0475904E7
-1.0999296E7
-1.093888E7
-7419904.0
-2360320.0
1.1930112E7
1.2708864E7
8225280.0
852992.0
4012544.0
1.1193344E7
745984.0
-7496704.0
-5482496.0
1555456.0
-1566208.0
1393152.0
1438720.0
-794624.0
-1057280.0
7329280.0
9301504.0
4965888.0
665600.0
8056832.0
6628352.0
3555840.0
7624704.0
-2357760.0
-6660096.0
-1.009408E7
-810496.0
-3292672.0
-2307072.0
3453952.0
2192384.0
7800832.0
-3101696.0
-1.0959872E7
-1.765632E7
-1.6409088E7
-3655168.0
-405504.0
-124928.0
2501120.0
5112832.0
6978560.0
5728256.0
7140864.0
-8556544.0
-3163648.0
-7707648.0
2707456.0
-3856384.0
1877504.0
1.3458432E7
6663680.0
1707008.0
1.033728E7
1.9385344E7
1.4084608E7
-1280512.0
3231232.0
5204992.0
1.8667008E7
1.4148608E7
3952128.0
2004480.0
7438848.0
1.4958592E7
1.2153344E7
5740544.0
6402560.0
8647680.0
1.1272192E7
-2558976.0
1156096.0
1.1420672E7
4837376.0
-6805504.0
188416.0
-3952640.0
-3454976.0
4909056.0
9694208.0
6055936.0
-146432.0
3660800.0
-4719104.0
5107200.0
2274816.0
5169152.0
-4381184.0
-8257536.0
-1575424.0
5150208.0
4682752.0
7103488.0
-7773696.0
-991744.0
3883520.0
1.0313216E7
7909376.0
1.5167488E7
3020288.0
3043328.0
-1517056.0
-1.2885504E7
-1.4531072E7
46592.0
4044800.0
4635648.0
-4018688.0
-3232768.0
2448384.0
2735616.0
-3900416.0
1.1719168E7
2093568.0
-292352.0
1.1764736E7
5585408.0
9756672.0
-424960.0
-1530880.0
1.0126336E7
9745408.0
820736.0
1275392.0
1687040.0
-3758592.0
-1056256.0
-7417344.0
-818176.0
-8265728.0
-9435648.0
1695232.0
8514048.0
1.0422272E7
4963328.0
9900544.0
1064448.0
-2327552.0
-5557760.0
1.0292224E7
8857088.0
-1228288.0
-1.1609088E7
-1.4724096E7
-4414464.0
5284352.0
1.9413504E7
-1483264.0
-8450048.0
4362240.0
1.399808E7
2590208.0
3009536.0
893440.0
5553664.0
3131904.0
1225728.0
-1.3129728E7
-1.0925568E7
90112.0
-3336704.0
-1.1378688E7
-7362048.0
577024.0
-6846464.0
-9789440.0
-7759360.0
-6510592.0
1.0984448E7
1.107456E7
5060608.0
-4624896.0
-8603136.0
-9336320.0
-8798208.0
325632.0
7303168.0
1.7770496E7
1.4518784E7
1.691392E7
1.00224E7
-5708800.0
-6304768.0
4525568.0
3297792.0
-4661760.0
1617408.0
-4687872.0
-9597440.0
-2293760.0
2852864.0
-1162752.0
-1.2447744E7
-5056512.0
3841536.0
2138624.0
3859968.0
-1.195008E7
-1.6332288E7
-1.0627584E7
-2295808.0
3369472.0
7693312.0
1.2828672E7
1.9121664E7
8683520.0
7935488.0
3144704.0
-71168.0
5466112.0
8961024.0
-2626560.0
-9446400.0
-5917696.0
-7283712.0
-2415104.0
-1.3169152E7
-7624704.0
-711168.0
6464512.0
6664192.0
464384.0
-198144.0
2687488.0
8963584.0
4986368.0
6012416.0
-2215936.0
-1.2133888E7
4581376.0
5098496.0
-6316032.0
-7782912.0
4040704.0
-8240128.0
-5251072.0
-6410240.0
-7125504.0
1916416.0
1808384.0
4062720.0
1.1307008E7
-4417024.0
688640.0
-301568.0
2153472.0
1.3937152E7
8156672.0
-1467392.0
-5323776.0
-9821184.0
-6887936.0
-2844672.0
2158080.0
-260608.0
1.55008E7
1.055744E7
9519104.0
5376512.0
-4214272.0
-6169600.0
1.1043328E7
9715712.0
2088960.0
-1340416.0
-8786432.0
-1.1853824E7
-1.1099136E7
-2048512.0
4274176.0
1.5555584E7
1.7449472E7
6585856.0
3595264.0
-4226048.0
1709056.0
-2335744.0
-1.170176E7
-7449600.0
-9394176.0
-4764160.0
-1.0551808E7
91648.0
3435008.0
2525184.0
656384.0
1333248.0
7779840.0
5522944.0
5415936.0
-1.5023616E7
-1.9038208E7
-8402432.0
1417216.0
8285184.0
3973632.0
-3920896.0
-1.4765056E7
-1.3900288E7
-2616832.0
-2419712.0
3787264.0
1303552.0
-3073024.0
5440512.0
3192832.0
4359680.0
-1760768.0
-1719808.0
3651584.0
1.7179136E7
1.3020672E7
-5649920.0
-2432000.0
5449728.0
-375296.0
-1703936.0
1791488.0
-1399808.0
-7653888.0
-3968512.0
-2088960.0
4345856.0
1.187072E7
4578304.0
-144384.0
1490432.0
-3817984.0
5140480.0
-1161216.0
24576.0
-4278784.0
-7167488.0
-1.4839296E7
-5867520.0
-9200128.0
-1.1389952E7
-2733568.0
-2885120.0
-2985472.0
6529024.0
9218560.0
6103040.0
-6196736.0
-5830656.0
-2367488.0
-1.8601984E7
-8011776.0
-8735232.0
-1.1890688E7
-7706624.0
9028096.0
5827072.0
-3712512.0
6769664.0
1.1532288E7
1.946112E7
5063168.0
4823552.0
-2075136.0
-7873536.0
-8426496.0
-432640.0
7035904.0
1.6768512E7
4738048.0
68096.0
1236992.0
4207104.0
1951744.0
1.1038208E7
5881856.0
2002944.0
4275200.0
7916032.0
8852480.0
2725888.0
-8227840.0
-4065792.0
-5947392.0
-5060608.0
7236096.0
2.2916096E7
1.890816E7
9751552.0
9400320.0
3317248.0
-2801152.0
-1.4989312E7
-1.5239168E7
776704.0
8070656.0
-147968.0
1736704.0
5212160.0
-1.042432E7
-59392.0
5693952.0
9271296.0
1.3551616E7
4658688.0
2970112.0
1.2031488E7
3584000.0
4724224.0
163328.0
5880320.0
1.3056512E7
-5125632.0
-6356992.0
5869568.0
8953344.0
9401856.0
-8049152.0
-7438848.0
7010816.0
2507776.0
629760.0
-860160.0
4011008.0
-8450560.0
-1.2486656E7
-7966208.0
-9401856.0
-1391104.0
5236736.0
-5593088.0
482304.0
-698880.0
2668544.0
-3308544.0
1259008.0
2254336.0
-323072.0
3210240.0
5652480.0
5172736.0
-2401280.0
-1.0688E7
-6262272.0
719360.0
-2457600.0
1205760.0
1.8241024E7
1.6762368E7
1.1879936E7
5139968.0
2938880.0
860672.0
1698816.0
1.5122944E7
3965440.0
1.1478528E7
7408640.0
1.0422784E7
6584832.0
2457600.0
4118528.0
646144.0
-1919488.0
-9728512.0
-4982784.0
-1.3222912E7
-1.3021696E7
-5025792.0
-1.55392E7
-2.0007936E7
-1.8413056E7
-1.9244544E7
-2.1320192E7
-9866240.0
457728.0
-9338880.0
-1.0827776E7
-1.0333696E7
-1392640.0
5962752.0
7687168.0
-3480576.0
-1.2472832E7
-2.1872128E7
-1.3607936E7
-1.2827648E7
-7604224.0
-9688064.0
-1.3008896E7
-1.5038464E7
-4938752.0
5974016.0
3808768.0
-1416704.0
-2275328.0
-933888.0
-7979520.0
-847360.0
1159168.0
3686912.0
7303680.0
8453632.0
1.1212288E7
4901376.0
1003520.0
-722944.0
2011648.0
-7724544.0
-1.0722816E7
-6069760.0
6848000.0
-471040.0
-6054912.0
-1.2252672E7
-1.4086144E7
-1.1765248E7
-1.0505728E7
-6580224.0
-5003264.0
3227648.0
-5922304.0
-1965568.0
-4880896.0
-1.043712E7
-2754048.0
-5547520.0
5890048.0
4129792.0
8412672.0
1.0032128E7
1969664.0
-3008512.0
-429568.0
1.0569216E7
2907136.0
-3956736.0
6508544.0
4443648.0
-5514752.0
6820864.0
7929856.0
3652608.0
-906240.0
1.3923328E7
3949056.0
-1.4233088E7
-2.1446656E7
-1.7063424E7
-6272000.0
-689152.0
-3656704.0
-7825408.0
4248576.0
4495360.0
4995584.0
9809408.0
-2146816.0
-8505344.0
-3412992.0
6938112.0
9284608.0
1.5128064E7
1.7568768E7
8648192.0
-2858496.0
3756032.0
-2835456.0
1.5355392E7
1.312E7
8534528.0
7247360.0
6783488.0
-9292800.0
3294720.0
-1579520.0
-3618304.0
-1.0405376E7
-1.7604096E7
-1.5194624E7
-1.092608E7
1.0415104E7
1.1542016E7
7632384.0
1.5545344E7
9978880.0
1.0135552E7
8136704.0
3039232.0
5757952.0
5431808.0
739840.0
647168.0
-4431360.0
-5959168.0
-5984256.0
-243712.0
1.2484096E7
1970176.0
-6261248.0
207360.0
-1.5314944E7
-7950336.0
3940352.0
8561664.0
8393728.0
4354560.0
8183808.0
1.0154496E7
7723008.0
646656.0
-2887168.0
-1.5251456E7
-1.5572992E7
-2927616.0
1537536.0
195072.0
8969728.0
4765184.0
1369600.0
3309568.0
-1014272.0
1.001472E7
5031424.0
2598912.0
788480.0
-1137152.0
-4268544.0
-1187328.0
-2407936.0
-8666112.0
-5401600.0
4091904.0
-3072.0
893440.0
-1027584.0
3931648.0
7131648.0
2162688.0
1354240.0
8013824.0
8130560.0
1079296.0
1757184.0
1.2358656E7
7497728.0
5312000.0
-3478528.0
7902208.0
3938304.0
-1973248.0
263168.0
-1.1270656E7
-1.3650432E7
5483008.0
1.2349952E7
1.2362752E7
1255424.0
1002496.0
3602432.0
1926656.0
-1.4845952E7
-1883136.0
1047552.0
30720.0
3142144.0
5809152.0
-966656.0
8064512.0
4826624.0
4022272.0
-839680.0
1.0165248E7
7619584.0
5841408.0
4736000.0
7034368.0
9726464.0
1.113856E7
-86528.0
-213504.0
-4009984.0
-9807360.0
-6944256.0
-3340800.0
1188864.0
-7104512.0
93696.0
1.6809984E7
1.2829184E7
1.2729856E7
8638976.0
-3947008.0
-7193600.0
3594240.0
6721024.0
1.0792448E7
1.6242688E7
3048448.0
-987648.0
-8465408.0
-1.7167872E7
-1.9419136E7
-7013888.0
7358976.0
8048128.0
1.4408192E7
-6795264.0
-1.139968E7
1.1039232E7
1.1725824E7
1.8589184E7
5365248.0
1.4483968E7
4619264.0
7895040.0
6130176.0
1.0941952E7
9528320.0
2917888.0
6485504.0
6849536.0
-9779712.0
-2643456.0
-1302528.0
5283840.0
1.3867008E7
1.1789824E7
-2695680.0
-1394176.0
-1739264.0
-1.1060736E7
-1584640.0
6787584.0
6793216.0
3517440.0
1741312.0
-1.1902464E7
4312576.0
5518848.0
135168.0
4088832.0
2260992.0
5055488.0
1875456.0
-9180672.0
-6747136.0
-5132800.0
-6070272.0
1.256704E7
1.5311872E7
1.4728192E7
2.5854976E7
5255168.0
-9467904.0
-1642496.0
7988736.0
2.1051392E7
1.0000384E7
-6546432.0
-7393792.0
-4459520.0
-1108992.0
-6646272.0
-1.2189184E7
1391616.0
1.0038272E7
-2916352.0
3487744.0
3517440.0
433152.0
-248320.0
1334272.0
-5467648.0
-1.0978816E7
-4646400.0
-1297408.0
-2182656.0
776192.0
1807360.0
503296.0
6855168.0
1.1081216E7
107008.0
-8479232.0
-2423808.0
9239552.0
8693248.0
6395392.0
5530624.0
1504768.0
333824.0
7029248.0
3707392.0
-1.079296E7
-8800768.0
-4509184.0
1.3012992E7
8986112.0
914432.0
-7707648.0
-6334464.0
-1.1779072E7
-6570496.0
-296960.0
-6137856.0
-1.524992E7
-6750208.0
-6236160.0
264704.0
-2087424.0
-1.2128256E7
-1.3265408E7
-8237568.0
-7790080.0
-5562880.0
-8612864.0
-1.159936E7
-1.0497536E7
-1.0428416E7
-1.1472896E7
-3308544.0
-1743360.0
-657920.0
2040320.0
805888.0
748544.0
-1.4966784E7
-6089728.0
-1.0671104E7
1482240.0
1.4180864E7
2.2638592E7
9425408.0
2980864.0
-9921024.0
4375040.0
1.1884544E7
2.0155392E7
4509696.0
2650112.0
-5627904.0
-3942912.0
1.195008E7
7791104.0
1.3145088E7
1.3631488E7
4073984.0
-1.346304E7
-1.3106176E7
-3001856.0
4865536.0
-5829632.0
-6405120.0
3985920.0
5410304.0
3480064.0
-2724352.0
-4998144.0
1.2258304E7
1.5547392E7
8871424.0
1.1608064E7
1.8405888E7
1.3195776E7
5540352.0
3929600.0
-7891968.0
-1.3597696E7
-637952.0
4688896.0
2363904.0
4604928.0
2778112.0
-1.401856E7
-7120896.0
-2206720.0
5033984.0
-364032.0
-9490432.0
-1.5561728E7
-7243776.0
5153792.0
7130112.0
902144.0
-4028928.0
-4349952.0
-6935040.0
-5505024.0
460288.0
1.115136E7
1334784.0
1624064.0
1.520384E7
8652288.0
-503296.0
2582528.0
-4669440.0
-1.1575296E7
-1.40544E7
-6670848.0
3659264.0
1534976.0
-608256.0
6700544.0
-9433088.0
-1.5327232E7
-1.0640896E7
-2.4183808E7
-2.0539392E7
-1.5472128E7
-2.1591552E7
-1.330176E7
-1.4736896E7
-1.993728E7
-1.4461952E7
-4947968.0
-97280.0
-8402944.0
-2171904.0
-8106496.0
-1.1977728E7
-6924800.0
-7714816.0
-4517888.0
7873024.0
6815232.0
-3359232.0
1427968.0
-1427968.0
-1029632.0
1.0845184E7
4588544.0
547840.0
-3554816.0
-6713856.0
-1.168128E7
3460608.0
-3400704.0
-6952448.0
1280000.0
3134464.0
2999296.0
6284800.0
3504128.0
2099200.0
-5310464.0
-8866304.0
-4281856.0
1.2120064E7
6102016.0
-6627840.0
-990720.0
7302656.0
1.2907008E7
-656384.0
-2524160.0
-2999808.0
-4130816.0
-2750464.0
4180992.0
2530304.0
909824.0
3566080.0
1.1441152E7
2.2274048E7
1.0898432E7
-6254592.0
-5171200.0
6185984.0
7383552.0
-6747648.0
2327552.0
3899904.0
3106304.0
3267584.0
5496832.0
1980928.0
-2039296.0
-3798528.0
-3714048.0
-1.404928E7
-1.2750336E7
-191488.0
-1185792.0
-2926080.0
833024.0
-8164864.0
-1.8126848E7
-1.9549184E7
-6638592.0
-1.1219456E7
7911936.0
1.3376512E7
1.5753216E7
3846656.0
-1805312.0
-1.214464E7
-1.1422208E7
-1.0949632E7
-1288192.0
-4260352.0
1186304.0
4210176.0
2872832.0
-1474048.0
-6418432.0
1153536.0
2357248.0
1153536.0
-6103552.0
-1.0080768E7
-6417920.0
-7566848.0
9652736.0
1.5870464E7
1.3879808E7
8836096.0
-6322176.0
-9491968.0
-1.8223104E7
-2.1808128E7
-1.7627136E7
-1.3161472E7
-9583616.0
-6528000.0
-3170816.0
-8711680.0
-4821504.0
-4604416.0
-1882624.0
-6034944.0
4249600.0
3057664.0
5860864.0
-843776.0
-1327104.0
-6659584.0
-6995456.0
-7375360.0
-9720832.0
-9094144.0
-9297920.0
1846272.0
1.1276288E7
1.422592E7
1.1398144E7
8573440.0
-3470848.0
-2.1405696E7
-1.4976512E7
-1.0279424E7
-1.3850624E7
-1.2436992E7
2908160.0
1922048.0
-2008576.0
-4103680.0
1570816.0
1.1848192E7
1.1437056E7
1.0914304E7
9260032.0
1.199616E7
1.2107264E7
1.1219968E7
4547584.0
1.7584128E7
1.3722112E7
9559040.0
7803904.0
1.0538496E7
1.8285056E7
1.5372288E7
1518080.0
-216064.0
4168704.0
178688.0
-113152.0
-1.0579456E7
3704832.0
518144.0
-1.3561344E7
-1.0860544E7
2960896.0
1.2677632E7
1.9336192E7
3910144.0
-1640960.0
1091072.0
6023680.0
7180288.0
1.1110912E7
7155712.0
1.8919936E7
3282432.0
523776.0
-7948288.0
-9498112.0
-5109248.0
-3588096.0
-4535296.0
-1.0555904E7
-1.3625856E7
-8535552.0
-6018048.0
-2916864.0
7161344.0
1.3456896E7
6833664.0
1.1132928E7
8861696.0
1141760.0
3967488.0
1.9531264E7
1.043456E7
1.4162944E7
-1285120.0
-6872576.0
-8327168.0
-1.1080192E7
1028096.0
-6834688.0
-9011200.0
2103296.0
5523968.0
-629248.0
-2554880.0
-2031616.0
1.0776064E7
-2379776.0
-724992.0
9312256.0
1.28896E7
1.856E7
7379456.0
6869504.0
4451328.0
1.103872E7
4239360.0
8459264.0
1.8516992E7
-4925952.0
3811328.0
1.3524992E7
1.0438656E7
1198080.0
-7398400.0
5493760.0
-651776.0
-47616.0
2812416.0
-6540800.0
-749568.0
4922368.0
6281728.0
1.2232192E7
-421888.0
5068800.0
6019072.0
-8659968.0
-6747136.0
-6409728.0
-2769408.0
-9206784.0
-1.0622464E7
-1.0430976E7
-7948288.0
-1.0731008E7
-1.1835392E7
-6048256.0
2141696.0
844800.0
-5587456.0
-2911744.0
-5607936.0
-1.2141568E7
-1.6790528E7
-1.832704E7
-2233856.0
1683456.0
2690560.0
9589760.0
-2118656.0
-4383744.0
148480.0
-1935872.0
2622464.0
983040.0
-1831424.0
1257472.0
1.1273728E7
1957376.0
-1243136.0
3992064.0
-1887232.0
-2.109184E7
-1.931008E7
-3145728.0
-7119360.0
-5832704.0
-4212736.0
-4552704.0
7259136.0
2628608.0
-9116672.0
-5855232.0
-2632704.0
-3718144.0
3068928.0
1.0244096E7
1.198592E7
4534784.0
8413184.0
3079680.0
2345472.0
5030400.0
6131712.0
1.0006016E7
1.9521024E7
2.4009216E7
1.351936E7
6976000.0
-279552.0
-3375616.0
-4707328.0
-1721856.0
-282112.0
6071808.0
7135232.0
652800.0
3390464.0
3712000.0
-1.2740608E7
-1.5263744E7
-7932928.0
-8377344.0
484864.0
1.0497536E7
-793600.0
-5353472.0
-5496320.0
-8430080.0
6323200.0
79872.0
-8929792.0
-1.1578368E7
-8556032.0
-4583936.0
-2480128.0
-5491712.0
1003520.0
3187200.0
4756480.0
-8506368.0
-1.1268096E7
-3911680.0
-4167168.0
-3021312.0
-8569344.0
-7835136.0
-6062080.0
4186624.0
1.1678208E7
6959104.0
5020672.0
-2562560.0
-7869952.0
-9226752.0
-1.2796928E7
-1.3319168E7
-1.5385088E7
-1.5448576E7
-546816.0
8655360.0
-1608192.0
1494528.0
-4074496.0
-3463168.0
-6962688.0
368640.0
8125440.0
3211264.0
-8719872.0
-1.0519552E7
6261248.0
1.4330368E7
1.1944448E7
5038080.0
404480.0
-3022336.0
-9827840.0
-1.1373568E7
-8385024.0
-1.091584E7
-4101120.0
-5696000.0
9645056.0
2317312.0
4654080.0
8237056.0
1.0461696E7
-2425856.0
-3720704.0
-6644736.0
-8221696.0
3344896.0
1.1723264E7
5215744.0
-2916352.0
-2021376.0
1.5058944E7
1.4976E7
1.3080064E7
2382336.0
-8876032.0
-7362048.0
-1.3296128E7
-6776320.0
6315520.0
1650176.0
-8117760.0
-1.6700928E7
-9856512.0
-1.6077312E7
-1.4265856E7
6969344.0
1.5837696E7
8173056.0
-5018112.0
-8518656.0
-2214400.0
1003008.0
-1553920.0
-5529088.0
-6636032.0
-4233216.0
-1.7579008E7
-1.6525312E7
-8690176.0
3693568.0
1.22496E7
1.6577024E7
6005760.0
4140032.0
158720.0
-3558400.0
-2133504.0
-4336640.0
1382400.0
-4326912.0
-3986944.0
-5978624.0
-5556736.0
3283456.0
1.3737472E7
1.8230784E7
2.0719104E7
1.3231616E7
3558400.0
-4341760.0
7828480.0
1.4666752E7
1.2292096E7
7869440.0
4158976.0
5573632.0
9425408.0
-3448832.0
-6924800.0
-669184.0
-4758016.0
3640320.0
4030976.0
7369216.0
436224.0
-1.1610624E7
-1.2777984E7
-9913344.0
-7301120.0
1451008.0
5171200.0
1.1961856E7
1.3804032E7
1.4593024E7
560128.0
254464.0
2435072.0
4560384.0
4857856.0
-2891264.0
5401600.0
5716992.0
-449536.0
-7155200.0
-8935936.0
-7932416.0
-4751872.0
6158336.0
-3807744.0
-2521600.0
1.198592E7
4995584.0
-5027840.0
-7519744.0
-1485824.0
-954368.0
1.0541056E7
9983488.0
1.3376E7
8199680.0
2798592.0
-1976832.0
-1.195776E7
-1.0443264E7
-4445696.0
5662208.0
1.3826048E7
1.4338048E7
1.5130112E7
-7640064.0
-1.3231104E7
-4132352.0
3257344.0
-1828864.0
-8648704.0
-1498624.0
4364800.0
2813440.0
7040512.0
7508992.0
1.0106368E7
1.4989824E7
720896.0
-1.7967104E7
-1.6865792E7
-9143808.0
-2436608.0
2065920.0
-880128.0
-3380736.0
-1.2308992E7
3535872.0
-6540800.0
-9925120.0
-1.1106816E7
2825728.0
-9544704.0
-5664768.0
-1.0601984E7
-3499520.0
1.3325312E7
2.7126272E7
1.9844608E7
630784.0
-3389440.0
-4928512.0
-3668480.0
4279296.0
-1411072.0
-2180096.0
-2710016.0
385536.0
8770048.0
1.4370816E7
1899008.0
-5386240.0
-1997312.0
-4506624.0
-2570752.0
1807360.0
1303552.0
5447168.0
2057728.0
-3430912.0
-2927616.0
-1991680.0
617984.0
2043392.0
1.1597824E7
7796736.0
1.1456E7
1.5204352E7
9362944.0
6615040.0
1.7012736E7
1.0547712E7
3300352.0
-8048128.0
-3955200.0
-5676544.0
-1.0384896E7
-1.1347456E7
-4822528.0
-1.1771904E7
-4760064.0
-1647616.0
6373888.0
3228160.0
1015296.0
2892800.0
361984.0
662016.0
3033088.0
1.1712E7
4741120.0
1.3076992E7
1.3813248E7
2.4527872E7
1.4153216E7
2628608.0
1606144.0
-6630912.0
-1.255424E7
-135680.0
6486528.0
1.2401152E7
1.257728E7
1.5489024E7
1.2257792E7
6725632.0
1.5988224E7
3.0811648E7
3.9498752E7
3.3698304E7
4.372992E7
5.0637312E7
3.3416704E7
2.9723136E7
2.2329856E7
2.5508352E7
2.3309824E7
1.6169984E7
1401856.0
-2266624.0
-908288.0
-903680.0
1052672.0
-1.5831552E7
-4566016.0
-4436992.0
-1.4631936E7
-1.7684992E7
-4770304.0
-7277568.0
-1.6889344E7
-1.5857152E7
-2.0806656E7
-1.3413376E7
-5348352.0
-722944.0
2774528.0
-1221632.0
-1.4746112E7
-1305600.0
-1957888.0
2566656.0
-5644800.0
1388032.0
3737600.0
476160.0
-4265984.0
-1.2449792E7
1373696.0
7472640.0
4601856.0
-8401408.0
5855744.0
107520.0
1774592.0
6964224.0
455168.0
-7277056.0
-1.4874112E7
-1.0658304E7
-2371072.0
-1785856.0
-9884672.0
-9765888.0
-1.025536E7
-4064768.0
-4656640.0
-5575168.0
-969216.0
-6147584.0
-3910144.0
-1.6195584E7
-1.7578496E7
-1.118464E7
-598016.0
-6227968.0
-2278400.0
2421248.0
616960.0
2370560.0
1.1639296E7
-779264.0
-2244096.0
-3200000.0
-631296.0
7923200.0
-544256.0
-8242688.0
-1375232.0
-3086848.0
709120.0
753152.0
8946176.0
8792064.0
1.05984E7
9033216.0
9785856.0
5565952.0
-6472192.0
-3659776.0
1.0061312E7
9780736.0
1.4538752E7
9149440.0
5028864.0
833024.0
-1205760.0
-2930688.0
1360384.0
-2839552.0
-1.260288E7
-4432896.0
-6944256.0
-1.0807296E7
-7299584.0
-1748480.0
3518464.0
-2501632.0
5355008.0
1.0934784E7
3973120.0
-940544.0
-8417792.0
-2203648.0
3502592.0
-7991296.0
5578752.0
6838784.0
8415232.0
3394560.0
1.243648E7
-4620288.0
-275968.0
8305664.0
6755328.0
7986688.0
1.0340352E7
1.7655296E7
1.9516416E7
1.1238912E7
5014528.0
1.6778752E7
1.6638976E7
-549888.0
-3902464.0
-1.0167296E7
1443328.0
1.211392E7
3291136.0
-8914432.0
4219392.0
9629696.0
1.75744E7
1.2466176E7
1.756672E7
1.9105792E7
1.9577856E7
1.495552E7
1.09568E7
7611904.0
-6369280.0
-2.1075456E7
1707520.0
3054592.0
2733056.0
5776384.0
1.0482176E7
9932800.0
3498496.0
3007488.0
2363904.0
8424960.0
1.2644864E7
1.019392E7
5883392.0
2299904.0
7351808.0
4210688.0
8973824.0
8948736.0
7937024.0
8782336.0
2634752.0
3612160.0
6392832.0
1.1198464E7
2981376.0
6315520.0
6658560.0
2817024.0
-4213248.0
-3115520.0
3986432.0
6141952.0
3824640.0
1.1720192E7
1.26208E7
5886464.0
3950080.0
-483328.0
4535808.0
8551424.0
2.093056E7
1.6270848E7
8903168.0
2.1030912E7
1.610752E7
1.8297856E7
2.428416E7
2.9982208E7
8072704.0
9259008.0
-4820992.0
-1.0738688E7
1166336.0
8818176.0
5085184.0
8760832.0
6429696.0
7686144.0
5871616.0
4809728.0
8850944.0
9626624.0
1.8166784E7
1.545472E7
1.7572864E7
1.5269888E7
2.5638912E7
2.8960256E7
3.2796672E7
4.0963072E7
4.7533568E7
5.0956288E7
4.904704E7
5.1526656E7
5.8948096E7
5.156352E7
5.6629248E7
6.0048896E7
7.0130176E7
7.1177216E7
8.4915712E7
9.6956416E7
1.12585216E8
1.54334208E8
1.841024E8
2.09409536E8
2.2267136E8
2.35871744E8
2.7719168E8
3.5101696E8
4.309888E8
5.00775424E8
5.38425856E8
5.598208E8
6.11869696E8
7.09914624E8
8.23709184E8
9.93453056E8
1.21240576E9
1.525508096E9
1.929229312E9
2.481793024E9
3.223491072E9
4.277614592E9
5.853202432E9
7.941611008E9
9.570970624E9
9.297013248E9
7.91408128E9
6.714750464E9
5.331044864E9
3.99144448E9
2.751859712E9
1.876476928E9
1.396645376E9
1.11283968E9
9.17229568E8
7.59645696E8
6.6189312E8
6.09327104E8
5.56734464E8
5.2643072E8
4.66474496E8
3.97518336E8
3.44863232E8
2.91529216E8
2.30464512E8
1.73999616E8
1.32917248E8
1.17431296E8
1.20676352E8
1.09698048E8
1.01871104E8
1.00524544E8
1.02619136E8
1.14276352E8
1.10317568E8
9.8087424E7
8.62208E7
7.7876224E7
8.1133568E7
7.995136E7
7.3069056E7
6.5024E7
4.9111552E7
4.795904E7
6.1252608E7
6.0465664E7
6.240256E7
4.8918016E7
5.55392E7
5.9301888E7
5.692672E7
5.1714048E7
5.052672E7
5.2301824E7
5.088768E7
5.9773952E7
6.3397888E7
5.5340544E7
4.7385088E7
3.1446528E7
3.5406848E7
3.8405632E7
3.4724864E7
2.3539712E7
2.5426432E7
2.2870016E7
2.1933056E7
2.422016E7
2.9205504E7
2.6259456E7
3.4789376E7
2.8066304E7
2.380288E7
1.9069952E7
2.3215104E7
2.611712E7
2.7866624E7
1.5346688E7
1.6427008E7
1.604096E7
1.7416192E7
1.6681984E7
2.3113216E7
2.1002752E7
3.2152064E7
3.3901568E7
2.280192E7
1.571328E7
3.0644224E7
3.014656E7
2.1950464E7
1.1997696E7
1.5892992E7
3.4594816E7
4.0766464E7
5.5514624E7
5.6349184E7
3.465984E7
2.2614016E7
1.8236928E7
1.9997184E7
1.266176E7
1.6093184E7
2.3589888E7
2.4898048E7
1.8340352E7
1.506048E7
1.9040768E7
1.7788928E7
3.1532544E7
1.7127424E7
9650688.0
1.8539008E7
3.2738304E7
2.6323968E7
5166592.0
7673856.0
1040384.0
497664.0
1.1200512E7
9796096.0
1.254144E7
1.7634304E7
1.402368E7
4907520.0
7761920.0
2.0147712E7
2.1263872E7
1.9245056E7
1.708032E7
1.959168E7
1.765376E7
1.7709568E7
9709056.0
1.3853184E7
1.8148864E7
1.7019392E7
1.8872832E7
2.3331328E7
9098240.0
-5196800.0
6616064.0
1.2949504E7
1.0597376E7
1.328128E7
1.160192E7
1426944.0
1.3063168E7
1.039616E7
1.667584E7
2.4209408E7
1.8868736E7
3.083264E7
2.2684672E7
9176064.0
-746496.0
1651712.0
1.084672E7
1.7516032E7
2.2704128E7
2.462464E7
1.7933312E7
8596992.0
-2863616.0
-9049600.0
-9224192.0
-7644160.0
2312704.0
-2126848.0
-2843136.0
-948736.0
6675968.0
7620608.0
-4285952.0
-2582016.0
-5007360.0
7916032.0
6154240.0
-2548736.0
6898688.0
7475712.0
-3527680.0
2466304.0
7926272.0
7654400.0
-1744384.0
-2736640.0
1392640.0
1.2279296E7
1.3584384E7
1.236992E7
1593344.0
1933312.0
-2951680.0
-5120.0
7515648.0
6481408.0
1.15712E7
1.206528E7
1.1160064E7
-1155072.0
-1.1994112E7
142848.0
1.0477568E7
5599744.0
5082624.0
-2025472.0
3495936.0
4279808.0
1.5148544E7
1.6172544E7
6441472.0
-3916288.0
1.1032576E7
7719424.0
1.3498368E7
6500864.0
-3254272.0
-8619520.0
538112.0
-1484800.0
-1.3067264E7
-8335360.0
5420544.0
3040256.0
5675520.0
-9354752.0
-3232768.0
-2782208.0
-370688.0
7519744.0
1906688.0
-218112.0
-944640.0
-4811776.0
-472064.0
1.7211392E7
4603904.0
5810688.0
4881920.0
8462848.0
5614080.0
9876992.0
8570368.0
8521728.0
3744768.0
166400.0
-2233856.0
5963776.0
4249088.0
9040896.0
1.0431488E7
1.0595328E7
2351616.0
228352.0
-571392.0
4868096.0
5606400.0
4183040.0
-4401664.0
-1624576.0
-2434048.0
-2988544.0
-1698304.0
152064.0
9362432.0
8550400.0
2.3005184E7
2.6937856E7
3.9165952E7
4.1134592E7
4.712192E7
4.7066624E7
4.494592E7
3.7894144E7
4.0251392E7
3.796736E7
2.8617216E7
2.284032E7
2.4272896E7
1.9646976E7
1.6278528E7
9750016.0
2887168.0
-8312832.0
-509952.0
8393216.0
2.1228544E7
1.4917632E7
7280640.0
-124928.0
2733568.0
357888.0
-8731648.0
-7720960.0
-7591936.0
-1.1723264E7
-3999232.0
-5568000.0
5624320.0
4862464.0
-943616.0
-1782784.0
-2952192.0
-991744.0
-6265856.0
-1.3175296E7
-2.0544E7
-1.2207616E7
-1506816.0
-5040128.0
-5419008.0
-907776.0
-1.0937344E7
-1380352.0
5733888.0
8756224.0
5603840.0
3080704.0
-5355520.0
1146880.0
8037376.0
8014848.0
1.1222528E7
2689024.0
3898880.0
6244352.0
1.7282048E7
2.4035328E7
9646080.0
4335104.0
5357056.0
1.5187968E7
1.1776E7
8669184.0
3935232.0
-5008896.0
-7539712.0
385536.0
4931584.0
1524224.0
-3487232.0
-3279360.0
-7070208.0
2779648.0
4368384.0
6779904.0
6778880.0
583168.0
3318784.0
-65024.0
4728320.0
6029824.0
8182784.0
8577024.0
1.2384768E7
1.1402752E7
2246656.0
6382080.0
1.2778496E7
1.3085184E7
5340160.0
-6772736.0
-9617920.0
-2.5601536E7
-1.4350336E7
-7947264.0
-692224.0
2397696.0
4505600.0
3706368.0
-2669056.0
-1520640.0
6030848.0
5232128.0
1500672.0
-7250944.0
-8824320.0
-8542208.0
-1.0564608E7
-1.8034688E7
-1.4332928E7
-7365632.0
-2.1517312E7
-2.0003328E7
-2.2734848E7
-1.7829888E7
-3494400.0
934400.0
431104.0
-1527296.0
-3584512.0
552448.0
-5403648.0
-522752.0
1.1893248E7
1.5122432E7
1.6904192E7
1.0630656E7
-1659392.0
-1978880.0
2678784.0
2750464.0
5288448.0
-6513664.0
-1.3739008E7
-4902912.0
-8311808.0
-8418304.0
-1770496.0
8964608.0
268288.0
-1.3456896E7
-1.9803648E7
-1.0594816E7
6646784.0
1.1084288E7
-7045632.0
-4903424.0
-5822976.0
-1511936.0
-1.2970496E7
-1.0778112E7
-2540032.0
1263104.0
4855808.0
6846464.0
8175616.0
1.32864E7
1.3493248E7
1.0084864E7
7091200.0
1.2057088E7
6762496.0
-1323520.0
-2552320.0
4092416.0
1104896.0
-671232.0
-8096768.0
-1620992.0
-4119040.0
9038848.0
1.2842496E7
1.1858944E7
8950272.0
-3527680.0
9137664.0
1.0456064E7
6423040.0
6138880.0
1.0905088E7
4113920.0
-2331648.0
-9801216.0
-3501056.0
-963072.0
1385472.0
-8022528.0
-7764480.0
-1.0468352E7
-1.6916992E7
-1.0423296E7
4827136.0
-1.0731008E7
-9344512.0
-1.131776E7
-890880.0
1379840.0
-5388288.0
-1.0059776E7
-2949120.0
1132544.0
4853760.0
2412544.0
2805760.0
5891072.0
9941504.0
9054208.0
6416896.0
8571904.0
1.1094016E7
7741440.0
-3853824.0
-1.3867008E7
-1.845248E7
-1.8350592E7
-1.218048E7
1214976.0
1.00992E7
520704.0
-4468224.0
4723200.0
9830400.0
1364480.0
-4954624.0
-2.5453568E7
-2.0949504E7
-1.0264064E7
-1.75616E7
-1.2726784E7
-3284480.0
893952.0
1573888.0
1.4285824E7
1.0213888E7
-417280.0
-5400576.0
2125312.0
1.262592E7
-708608.0
784384.0
3121664.0
-9611264.0
-1.627136E7
-1.2707328E7
-1.6374272E7
-1.3388288E7
-7397888.0
5278720.0
1.1316736E7
1.0916352E7
1.0877952E7
2205184.0
-1017344.0
-4637184.0
-1670144.0
9798656.0
1.5331328E7
-3125248.0
-1.307904E7
-8721920.0
-1.0482688E7
-6158848.0
5669888.0
6678016.0
2704384.0
-1963008.0
1639936.0
-1.6758272E7
1744384.0
6227456.0
-5317632.0
-1.6514048E7
-8649728.0
2967552.0
-7300096.0
2826752.0
4015616.0
-4129280.0
-5623296.0
2235904.0
3805696.0
-3020800.0
-1.58592E7
-8389632.0
1733632.0
-850944.0
6441984.0
-2751488.0
0.0
3311104.0
-8742912.0
-3251712.0
-599040.0
1615872.0
-676864.0
-6984704.0
3058688.0
-815104.0
-4033024.0
-796672.0
1474048.0
-6863360.0
-1.1305984E7
-7611904.0
-5763072.0
-1551360.0
7999488.0
5276160.0
-727040.0
-6116864.0
-1.2266496E7
-125952.0
-9242624.0
-1.3888E7
-3133440.0
2087936.0
6154752.0
3029504.0
7520768.0
5775872.0
-1484288.0
-7745536.0
-4199424.0
2840576.0
-4478976.0
2259456.0
-1.2730368E7
-1.9001856E7
-1.7723904E7
-2.1986304E7
-4265984.0
5663744.0
2337792.0
-5750784.0
-7275520.0
-7853056.0
-1.0641408E7
-1.3077504E7
-9467392.0
-1.8749952E7
-1.6251392E7
-7674880.0
-1.2364288E7
-1.6039424E7
-7935488.0
4189184.0
-4869120.0
-4387840.0
1959936.0
7163904.0
2979328.0
6151168.0
-1.294336E7
-1.1684352E7
-9730560.0
3023872.0
-2556416.0
-4581888.0
-6254592.0
1.2750336E7
897536.0
-1.6656384E7
-9432064.0
8051712.0
7684608.0
5424128.0
-1426944.0
-1561088.0
1295872.0
-249856.0
285184.0
-2794496.0
-3727360.0
-328704.0
794624.0
-3701760.0
-6989824.0
257024.0
-835584.0
-6645760.0
-1670144.0
-1.171712E7
-1.0066432E7
-1.4851584E7
-4860928.0
-7941632.0
-6709760.0
-9059328.0
-1851904.0
5196288.0
1.1587072E7
8991232.0
1.0555904E7
1.7071616E7
1.9661824E7
3299328.0
-3315200.0
-226304.0
1052160.0
-1.6962048E7
-9890304.0
873472.0
-3256832.0
2833408.0
6261248.0
-6448128.0
-6254080.0
-3500032.0
-9667584.0
-1.3225472E7
-1.581056E7
-1.60128E7
-4173824.0
-1.1288576E7
-1.9008E7
-1.0617344E7
-8849920.0
-9465344.0
-8940032.0
2697216.0
8465408.0
-1227264.0
-1.2200448E7
-9362944.0
-8411136.0
-1.683712E7
-9162752.0
-1296896.0
3271680.0
-1437184.0
40960.0
580608.0
-1931776.0
862208.0
-4178944.0
-8156672.0
-7534080.0
-3588096.0
2208768.0
5123072.0
-3966976.0
-8787968.0
6873600.0
3332096.0
2446848.0
3045888.0
4603392.0
4505088.0
3474944.0
-7572480.0
-4601856.0
-2420224.0
-2092544.0
-1.0643456E7
-1.9035648E7
-3433472.0
-569856.0
7626752.0
5548032.0
-2960896.0
603136.0
1.2241408E7
4393984.0
-6706688.0
-9186304.0
-1.0260992E7
-1.4419968E7
4110848.0
1.3889024E7
-5315584.0
-6040064.0
-9055744.0
830976.0
7642112.0
-6059008.0
-3324416.0
-9139200.0
-1.0463744E7
568832.0
889344.0
5679616.0
-2432000.0
-1.4802944E7
-1.39136E7
-1.6904192E7
-1.287168E7
-1.2198912E7
-1.7449472E7
-1.4763008E7
-929280.0
-1.0164736E7
-6497792.0
845312.0
-3628544.0
5571072.0
-1721856.0
-3576320.0
-3366912.0
-5583360.0
91136.0
-5967360.0
-1.3815808E7
-1.1466752E7
-1.3906944E7
-1.520896E7
-5596672.0
-8236544.0
-7371776.0
-2140672.0
-1339392.0
2959872.0
8389632.0
1.1175424E7
1059840.0
-9111552.0
-1.4438912E7
-1154048.0
3218944.0
-7944192.0
-1.8977792E7
-1.1862528E7
-4161024.0
587776.0
-3423232.0
-3545600.0
1.1077632E7
3103744.0
2246144.0
-1.7668608E7
-1.8989056E7
-1.5445504E7
-6966784.0
-1.597184E7
-5927424.0
-3487744.0
-8088064.0
-1.32736E7
303616.0
-4763136.0
-3875840.0
-5821440.0
732672.0
-1081856.0
-8679936.0
-1.1593728E7
-969728.0
-627200.0
4901888.0
-9908224.0
-1.8289664E7
970240.0
2772480.0
-501760.0
8798720.0
1.1162624E7
4251136.0
617472.0
8310784.0
-2954240.0
-3130368.0
2210304.0
-4560896.0
6278144.0
6322688.0
-1383936.0
-1.1518464E7
-7013376.0
559104.0
-1.2942848E7
-1.142784E7
-8335360.0
574976.0
-5623808.0
-1.2620288E7
-2573824.0
1.4045184E7
3717632.0
-1.3942272E7
-1.0067456E7
-1.8006528E7
-1.240064E7
-1.00608E7
-5701632.0
-1.0357248E7
-8274432.0
-1668096.0
-734208.0
-1.2804608E7
-8531456.0
-513024.0
-4850176.0
-6556672.0
-5767168.0
-2916864.0
-288256.0
-1775616.0
-6019584.0
715776.0
1427968.0
2425856.0
-4731904.0
-2917888.0
6229504.0
9439232.0
1919488.0
2482688.0
3776512.0
6423040.0
-1362432.0
-6399488.0
-2.226944E7
-1.6759808E7
-1.7765888E7
-1.1944448E7
-4762112.0
350720.0
-241152.0
-7154688.0
-4619264.0
-1718272.0
118272.0
-7022592.0
8790016.0
9357312.0
1.2434432E7
1.0636288E7
-1883136.0
-2445824.0
-6711808.0
-661504.0
3457024.0
-3167232.0
-7266816.0
309248.0
-4816384.0
-565248.0
-1.0160128E7
-1.1390464E7
1319424.0
8060928.0
-909824.0
6377472.0
6539776.0
8782336.0
-931328.0
-2375168.0
-5614592.0
-1.3980672E7
-1.068032E7
3179520.0
-2186752.0
-1695744.0
5353984.0
9610752.0
1.4071808E7
479744.0
-1.241856E7
4311552.0
1.2573696E7
-816640.0
861184.0
3090944.0
2112512.0
1928192.0
3168768.0
1.0726912E7
1.6456192E7
-2085376.0
1620992.0
-3034112.0
-9666048.0
-4462080.0
1600000.0
-2045952.0
-4719616.0
-9400832.0
-1.6792576E7
-1.2878336E7
3984384.0
1.7391616E7
1.9718144E7
1.6338432E7
9356800.0
7433216.0
-55808.0
245760.0
8563712.0
1.0783744E7
6737920.0
6789120.0
-7873536.0
-1.6155648E7
-8672256.0
-1.472512E7
-4157952.0
-5742080.0
-9903104.0
-2267648.0
-3066880.0
-3071488.0
-1421312.0
4847104.0
-2199040.0
-9279488.0
-9394176.0
-4530688.0
-8972288.0
-5592576.0
241152.0
-2971648.0
-7973888.0
-1147904.0
-443392.0
2260480.0
-1126912.0
8339968.0
3320832.0
2693120.0
2770944.0
2665472.0
-2880000.0
1504768.0
1.0327552E7
2.2687744E7
1.5566336E7
9120256.0
2360832.0
6319104.0
555008.0
-5132288.0
6319616.0
6780928.0
4963840.0
2534400.0
-5979136.0
-5301248.0
-2298880.0
1.0791936E7
1.6956928E7
1.3781504E7
-6202368.0
-2283008.0
7071232.0
8482304.0
-162816.0
2898432.0
7040512.0
9828864.0
-8350208.0
-8303616.0
-5761024.0
-4651520.0
-1.5264768E7
-1.2094464E7
-4509184.0
-1296896.0
-2112000.0
-8588288.0
-7900160.0
-4197888.0
-4422144.0
-8288256.0
-1160192.0
2777088.0
5179904.0
279552.0
-3636736.0
-2622464.0
-7640576.0
-2158592.0
-5551616.0
-1.9071488E7
-1.0930688E7
-8083456.0
-1.1705856E7
-5614080.0
-1.3385216E7
-1.1237376E7
-9382400.0
-1.353728E7
-1.7865216E7
-8856064.0
-3576832.0
-1.389312E7
-1.8601472E7
-1.2950016E7
-9310208.0
7475200.0
6950400.0
-4338688.0
-4668416.0
-1.1625984E7
-1788416.0
9896960.0
1.2324352E7
1.5300096E7
1.6936448E7
1.5366656E7
1.3765632E7
5850112.0
1.5246848E7
9641472.0
-6916608.0
-365056.0
5420032.0
3168256.0
-1434624.0
-2743808.0
-8904192.0
-1.596672E7
-1.8617344E7
-1.1525632E7
-1.2836864E7
-9759744.0
-8860160.0
-1.5336448E7
-1.0557952E7
-3686400.0
1979904.0
2428928.0
2392064.0
4019200.0
-1945088.0
-8600064.0
-1.4266368E7
-1.12512E7
-7922176.0
-7793152.0
-5395456.0
4225024.0
7393280.0
1.0847232E7
1.07776E7
-3240960.0
4823040.0
7128064.0
2436608.0
9775104.0
5313024.0
-4904448.0
-6529536.0
-3515904.0
-8160768.0
-8725504.0
-9585664.0
-3612672.0
-875008.0
-7510016.0
-9934336.0
1769472.0
1351680.0
-419840.0
-305664.0
-8216576.0
-3772928.0
5976064.0
-4345856.0
-6076416.0
-2663424.0
2575360.0
4993536.0
564224.0
-1541632.0
4748800.0
1.268992E7
-804352.0
-1.7090048E7
-1.997312E7
-9632768.0
-7024640.0
-4508160.0
-1.3459456E7
-7737344.0
-1.4182912E7
2345984.0
1110528.0
4172288.0
4964352.0
6317568.0
7353344.0
4611072.0
5510656.0
1382400.0
-1.6177152E7
-1.6186368E7
395776.0
-8437248.0
-9274880.0
-8582656.0
-1.048832E7
-1.0597376E7
2450944.0
-4841984.0
-2022400.0
2846720.0
3237888.0
-1.1842048E7
-1.0114048E7
-1.3336064E7
-1.1511808E7
-9097216.0
1485312.0
-5780992.0
311296.0
739328.0
-8079872.0
-1.107712E7
-8251904.0
-1.5871488E7
-7756800.0
-9906176.0
-7921152.0
-1.1021312E7
-5730304.0
2255872.0
1504768.0
2041856.0
-1887232.0
-2569216.0
-5017600.0
3353088.0
6508032.0
-6919680.0
-4234240.0
-150528.0
-684544.0
-8006656.0
-2318336.0
-1.3520896E7
-1.7423872E7
-6003200.0
-6927872.0
-1.3728768E7
3433984.0
2898944.0
1.0253824E7
1.363968E7
-2295808.0
-6526976.0
-1.510912E7
-1.7913344E7
-1.4857728E7
-2.7024896E7
-2.1252608E7
-9193984.0
3257856.0
-2078720.0
-1.0233344E7
-1.7559552E7
-7868416.0
-1824256.0
-1256960.0
3879936.0
5406720.0
-811520.0
-6382080.0
-1987072.0
-73216.0
-894976.0
80384.0
7541248.0
1167872.0
-8258560.0
2418688.0
3750912.0
8874496.0
1.4946304E7
1.0157056E7
6567936.0
-4864512.0
-4924928.0
-3996160.0
2364928.0
4058112.0
-265728.0
-1.0366976E7
-9594368.0
-7362560.0
-3564544.0
-6096896.0
-8314368.0
-1.63456E7
-1.53984E7
-6836224.0
-9341952.0
-4242432.0
-1976832.0
-1505280.0
-1.073152E7
-1.7679872E7
-5619200.0
-6827008.0
-5969920.0
1196032.0
2119168.0
-826368.0
-6267392.0
-9902080.0
-8796160.0
-5805568.0
-6331392.0
4887040.0
7654912.0
6183424.0
1754112.0
590848.0
-1.1173376E7
-1.452032E7
-1.9359232E7
-1.6300544E7
-4307968.0
1.5228416E7
8308736.0
8087040.0
-3453440.0
1556992.0
8605696.0
2097152.0
-448512.0
-4860416.0
-1148416.0
-1.279744E7
-9646080.0
-6310400.0
-6196736.0
7876096.0
1.1527168E7
-4546560.0
-8044544.0
-1.5041536E7
-1.2155904E7
556544.0
2701824.0
2015232.0
2165760.0
8711680.0
1.8601984E7
5889024.0
-2982400.0
1308160.0
85504.0
-6481408.0
-8322048.0
5054976.0
-541696.0
-7145472.0
-7280128.0
-1.8727936E7
-471040.0
-7328256.0
-6786048.0
-6539264.0
392192.0
1602560.0
-936448.0
5228544.0
1.0304E7
7412224.0
5151232.0
1816576.0
-1993728.0
-1748992.0
752640.0
4918784.0
1.0170368E7
-5495808.0
-4513792.0
-4575744.0
-5313024.0
-3811328.0
-3435520.0
-2251264.0
-6233600.0
-1.8622976E7
-1.5928832E7
3959296.0
-657920.0
-9819136.0
-1.3145088E7
-3822592.0
1371648.0
1839104.0
648192.0
2612736.0
-306688.0
550912.0
6298624.0
-1533952.0
2000384.0
3027456.0
4384256.0
-2566656.0
-6232064.0
-22528.0
9532416.0
1.1359744E7
-3678208.0
-2586624.0
-817152.0
5035008.0
6606848.0
1.0345984E7
1191936.0
-2017792.0
-9808896.0
-8324608.0
1734144.0
-9675776.0
-1.7089024E7
-8670208.0
4707328.0
4737024.0
-316416.0
-6565888.0
-5526528.0
-1.4334976E7
-1.7987584E7
-1.4620672E7
-8380416.0
-6790144.0
-4944896.0
-1.1531776E7
-1.1842048E7
2199040.0
-2923008.0
-9538560.0
-9277440.0
-1.0614272E7
-1.8640896E7
-1.6474112E7
-2487808.0
1.2626944E7
2539520.0
7251968.0
-538112.0
-5843968.0
-6957056.0
-1.583872E7
-2.3716864E7
-2.2800384E7
-1.6604672E7
-5638144.0
-2.0443648E7
-1.8188288E7
-1.1793408E7
-8195072.0
-1.1935744E7
-5955072.0
-5897728.0
187904.0
-1427968.0
-3145216.0
-7811072.0
-788992.0
747520.0
719360.0
3632128.0
727552.0
-3021824.0
-3501056.0
-1968128.0
1393152.0
-6883328.0
-4337152.0
-6749696.0
-1.2945408E7
-1.0760192E7
-8035328.0
2967552.0
2813440.0
-8673792.0
-1.2752384E7
-1.8715136E7
-1.1457024E7
-8995840.0
2027008.0
-2220544.0
-3906560.0
-5499904.0
-1.0771968E7
-1.1177984E7
-1.3577216E7
-1.4590976E7
-6735872.0
-5549568.0
-5169664.0
-1.12128E7
-3471872.0
-9076736.0
-776192.0
370176.0
895488.0
-1029120.0
-7540736.0
-1.1826688E7
-1.5065088E7
-2635264.0
-2013184.0
1002496.0
-1230336.0
3589632.0
909312.0
174080.0
4248064.0
4529152.0
4270080.0
5844480.0
-3834880.0
-1.418496E7
-7891456.0
-1.123328E7
-7677952.0
7802880.0
1091584.0
-1.035264E7
-3537408.0
-1.2379648E7
-1716224.0
1.5079936E7
9511936.0
-1161216.0
-3906048.0
-4685312.0
-7116800.0
-1.1242496E7
-4171776.0
-2097664.0
-6265344.0
-5342720.0
4390912.0
6779392.0
739840.0
-7937024.0
-1.0761216E7
-5771264.0
1897984.0
1142272.0
-5500928.0
1497600.0
-7914496.0
5985280.0
1.1534336E7
9738752.0
-1257472.0
-773120.0
8733184.0
5534208.0
-2353152.0
-8640512.0
-1.3647872E7
-1.1787264E7
-1.3140992E7
-1.5115264E7
-5929472.0
-3370496.0
-1649664.0
-1.4951424E7
-1.1017728E7
1872384.0
-24576.0
-2715136.0
-1.114624E7
-2086400.0
-1.2376576E7
-1.9684352E7
-1.6484864E7
-1.8033664E7
-1.3497856E7
-1.9117568E7
-1.5650304E7
-1.85216E7
-6706176.0
5430272.0
-9091072.0
-7569920.0
6203392.0
2686976.0
-4595200.0
3906048.0
-20480.0
-2688000.0
-1.2092416E7
-3702272.0
-1576448.0
165376.0
-301568.0
1777152.0
4718080.0
6916096.0
5124096.0
409600.0
1.0462208E7
1313280.0
-4793344.0
901120.0
3039232.0
7179264.0
1.0205696E7
1.0446336E7
6338560.0
-896000.0
-2498560.0
-5690368.0
-6108672.0
-1.1282944E7
-3520000.0
-1.0954752E7
-1.0995712E7
-6667264.0
893952.0
4722688.0
7998976.0
2337280.0
-2455552.0
4978176.0
629248.0
-1.5249408E7
-1.9927552E7
-1.5569408E7
-7989760.0
-1.2894208E7
-7064576.0
-5722624.0
-8081408.0
2334208.0
7254016.0
2.0521472E7
6337536.0
-8523264.0
-1.2510208E7
-4952576.0
2445824.0
338944.0
4892672.0
-1856512.0
7043072.0
3940352.0
1525760.0
-1888256.0
1.2512256E7
-2163712.0
-9707520.0
-4663296.0
-5491200.0
-9505280.0
-7131648.0
-9181184.0
-1.1510784E7
6879744.0
2427904.0
-1.5847936E7
-9558528.0
-1.0825216E7
-6280192.0
-5779456.0
-919552.0
3390464.0
1598464.0
-5123584.0
-2140160.0
-4289536.0
-1.1710464E7
-8874496.0
1778176.0
-4836352.0
-9407488.0
-1.0729984E7
1.0827264E7
7126528.0
6433792.0
-94208.0
-5139968.0
-6607360.0
2659328.0
6715904.0
-2304512.0
-9792512.0
328704.0
726528.0
166912.0
-4303872.0
-5275136.0
-8043520.0
-4059136.0
-1.1849728E7
5331968.0
1.4028288E7
1.0835456E7
4263936.0
1647104.0
-5474816.0
177152.0
6795264.0
1.8534912E7
7815168.0
5303296.0
3813376.0
7921152.0
4512768.0
-6315520.0
-1.3110784E7
-1.6343552E7
-1654784.0
2.0401664E7
1.7647104E7
-647680.0
125440.0
-1.220608E7
-7998976.0
-767488.0
1727488.0
1.1802112E7
5795840.0
-872448.0
369152.0
-1.184E7
-1.7201152E7
-1.1736064E7
-1.3806592E7
-9202176.0
-1.5780352E7
-7376384.0
-1549312.0
-3197440.0
1552384.0
-154112.0
-3851776.0
2360320.0
5038592.0
6520320.0
7203328.0
2146816.0
4264960.0
-8565248.0
-1.9021312E7
-4116992.0
6751232.0
580096.0
-1.0273792E7
-3492352.0
-5986304.0
-5521920.0
-9451008.0
-1.2875264E7
-5619200.0
-3648000.0
-7094784.0
-9335808.0
-6873088.0
-4235264.0
1559552.0
-408064.0
-4137984.0
-7758336.0
-3096064.0
-2951168.0
-1.2396032E7
-1.0912256E7
-7015424.0
-860672.0
2825728.0
-8072192.0
-2.0983808E7
-2.1878272E7
-1.1343872E7
-2640896.0
7420928.0
2826240.0
-1985024.0
-5356032.0
-9644544.0
2728448.0
549888.0
-4044288.0
-2634240.0
1065472.0
-1709056.0
867840.0
616448.0
-3087872.0
-1395712.0
-1572352.0
-1381376.0
-4183040.0
215040.0
4235776.0
1800704.0
-2171904.0
-4004864.0
-6160896.0
-9223680.0
-3315200.0
-4675584.0
-9046528.0
-2.0471296E7
-1.7947136E7
-1.1919872E7
-7742976.0
-549376.0
2006528.0
-1278464.0
1.1926528E7
2250752.0
-4683264.0
3059200.0
1.4486016E7
9344000.0
3252736.0
5813248.0
-2262016.0
1.3519872E7
1.2449792E7
1.3402624E7
-1682432.0
-6355968.0
3788800.0
1.2113408E7
4012544.0
423936.0
-681472.0
-266240.0
-2491904.0
5558272.0
9077760.0
1.1649024E7
7383040.0
-1735168.0
7508480.0
1.036544E7
1474560.0
-549888.0
-7686656.0
-1137664.0
-7133184.0
-2555392.0
-1.1360768E7
-8782848.0
-1655296.0
9545216.0
1.9171328E7
9523200.0
795136.0
1649664.0
379392.0
1486336.0
-1067008.0
-1040384.0
-9480192.0
-1.149952E7
-4614656.0
4251136.0
1.0747904E7
2185216.0
-1030144.0
-4438528.0
-5702144.0
-8544256.0
-1.3951488E7
-9452544.0
-614400.0
1356288.0
-8231936.0
-1.550592E7
-1.3808128E7
-1.293056E7
-8822784.0
-5259264.0
-6625280.0
-6974976.0
-1.462272E7
-2.1402112E7
-1.294592E7
-1004544.0
-7203328.0
-3329024.0
3724800.0
-1545216.0
-1.097472E7
-3981312.0
-1662976.0
-7652864.0
-1.7350656E7
-1.9249152E7
-776192.0
5529600.0
-4963328.0
194560.0
1.2340736E7
-2979328.0
-675840.0
-2595328.0
-4058624.0
-1.1667456E7
-5196800.0
1714176.0
7283200.0
8520192.0
1.2598784E7
-4410880.0
-8990720.0
-1.3228032E7
-1.7382912E7
-1.1767296E7
-4241408.0
-5065216.0
-6450688.0
-1.1736064E7
-8872448.0
-1.1656192E7
-1.338624E7
-1.258496E7
-1.238016E7
-1.3833216E7
-2.0221952E7
-1.357824E7
-455680.0
1.5544832E7
2.0111872E7
1.3203968E7
-2546176.0
-3480064.0
-1.780992E7
-6176256.0
4985344.0
8303104.0
1.4677504E7
5122560.0
3957248.0
1.0317824E7
5632000.0
370176.0
-795648.0
5209600.0
1.2233216E7
9523200.0
-2658304.0
-4454912.0
-6107136.0
2701824.0
6709248.0
-6883840.0
-8084992.0
-9241600.0
-2.1548544E7
-1.1358208E7
-1.054464E7
-6725632.0
3097600.0
1665536.0
3872768.0
7247872.0
-5236736.0
866304.0
2621440.0
-4122624.0
-5624320.0
-3010048.0
5110272.0
-3106816.0
-3465728.0
819200.0
-5723136.0
-6933504.0
-3363840.0
-8012288.0
-2.2517248E7
-1.6382464E7
-4514816.0
-5771776.0
-1.1908608E7
-9874944.0
-2.436352E7
-1.2652544E7
-9294336.0
-9347584.0
-5095424.0
-668672.0
-7981568.0
-6016000.0
-7603712.0
-3249152.0
2493440.0
7016960.0
-1665536.0
-1.736192E7
-9336320.0
727040.0
-9727488.0
-1.1448832E7
-1.0456576E7
-1.3384704E7
-2672640.0
2694144.0
-1968128.0
6011392.0
3734528.0
-3193344.0
-3024896.0
-7607296.0
-1.2564992E7
-3869696.0
-2975744.0
-1784320.0
-251392.0
-5917184.0
-9494016.0
-1.7060864E7
-1.6907264E7
-1.1168768E7
-3432448.0
-1.2383744E7
-5390848.0
-1.3700096E7
-1.6670208E7
-7824384.0
-5383680.0
-1.0468864E7
-1.3801472E7
-4911616.0
-1611776.0
5441536.0
7944192.0
1.3549568E7
1.2233728E7
772096.0
-4534272.0
-1.0758144E7
-8082944.0
-1.45152E7
-4046848.0
8854528.0
5830144.0
1413632.0
4148736.0
-4253696.0
-6334464.0
4819968.0
-3997696.0
-6535680.0
-6749184.0
-1.0334208E7
-2996224.0
1138176.0
5955584.0
3305984.0
1169920.0
-5022720.0
-767488.0
2295808.0
8113664.0
2.2258176E7
2.1572608E7
1.1472896E7
-1643520.0
-3575296.0
-3545088.0
-3662848.0
-4068352.0
-1974272.0
-322048.0
-4819968.0
-443904.0
7809536.0
1062912.0
1.8853376E7
1.8942464E7
1.0123264E7
-7469056.0
-1485824.0
3854848.0
7605248.0
2293248.0
-1.2864E7
6746112.0
1.0779136E7
872448.0
4419584.0
-9347072.0
-3093504.0
-2620928.0
-1012224.0
3760640.0
2.0324864E7
1.2298752E7
4415488.0
766976.0
8768000.0
115712.0
-4578304.0
-5713920.0
-1584128.0
9420288.0
3748864.0
-558592.0
-6264320.0
-3659776.0
-6849024.0
-7379968.0
-2126336.0
1.0194944E7
1.0659328E7
7929344.0
3905024.0
1014784.0
-5847040.0
-1.368064E7
-1.5991808E7
-1.543168E7
-8666624.0
-1996288.0
-7283712.0
3867136.0
9115648.0
1572352.0
2199552.0
5863936.0
-1482752.0
3506176.0
1.0758144E7
5452800.0
-7467520.0
-1.4802432E7
-3256832.0
-6449664.0
7979520.0
1845760.0
-8891904.0
-1.2312064E7
3711488.0
1.4081024E7
8068608.0
111616.0
-7927296.0
-1816064.0
1.0145792E7
9347072.0
4626432.0
2698240.0
816640.0
-301056.0
4164096.0
-3141632.0
-7040000.0
4312576.0
6837248.0
-6368256.0
-7751680.0
-3033088.0
-4840960.0
40448.0
2011648.0
-2227712.0
-7574528.0
-4035072.0
-1.350144E7
-7995392.0
8128512.0
1.081344E7
1.1384832E7
-7723520.0
-8897536.0
1126912.0
2796032.0
2410496.0
2942464.0
-7278080.0
-5545984.0
-4344320.0
-1.03296E7
-1838592.0
5937664.0
-2268672.0
1309696.0
-1.3989376E7
-8629760.0
-6393856.0
-8985600.0
-1.7037312E7
-7808000.0
2189312.0
697344.0
-9237504.0
-1.389056E7
-1.7092096E7
-7951872.0
-9299456.0
-8155136.0
55808.0
4429312.0
-313856.0
-2759680.0
1355264.0
2616832.0
4100608.0
-2087424.0
-1.5442944E7
-5152256.0
988160.0
-2304000.0
-1601024.0
3339776.0
4577792.0
-4364288.0
539648.0
457216.0
-2978816.0
-7406592.0
-3956224.0
-7535616.0
-1.0300928E7
-1.8485248E7
1413120.0
3232768.0
6032896.0
4940800.0
6449152.0
1.0908672E7
1.9936768E7
6104064.0
6557184.0
4731904.0
-1.5751168E7
-1.9681792E7
-8296448.0
-7512064.0
-6045696.0
-5215232.0
1071104.0
-6868992.0
-1899008.0
-8443392.0
-1.7993216E7
-1.3533184E7
-1.5007744E7
-1.7525248E7
-1.4107648E7
-4920320.0
-1913344.0
1948672.0
-3278848.0
-2647040.0
-2995712.0
-3703296.0
3030528.0
2.3728128E7
2.445824E7
1.0715648E7
1729024.0
-1.1383808E7
-536576.0
4815872.0
-961536.0
-4880896.0
-9909760.0
-1.0144256E7
-1391104.0
1668096.0
-2582016.0
7477248.0
9705472.0
-714240.0
-5900288.0
-5819904.0
-4816384.0
5567488.0
1.0758144E7
-2391552.0
-5809152.0
-909824.0
-5320704.0
4117504.0
5632000.0
5255168.0
-5575168.0
-1.910016E7
-1.0138112E7
-1248256.0
1343488.0
2606592.0
-6323200.0
881152.0
-4753920.0
-8011264.0
-1.7316352E7
-4388352.0
5909504.0
7953408.0
5715456.0
494592.0
-2167296.0
-5434368.0
1.1631104E7
2.527744E7
9043456.0
8252416.0
8263680.0
4120064.0
1.1857408E7
1.2614144E7
1.6011776E7
1.9237888E7
1.7181184E7
8261120.0
-2563072.0
2724352.0
2683392.0
-26112.0
-4741632.0
-3401728.0
988160.0
4811776.0
9931264.0
6028800.0
-5198848.0
-4943360.0
-7125504.0
-1.0909696E7
-1.127424E7
-3557888.0
2925056.0
5349376.0
-7644160.0
-1.5108608E7
-1.2959232E7
212480.0
-7885312.0
-1.385472E7
-4097536.0
5910528.0
-3946496.0
-3728384.0
-4895744.0
-4909056.0
-1.126656E7
-7479808.0
-2538496.0
-9022976.0
-324096.0
5884928.0
5446144.0
537600.0
1.0122752E7
8953344.0
1190400.0
5613568.0
-867840.0
99840.0
1905152.0
-6624768.0
-60928.0
-140288.0
-3569152.0
-1.6313856E7
-1.068288E7
592896.0
275456.0
-1.2474368E7
-1419776.0
257024.0
-901632.0
-3320320.0
-2238976.0
-2027008.0
8180224.0
1.2829184E7
5655040.0
8215552.0
-9825792.0
-8405504.0
-1.0545152E7
-1.8075136E7
-1.2498944E7
-1.003264E7
-3875328.0
-7373824.0
-1.252352E7
-2017792.0
7370752.0
5215232.0
1140736.0
5319168.0
1.077504E7
1.0010112E7
56832.0
4050944.0
1960448.0
1.0045952E7
4073984.0
1947648.0
6968320.0
-3182080.0
-404992.0
-6679552.0
-8970752.0
-1357312.0
-4883456.0
-1.0020352E7
-7049216.0
-7546880.0
-1.9325952E7
-6676480.0
4867072.0
5262336.0
8141824.0
589824.0
8738304.0
768000.0
-4951552.0
1671680.0
-7877632.0
3866112.0
357376.0
-1.2088832E7
-7566848.0
-7647232.0
-1.3188608E7
-1.055232E7
-6067712.0
-1.0085888E7
4900864.0
-2049024.0
-1.6698368E7
-8721920.0
-8733696.0
-5371392.0
9363456.0
-3636224.0
-2906624.0
2122752.0
2494464.0
5991424.0
7009280.0
6151680.0
8667648.0
-562176.0
-1.5035392E7
-9460736.0
-1.0878464E7
-8410112.0
-4465664.0
-108544.0
-6541312.0
-1794560.0
-637952.0
-838656.0
2138624.0
-3541504.0
-1.0940928E7
-679936.0
-2742272.0
1.0128896E7
9156096.0
-1971200.0
-9445376.0
-2349568.0
7300608.0
9928704.0
1.1277824E7
9996288.0
1.2124672E7
1.5241216E7
1.30688E7
3258880.0
-771584.0
-5266944.0
8195584.0
1.646336E7
7521280.0
-1748992.0
-3695104.0
1885184.0
4638720.0
9565184.0
1124352.0
-1.2338688E7
-1976832.0
1.081856E7
-1167872.0
-2109952.0
-1.2618752E7
-1.2243456E7
-3300352.0
994304.0
-1060352.0
-3268608.0
-3520000.0
-531968.0
2983936.0
-2651648.0
-3833856.0
-4386304.0
-1637888.0
-5747712.0
-5881344.0
-3264512.0
-4963328.0
-1.110016E7
-2.1860864E7
-8531456.0
-1165824.0
9594880.0
4238848.0
3909120.0
3213312.0
8002560.0
2133504.0
6856704.0
3346432.0
3284992.0
-3028480.0
-5487616.0
-1.1560448E7
-6856704.0
-1.06752E7
-1.1122176E7
-1.37472E7
3935232.0
-598528.0
3126784.0
-9627648.0
-5327872.0
-4786176.0
7494656.0
-1936896.0
-6989824.0
-1.0304512E7
-6185472.0
-4985344.0
-5689856.0
-3344384.0
2488320.0
1331200.0
-5344768.0
530432.0
-5309440.0
-1459200.0
-6825472.0
-3546112.0
-5146624.0
-9533952.0
-9239040.0
-1.2606464E7
-1.1620352E7
-1477120.0
-6435840.0
-1.99168E7
-2.1751808E7
-1.687296E7
1105408.0
-4732928.0
-1.547008E7
-8759808.0
-2236416.0
-6588928.0
3508736.0
1626112.0
-1340928.0
-3458560.0
-1.1813888E7
-7771648.0
3674112.0
1.0858496E7
3658240.0
-80896.0
-973824.0
-4657152.0
-1.2732416E7
1619456.0
1308160.0
-6032896.0
262656.0
-5488640.0
-1.2038144E7
-4317184.0
-542720.0
1895936.0
3464704.0
254464.0
-5103616.0
1551872.0
-2029056.0
-1.5940608E7
-9256448.0
-506880.0
209408.0
-1.0802176E7
-9681408.0
-1.594368E7
-1.1707392E7
-1.1474944E7
-1.0016768E7
-1.0086912E7
-9689088.0
-1.0107392E7
-1.7701376E7
-1.049344E7
1181696.0
6264320.0
4357120.0
-3826688.0
-6113792.0
-2554368.0
652288.0
-1698304.0
5701632.0
-2193920.0
-4763136.0
-5888512.0
3428864.0
1110528.0
-6958080.0
-1.072384E7
-1.8770944E7
-1.4579712E7
-1.7030656E7
-8409600.0
-1.28128E7
-2.014208E7
924160.0
-2617856.0
-2758656.0
-3387904.0
-1565696.0
-1761792.0
6775296.0
-955904.0
-2710528.0
2991104.0
9667584.0
6638080.0
1.276928E7
6738944.0
8332288.0
-8662528.0
-2.2357504E7
-7628800.0
8677888.0
2554368.0
-3474944.0
-8919040.0
-183808.0
-6213632.0
-6636544.0
-712704.0
-7825920.0
-2.2729728E7
-1.9618816E7
-9307136.0
-8669696.0
-7103488.0
107520.0
2633216.0
562688.0
-3501056.0
-9330688.0
-466944.0
4011520.0
-198656.0
5450240.0
717312.0
1282560.0
-8479232.0
-5380096.0
-1.5969792E7
-2929152.0
-1531904.0
1884160.0
-2934272.0
-3651584.0
-1611776.0
-1844736.0
-7183360.0
-9077248.0
-3976704.0
-7845888.0
-1.1216384E7
-5179904.0
-2372096.0
4673536.0
1.4557184E7
1.189376E7
4476928.0
4809216.0
-6433280.0
-9283584.0
-9233920.0
-3782656.0
1863168.0
6082048.0
-602112.0
-2252800.0
-5862400.0
-8584192.0
-3375616.0
987648.0
1.1472384E7
-3165696.0
-1782784.0
8372224.0
8239104.0
1251328.0
58368.0
-5788160.0
-3164160.0
-1.2114944E7
-1.4803968E7
-1.3410304E7
-1556480.0
1.4680576E7
9367552.0
-2284032.0
-6928384.0
-5057536.0
-4783616.0
-1.0914304E7
-4818432.0
3476480.0
-2140160.0
842752.0
-6008320.0
-6414848.0
-3018752.0
-7165440.0
89600.0
4753920.0
-35328.0
-2918400.0
-5146112.0
-1.7398784E7
-1.453312E7
-7749632.0
40448.0
-6852096.0
-2010624.0
-1135104.0
1.0235392E7
1.5860224E7
1282048.0
2572800.0
2254848.0
4684288.0
6601216.0
4594176.0
6985728.0
8034304.0
6985216.0
-2984448.0
-7042048.0
-928768.0
-1619968.0
-1413632.0
-1.067776E7
-9389056.0
-1.5053312E7
-1.4781952E7
-7575040.0
-8969728.0
-9352704.0
-6331392.0
806912.0
1.9164672E7
1.5906816E7
9402880.0
649216.0
4189184.0
-5385728.0
-9854464.0
-6065664.0
-1.8961408E7
-9321984.0
-557056.0
-1223680.0
4248576.0
-158208.0
-7324672.0
-151552.0
2738688.0
1.098752E7
-4648448.0
-4554240.0
-1495552.0
-3192832.0
5013504.0
8690176.0
3352576.0
-6454784.0
-1.7694208E7
-1.8206208E7
-9576448.0
-8526336.0
-1.1965952E7
-3203584.0
-4089856.0
-1.4361088E7
-1.6326144E7
-7633408.0
-5442560.0
1338368.0
-8216064.0
-1.7300992E7
-1.6621056E7
-9910272.0
-1.3674496E7
-1.1508736E7
-2.0813312E7
-1.633536E7
-1.47072E7
-8802816.0
-8557568.0
-1.0947584E7
-1.5844352E7
-1.3861376E7
-1.483008E7
-1.1155968E7
-1.9143168E7
-6221312.0
-5237248.0
-7164928.0
-4379136.0
-2409472.0
-6981120.0
1448448.0
1.3842944E7
2722816.0
-7256064.0
-1.4288384E7
-6100992.0
735232.0
-2456064.0
5056000.0
-2970112.0
-7545856.0
4243456.0
-701440.0
-1.03168E7
-8571904.0
229888.0
-3124736.0
6913024.0
5283840.0
6035456.0
-5759488.0
1285120.0
-2629120.0
-1.2077568E7
-1.5473664E7
-3890688.0
-6158336.0
-5990400.0
-8996864.0
-7492608.0
-1.4132736E7
-8925696.0
-3824640.0
-9130496.0
-3923968.0
5891072.0
4104192.0
-1211904.0
-8559104.0
-334336.0
1.0569728E7
1.7037312E7
2.052352E7
1.1491328E7
1.1109376E7
1.4675968E7
7267840.0
-1.3222912E7
-1.8499072E7
-3365888.0
5606400.0
1.0002432E7
-761344.0
-742400.0
-7099392.0
-4537856.0
1415680.0
-3126784.0
4103680.0
9122304.0
7503360.0
-1440768.0
4417536.0
-7111168.0
-5394432.0
1022976.0
-1972224.0
3654144.0
-9216.0
2162176.0
-5247488.0
-9289216.0
-832000.0
-6343680.0
3022336.0
7416320.0
-3711488.0
-8690688.0
3546624.0
288768.0
-4874240.0
4381184.0
962048.0
3577856.0
4542464.0
497152.0
-4154368.0
-1.8640896E7
-2.01472E7
-1.9707392E7
-8565248.0
-7661568.0
-6682624.0
8535040.0
-550912.0
-1.015296E7
-1.3459968E7
-4093440.0
-8907264.0
-1.2701184E7
-1.1938816E7
-1.5208448E7
-5220352.0
-1.0636288E7
-1.301504E7
-1.922304E7
-1.5696896E7
-6996480.0
-1.0917888E7
-4903424.0
2238976.0
4656640.0
-7126528.0
-1.1933184E7
-834560.0
35328.0
-9388544.0
-1629184.0
-1.4726656E7
-1.6131584E7
-1.02144E7
-481280.0
1114624.0
1.0241536E7
7011328.0
3721728.0
-4154880.0
-2551808.0
-390656.0
-5657600.0
-1.724928E7
-4848640.0
-4622848.0
-1.2385792E7
-2.1853696E7
-4776448.0
-3566592.0
-3503104.0
-1.122816E7
-1.4120448E7
2507264.0
2433536.0
-1019392.0
9831424.0
-3117568.0
9005568.0
1.2200448E7
-3145728.0
-2.2484992E7
-1.4519296E7
-1.9874816E7
-9529856.0
6240256.0
5089792.0
-314368.0
3740672.0
7515648.0
-1620992.0
-4577792.0
-815104.0
2137600.0
-4937728.0
-6604800.0
6993408.0
9289728.0
3639808.0
-2.1047296E7
-2.868992E7
-1.6598016E7
-1.1514368E7
-4093952.0
-9456128.0
-9868800.0
2215936.0
-3548672.0
2947072.0
-6573568.0
-6784000.0
-4175360.0
1.0895872E7
8418816.0
5553664.0
-378880.0
-2706432.0
2430464.0
-1239040.0
-7441408.0
-1.0832896E7
-1.035008E7
-1490432.0
-6387200.0
1154048.0
1608192.0
-5199360.0
-1.8942976E7
-1.9045376E7
-144384.0
-1042944.0
-1.2127232E7
-6874112.0
-388608.0
-912384.0
-5686784.0
1719296.0
2729984.0
-8412160.0
-3547648.0
5195776.0
-8664064.0
-9436672.0
-7697920.0
-3638784.0
-1719808.0
-1942016.0
-1.4850048E7
-2183168.0
-2727936.0
28672.0
4264448.0
1398784.0
7693824.0
1.7735168E7
1.2538368E7
2227712.0
-4768768.0
-8763392.0
-5447680.0
-5116928.0
-5046784.0
1026560.0
1043456.0
-2565632.0
4321792.0
4048896.0
1901056.0
-1.1497984E7
-6095872.0
-1584128.0
1.6276992E7
1.5661056E7
2508288.0
-4223488.0
-5195264.0
-1.0381824E7
-1.476864E7
-1.0458112E7
-1.4819328E7
-1.7837056E7
-2.017792E7
-3.169024E7
-2.6301952E7
847872.0
-4781568.0
-9910272.0
-1.3617152E7
-1.0183168E7
-1.0714112E7
-4619264.0
-6606848.0
-8754688.0
3096576.0
-1075712.0
-1380864.0
-466944.0
-8225792.0
-1.1246592E7
-4613632.0
-6971392.0
-9953792.0
-1.290496E7
-2487808.0
-1.1913216E7
-1.5691264E7
-1.2783104E7
-1.9147776E7
-7587840.0
-101888.0
-9209344.0
-1.6178688E7
-1.5983616E7
-4622336.0
3759616.0
1372672.0
-6822912.0
-7947264.0
-2.098688E7
-8782336.0
-4820992.0
-2373120.0
-3590656.0
-1012224.0
4099584.0
8669696.0
6273024.0
1.699072E7
1.6676352E7
8457216.0
595456.0
-1.4269952E7
-1.045248E7
7810560.0
7765504.0
9160704.0
1726464.0
-3642368.0
-9383936.0
-1.4477312E7
-8259072.0
-9953792.0
2263040.0
-1329152.0
-1.6570368E7
-9771520.0
176128.0
4830208.0
6300160.0
6189056.0
5831168.0
187904.0
196608.0
-1969152.0
1690112.0
-7182336.0
1979392.0
-2409472.0
-9515520.0
-4374016.0
-360448.0
-2776064.0
-6902272.0
-1808896.0
167936.0
-5026304.0
-6904320.0
-8679936.0
-1.2657152E7
-7489536.0
-1354240.0
-3930624.0
6938624.0
1.0993664E7
569344.0
-1.4237184E7
-583680.0
7029760.0
4950528.0
3187712.0
1.2633088E7
1.4094336E7
9099776.0
1.1040768E7
1.1779072E7
-3333632.0
-3977728.0
-2254848.0
3328000.0
4135424.0
276480.0
-1.2225024E7
-4133888.0
2244608.0
3247616.0
-2036224.0
-3824128.0
-2081280.0
-6430720.0
4264960.0
-886784.0
-2306048.0
-6518784.0
-1.2880384E7
-7175168.0
-1.6840192E7
-5069824.0
507392.0
2010624.0
-9247744.0
-1.2509184E7
-1.44128E7
866816.0
4257792.0
-5757952.0
-1.174528E7
-3328512.0
5377024.0
9121280.0
711168.0
-4234752.0
-3042304.0
-3802112.0
-3906560.0
-5572608.0
-9391104.0
-4792320.0
-4317696.0
1382400.0
1.6072192E7
1.8860032E7
2912768.0
-7235584.0
-1.052928E7
-3869184.0
-2292224.0
-8199168.0
87040.0
-4794880.0
-8536064.0
-266240.0
-372736.0
-4930560.0
-5760000.0
-2648064.0
-6305280.0
1.0875392E7
4580864.0
1.1110912E7
1.4604288E7
4192256.0
7741952.0
1.274368E7
7435264.0
-1669120.0
3969536.0
1.1580416E7
1126912.0
-1.1644928E7
-2.3053312E7
-1.0518016E7
-3996160.0
1038336.0
6687232.0
4621312.0
-4445696.0
-1.2327936E7
-1.0165248E7
-1.400576E7
-2.7364352E7
-1.3761536E7
-1270784.0
-1043456.0
790528.0
-778240.0
-8837632.0
-6928384.0
-1.6031232E7
-1.3879808E7
-1.375232E7
-8821760.0
-2505216.0
-1090048.0
4438016.0
1.1736576E7
-6256128.0
-7899648.0
-5998592.0
-1.0448896E7
-422912.0
2996224.0
1365504.0
1335808.0
-6340608.0
-5793792.0
-176640.0
-222720.0
-1690624.0
-2721792.0
-6791168.0
-5147648.0
-5215744.0
-1.3097472E7
99328.0
1292800.0
-5772800.0
4155904.0
-1.0834432E7
583680.0
4872704.0
9695232.0
5837312.0
1346560.0
-365056.0
-1.2379648E7
-5254144.0
6816768.0
1.1002368E7
9488896.0
7860736.0
812544.0
-6144.0
1.042176E7
-3371008.0
-1.19552E7
-1.3563904E7
-6949376.0
-3165696.0
-3441664.0
-2212352.0
2206208.0
-4997120.0
-2963456.0
-1.2025856E7
-2.1708288E7
-1.3896192E7
-416256.0
1854464.0
-3444224.0
-3547136.0
2115072.0
2723840.0
-525312.0
5329408.0
348672.0
-2397184.0
-4952064.0
296960.0
2138624.0
-2864640.0
-1.4178304E7
-5122560.0
-1.543424E7
-9942528.0
-9390080.0
-7230464.0
-4423168.0
536064.0
-8552448.0
-8932864.0
-1.3201408E7
-1.0972672E7
-6266368.0
7318528.0
-2078720.0
-6012416.0
-76800.0
1024512.0
-1236480.0
9903616.0
1028096.0
4504576.0
7785984.0
1.1685888E7
1.1059712E7
2539008.0
437760.0
-4450304.0
-1.0220544E7
-8257024.0
3087872.0
-124416.0
-2133504.0
-4162048.0
-1.2780032E7
-4112384.0
-8068608.0
-1.1703808E7
-4901376.0
3385344.0
8162304.0
1.455616E7
1.3484544E7
4682240.0
-1622528.0
-3451904.0
-1.277696E7
-2.1330944E7
-9544704.0
5172736.0
1.066496E7
460288.0
-507392.0
5047808.0
4079616.0
-7576576.0
-1.661696E7
-8249344.0
-1.5215616E7
-1131008.0
7270912.0
7304704.0
-851456.0
6984192.0
-677376.0
-1.0494464E7
-1.0266624E7
-4187136.0
3117568.0
-3746304.0
-4588544.0
-2702336.0
-2988032.0
-7441920.0
-927232.0
8358400.0
5465600.0
3428864.0
9384448.0
4461568.0
6471168.0
623616.0
-7036416.0
-507392.0
-1445376.0
-2206720.0
-5434880.0
2315264.0
-8846848.0
-1.1167744E7
-7123456.0
-2622464.0
-1461760.0
4038144.0
-412672.0
1081344.0
-1209856.0
-2897408.0
1351168.0
2748928.0
-25088.0
-9525760.0
-6368256.0
-671744.0
1645568.0
-3135488.0
-4848640.0
-1648128.0
7161344.0
6653952.0
-9615360.0
-1.5335936E7
-1.090304E7
-5163008.0
-1.5064576E7
-1.3752832E7
-2539008.0
-2306048.0
2694144.0
1306624.0
1792000.0
6905344.0
338432.0
-8886272.0
-943104.0
-4315648.0
-8163840.0
6170112.0
3115520.0
-6147584.0
-2.0133888E7
-2.026752E7
-7751168.0
-7311872.0
-7413760.0
-1.0687488E7
-2.1891584E7
-2.397696E7
-2.18496E7
-1.134336E7
-5071872.0
1165312.0
-3347968.0
-1.4318592E7
-2.6980352E7
-1.357568E7
-8101888.0
-4972032.0
7669760.0
1.5692288E7
1033216.0
-1.0356736E7
-2516992.0
2638848.0
-2306560.0
-3936768.0
-3014144.0
-1052160.0
3875840.0
1.4354432E7
2161152.0
1472512.0
1290240.0
-5826048.0
-2702848.0
-5624832.0
-5590528.0
7927296.0
8206336.0
1.01504E7
1.1387392E7
-3038720.0
-8858624.0
-1.0487808E7
-2577920.0
1.3904896E7
6404608.0
8607232.0
1.4094848E7
3486208.0
-1644544.0
-7778816.0
-1.1229696E7
-8280576.0
-9277440.0
-2864640.0
1.1979776E7
1.1474432E7
1902080.0
5650432.0
-796160.0
-8854528.0
-3342336.0
-1.240576E7
-1.2192256E7
-1.36192E7
-4863488.0
-5085184.0
-5246976.0
-866304.0
-2360320.0
-1896960.0
1466368.0
1.2849152E7
1.0876928E7
-8783360.0
-1.8292224E7
-1.6493056E7
-1.7236992E7
-1.302784E7
-2.024704E7
-1.804288E7
-2.0653056E7
-8687616.0
-5225472.0
-6734848.0
-7256576.0
-2287616.0
795648.0
-901632.0
9368576.0
-4719104.0
-1.068032E7
-1.0311168E7
1931264.0
2549760.0
-9387008.0
4012544.0
8421888.0
6231552.0
5970432.0
4036096.0
9018368.0
1.0737664E7
5634048.0
6853632.0
-1.5908352E7
-1.9656192E7
-1.6702464E7
-1.9423744E7
-1.3406208E7
-1.4142976E7
-1.5222272E7
-8045056.0
-703488.0
-2784768.0
657408.0
-5472256.0
-1687552.0
-4431360.0
-1.1538432E7
-1.1419136E7
-6491648.0
476160.0
3491328.0
3531264.0
9818624.0
-4999680.0
-2.1229056E7
-1.2465152E7
2268672.0
3927040.0
-1510912.0
4478464.0
8045056.0
1.741824E7
4316160.0
-3366400.0
883712.0
-5023232.0
-1.4446592E7
-2.4338944E7
-1.9198464E7
-5337600.0
7340032.0
9936896.0
1.4811136E7
-3087360.0
-5440512.0
-6230528.0
2263040.0
9109504.0
3200000.0
1.2107264E7
3194368.0
-8237056.0
-932352.0
-8204288.0
-1.8114048E7
-1890304.0
-2912768.0
-3659264.0
-5377536.0
-1.9482624E7
-1.7519104E7
-4686336.0
8304640.0
1.4544384E7
1.029376E7
5204992.0
-2365440.0
-203776.0
3547648.0
2511872.0
1416704.0
-5191680.0
-6416896.0
-9968128.0
-109056.0
-2162688.0
-337408.0
2618368.0
-2776064.0
-2012672.0
-1.2317696E7
-1.3346304E7
-3670016.0
1.3212672E7
9611264.0
2278912.0
192000.0
-1726464.0
2125312.0
-3231232.0
4658688.0
6738944.0
8195072.0
6701056.0
4278784.0
3341312.0
-5471744.0
-7138304.0
-2954752.0
-1694720.0
-842240.0
2356736.0
-1727488.0
-1.7330176E7
-9353216.0
-1.126144E7
-2.2843392E7
-2.0788224E7
-2.3245824E7
-1.5188992E7
-5210624.0
-421376.0
-556544.0
2169856.0
-1.2184064E7
-4079104.0
-4432384.0
-6546432.0
-6294528.0
4831232.0
3958784.0
-6727168.0
2061312.0
5293056.0
9994752.0
2861568.0
1458688.0
5055488.0
5010432.0
3583488.0
271872.0
500736.0
9896960.0
3880448.0
-2094592.0
-201216.0
-487936.0
-1.6084992E7
-1.8865152E7
-9539584.0
-8394752.0
-4582912.0
-530432.0
-1.3344256E7
1011200.0
-1566720.0
76800.0
1022976.0
-3412992.0
-8791552.0
-5644288.0
9345024.0
2.0623872E7
8100352.0
3554304.0
-1031168.0
2461696.0
6061056.0
524800.0
-5772288.0
2610688.0
-4788736.0
-5506560.0
6116864.0
-485376.0
441856.0
1.0441216E7
3321344.0
-1.2127744E7
-1.3138432E7
-9001984.0
-6289408.0
-3139072.0
2750976.0
1.5329792E7
7518720.0
6795776.0
4602368.0
-2061312.0
-4935168.0
-7204352.0
-2863616.0
2430464.0
-6948864.0
1117696.0
3885056.0
-2140160.0
-9392640.0
-4875264.0
-1.0156544E7
-609792.0
7439360.0
-1831936.0
1645568.0
-713216.0
-6841344.0
-2479104.0
2460160.0
3305472.0
1.3282816E7
-1241088.0
-7316992.0
-1.0594304E7
-6751744.0
-6076416.0
-2082816.0
7112704.0
-3725824.0
256000.0
-3559936.0
-2949632.0
6159872.0
-1262592.0
-1.1270144E7
-7481856.0
-8470016.0
-1.2136448E7
-1.2123648E7
-1.003264E7
-8931328.0
-1.2430848E7
-1.0499584E7
-4401664.0
-1.0696704E7
2194944.0
4685312.0
-4133888.0
-7925760.0
-1502208.0
1747456.0
3435008.0
-7181824.0
-8668160.0
-1.9409408E7
-9864704.0
-8642048.0
-5940736.0
-2159616.0
-8368128.0
6380032.0
-6322176.0
-1330176.0
-7051776.0
-1.6238592E7
-6273536.0
-4940800.0
-4117504.0
-911872.0
-803328.0
-3380736.0
-483328.0
3136000.0
968192.0
-6688768.0
-8222720.0
-1.5973888E7
-1.5425024E7
-1662464.0
3175936.0
1079296.0
-6432256.0
7686656.0
1.3899776E7
-4409344.0
-792064.0
514560.0
7636480.0
-6983680.0
-9281536.0
-1.1546624E7
-1.044736E7
-7900672.0
1.2327936E7
1.4272E7
100352.0
-1.284352E7
-8329728.0
-6639104.0
-671232.0
1241600.0
5147648.0
7025664.0
2824704.0
7209984.0
1089024.0
2431488.0
-1.4833152E7
-1.5781888E7
-1.4896128E7
-1.02912E7
4259328.0
7124480.0
1.0069504E7
-4860928.0
-9473024.0
-3899904.0
3841024.0
7330816.0
-3731968.0
-1.1979776E7
-1.348096E7
-1.0843648E7
-1.5028224E7
-1.7702912E7
-4947968.0
2220544.0
9088512.0
8878592.0
695296.0
-2185216.0
2915328.0
606720.0
5818880.0
1.7871872E7
8120832.0
-7419904.0
2652160.0
-1.156096E7
-1.3526528E7
-3087360.0
1008128.0
2788352.0
-1073152.0
-1.6014336E7
-1.3246976E7
1481216.0
2596352.0
1133056.0
1701376.0
3438080.0
-1153024.0
7651840.0
9757184.0
3120128.0
-9089536.0
-1.5700992E7
-1.412864E7
-1.934848E7
-1.5764992E7
-2.22976E7
-8880128.0
-2729984.0
-1.6533504E7
-2.2974976E7
-1.5623168E7
-2819072.0
8150016.0
-290304.0
-9028608.0
-3847680.0
-1.5117824E7
-1.3758976E7
-6658048.0
-1.655808E7
-8666624.0
-1.593344E7
-1.055232E7
-1.398272E7
-1.8650624E7
-1.195264E7
-1.5420928E7
-7097856.0
1835008.0
-6482432.0
-4918272.0
-8279040.0
-1.0057216E7
-4514816.0
-1842176.0
34816.0
-8995328.0
-6278144.0
-4941312.0
5805056.0
-1.124352E7
-8785408.0
-4144640.0
-5579776.0
-5314560.0
-1256960.0
-8089600.0
-1.1918848E7
-1.5580672E7
-7480320.0
-1.2408832E7
-1.1773952E7
-7413760.0
-1.4854656E7
-1.0415104E7
-1.3113344E7
-1031168.0
4233216.0
-907264.0
6973440.0
1.1440128E7
4453376.0
2010624.0
1097728.0
7844352.0
5843456.0
-222208.0
-9499136.0
-7267328.0
-1.2061696E7
-1.4669824E7
-1.2939264E7
2746880.0
-4406272.0
-1.3107712E7
-584192.0
718848.0
4021248.0
1.2538368E7
6810112.0
-7115264.0
-5965312.0
-4227584.0
-24064.0
-1882112.0
-2665472.0
3737088.0
1457664.0
-4529664.0
1.0349568E7
1927168.0
4278272.0
1.1209216E7
2.0063232E7
4167168.0
-5240320.0
3058176.0
-370176.0
2956800.0
181248.0
-1937408.0
-3503616.0
-1.247744E7
1452032.0
1540608.0
6392320.0
3546624.0
-311808.0
641024.0
-8102400.0
-1.046784E7
4173312.0
1129472.0
-4026880.0
3157504.0
-8118784.0
830464.0
-3347456.0
-6864384.0
-9303040.0
-3519488.0
1.4316032E7
1.5028736E7
2653184.0
-5335040.0
-5683712.0
-9161728.0
-1.3247488E7
-1.1727872E7
-2.1431808E7
-2.342656E7
-2.7535872E7
-1.1174912E7
-2313216.0
7016448.0
-1.2635648E7
-1.4990848E7
-6635008.0
-73728.0
203264.0
-6601216.0
-1849856.0
-4031488.0
-4686848.0
5346816.0
1.1446784E7
1.6976896E7
1.0271744E7
7337984.0
1.2274688E7
4536832.0
1.5925248E7
8951296.0
7397376.0
3398656.0
2307584.0
-9372672.0
-1889792.0
1464832.0
4494336.0
5954048.0
1.1988992E7
1286656.0
-2124288.0
-1.0996736E7
-4376064.0
1.015808E7
1.337856E7
3258880.0
-1804288.0
-3266560.0
-611840.0
-229376.0
320000.0
584704.0
4100608.0
-500224.0
1421312.0
155136.0
-8921088.0
-2694144.0
-6572032.0
-2856448.0
4748288.0
-1.0772992E7
-5866496.0
1673728.0
-1.1611648E7
-2098176.0
-7949312.0
-4368896.0
-6096896.0
-1.2503552E7
1.4068224E7
1.8829824E7
6486528.0
8348160.0
463872.0
-5181440.0
-2207744.0
3255296.0
-6846976.0
-8464384.0
-1550336.0
1.1437056E7
3492352.0
1856000.0
-878080.0
-2306048.0
-3195904.0
295424.0
-7557632.0
-1.9698688E7
-2.7064832E7
-2.04416E7
-5014016.0
1133056.0
-5051904.0
-1502208.0
-2485760.0
2612224.0
-6562816.0
-1543680.0
-4860928.0
-9332224.0
-2200576.0
-2736128.0
-1.6569344E7
-1.6689152E7
-7782400.0
-8835584.0
-930304.0
-8950784.0
-2732544.0
-91136.0
9181184.0
8753664.0
-1514496.0
2425344.0
-2702848.0
-9890816.0
-1.236992E7
-1.7165824E7
-3970048.0
1432576.0
-4049920.0
3013632.0
3617280.0
5995520.0
-3485696.0
-8952320.0
-1524736.0
-1204736.0
-1290752.0
1093632.0
2829312.0
-2216960.0
-4444160.0
-8340480.0
-3896832.0
3015168.0
7704576.0
6639104.0
8830464.0
3314688.0
1.2857344E7
1.7052672E7
6463488.0
3157504.0
9605632.0
1.241856E7
1.1119616E7
2695168.0
-5266944.0
2437632.0
8698880.0
1.0634752E7
9114112.0
4827648.0
4518400.0
2907136.0
-2693120.0
2516480.0
3643904.0
-3662848.0
-4490752.0
805376.0
-1.437184E7
553472.0
-5270528.0
-431104.0
2292736.0
5934592.0
4267008.0
4509184.0
-8006656.0
-1.5800832E7
-1.0014208E7
-1.3142528E7
-6811648.0
-557568.0
-1003520.0
-1035264.0
2950656.0
1988096.0
7678464.0
410624.0
-9721344.0
1716224.0
3637248.0
-1903616.0
752128.0
8207872.0
8400896.0
4072448.0
5245952.0
2555392.0
-7063040.0
-2882560.0
-6065664.0
-7523328.0
-6219264.0
-3367424.0
-8960000.0
-6670848.0
3666432.0
1.0195968E7
-1874944.0
-5235712.0
-720384.0
-5170688.0
1739264.0
1851904.0
-5899776.0
-1.1558912E7
-4773888.0
3265536.0
-6128640.0
-6472192.0
283136.0
-5514240.0
-1.2091904E7
-9762816.0
-8893952.0
-2672640.0
5256192.0
3997184.0
1.58976E7
9406464.0
1510400.0
6466048.0
3897344.0
1135616.0
40448.0
2.105856E7
2.117888E7
8563200.0
3730432.0
-1819136.0
-4547584.0
-2801152.0
-3580928.0
-6678528.0
1205248.0
-7968256.0
-2.1890048E7
-4276224.0
-289792.0
-2398208.0
1.4640128E7
1.0200576E7
7690752.0
616960.0
5944832.0
4629504.0
-4829696.0
-5278720.0
-35328.0
-5649408.0
1.6769536E7
1.4503424E7
4575232.0
6447104.0
2120704.0
-2363392.0
5346816.0
-512512.0
-7092224.0
4573184.0
-4730368.0
-1.614592E7
-4500480.0
-889856.0
-838656.0
-2658304.0
7196672.0
1.1373056E7
6465024.0
-3861504.0
-7410176.0
-4258304.0
-3816960.0
-8905728.0
-1.2637184E7
-9519616.0
-6175232.0
6233088.0
-4741120.0
-343552.0
4025856.0
1.1402752E7
125952.0
-1.1472384E7
-5558784.0
-86528.0
4979200.0
-4496384.0
-5611008.0
-9043968.0
7405056.0
2.0786688E7
5797376.0
-1785344.0
-9160192.0
1143808.0
-524800.0
-603648.0
1.1307008E7
-4000256.0
-6151168.0
-1.016064E7
4916224.0
2715136.0
8900096.0
1.6021504E7
1.4187008E7
6041088.0
9697280.0
-204288.0
3431936.0
-5919232.0
-7642112.0
-9388032.0
1294336.0
-1007104.0
897024.0
-1092096.0
8478208.0
9024000.0
-1388032.0
-1294336.0
-8871424.0
2546688.0
-2657280.0
-9897984.0
-1.3579264E7
-1.0246144E7
-6316544.0
-548352.0
3054080.0
8488960.0
9731584.0
2950656.0
-1828352.0
-5752320.0
1.0662912E7
1.6999936E7
1.3609984E7
9641984.0
4020224.0
-468480.0
-9879040.0
-1.2352E7
-1.5107072E7
-9798144.0
-1.0509824E7
-1.3894656E7
-1.9815936E7
-2.2103552E7
-1.6205312E7
-1.3612032E7
-6128128.0
-9742336.0
-1.330432E7
-6717440.0
4476928.0
1.3323776E7
1.2990976E7
3187200.0
1267200.0
-3565568.0
-2380288.0
1988096.0
-3267072.0
-4100096.0
-1.3499904E7
-7973888.0
3572736.0
1661952.0
-5766656.0
-3612160.0
1.1926016E7
5243904.0
-3347456.0
-7416320.0
-8278016.0
-3961344.0
-3401216.0
5775872.0
7890432.0
-1037312.0
3432960.0
-3045888.0
-5701632.0
-907776.0
-50176.0
-196608.0
-4648960.0
-4172288.0
-3819520.0
-3488256.0
-2046464.0
-6758400.0
-2.2880256E7
-1.3737984E7
-1.039872E7
-2079232.0
-5081600.0
-4097536.0
-5457408.0
-4337664.0
3259904.0
-1481728.0
-6366720.0
6139392.0
9852416.0
108544.0
-1.1704832E7
-50688.0
-4763648.0
-1.1644416E7
-3704320.0
-1872896.0
-2416128.0
4830720.0
1585152.0
1.040384E7
1.216E7
5504512.0
6601728.0
1.3295616E7
1.0010112E7
1.0655232E7
1.141248E7
517632.0
-9380352.0
-1.7456128E7
-1.5450112E7
-2.0962304E7
-2.1947904E7
-8753664.0
-7710720.0
5950464.0
1315328.0
-7089664.0
-1.127424E7
-1.2652544E7
-1.282304E7
-8314880.0
-1.2337152E7
-5173760.0
-7177728.0
-8458240.0
6855168.0
1.5054848E7
2.0589568E7
1097216.0
-2832384.0
-7938560.0
-8113664.0
-6687232.0
-1.3149184E7
-1.5532032E7
-7086080.0
2228736.0
-3855360.0
4965888.0
5529600.0
6522368.0
1716224.0
-5347328.0
-6402560.0
-1955840.0
5465088.0
-5677568.0
-5113856.0
-1.1610624E7
-1.7289728E7
-7187456.0
-1.5763968E7
-1.0366976E7
-1008640.0
-9213440.0
-4161024.0
-1.3542912E7
-1.2314624E7
-9061888.0
-9672704.0
-2791424.0
-1441792.0
-8281088.0
-6898688.0
-1.5542784E7
-1.3664768E7
-8642560.0
-8504832.0
-1.8142208E7
-2.4276992E7
-1.9847168E7
-1.9292672E7
-1.06496E7
-923648.0
526336.0
-2436096.0
-354304.0
-3355136.0
1675264.0
-1.1900928E7
-1.282816E7
-1.4976512E7
-1375744.0
-2894336.0
-7355392.0
-8546304.0
-6659072.0
2427392.0
3461632.0
-9551872.0
-9916928.0
-5351936.0
-5176320.0
-2499072.0
4298240.0
2297344.0
-3021312.0
-3572224.0
-1.0506752E7
-5115904.0
-184320.0
-1829376.0
-1978880.0
413184.0
694784.0
2086400.0
-1120256.0
-8657920.0
-1.3006336E7
-5604352.0
-1621504.0
-4134400.0
242688.0
-2061824.0
-70656.0
4743680.0
-1088512.0
5723648.0
4076032.0
-5644800.0
5427200.0
7322112.0
4738560.0
-3890688.0
-579584.0
1.2566528E7
8485376.0
2632704.0
-2480640.0
7161856.0
-627200.0
1293824.0
-7073280.0
-9754624.0
-4967424.0
-1878016.0
-2484224.0
-3505152.0
2407936.0
2354176.0
742400.0
6856192.0
4034048.0
4124672.0
-734720.0
3118080.0
-2012160.0
3676160.0
3793408.0
-1969664.0
-58368.0
-9050624.0
-8046592.0
-1.123072E7
-1.5507456E7
-2776064.0
-4637696.0
-610304.0
844288.0
3919872.0
-5474816.0
-2951680.0
3948544.0
-371200.0
-6243328.0
-1.0840576E7
-1.0249728E7
-3594752.0
4782080.0
-5423104.0
-7677440.0
-5485056.0
-2611200.0
5108224.0
7668224.0
-798720.0
-5884928.0
-1.347328E7
-1738752.0
4367872.0
-2828800.0
1936384.0
4740608.0
-1932800.0
-6520832.0
2466816.0
5922304.0
1012224.0
-8618496.0
-1.1380224E7
-7300608.0
-1.7475584E7
-1.1062272E7
-3763712.0
-9570816.0
-4360704.0
-7003648.0
-4492800.0
-8685056.0
-3332096.0
4384768.0
4122624.0
4748800.0
-845312.0
-4161536.0
-6868480.0
-2.4169984E7
-1.6135168E7
-6754304.0
-1.535488E7
-1.6087552E7
-645120.0
1.50272E7
4727808.0
-9912320.0
-1.3115904E7
-2896896.0
487424.0
1714176.0
-1598464.0
-1.7851904E7
-1.3466624E7
-1.1049984E7
2182144.0
-541696.0
-117760.0
-5650432.0
1200128.0
-846848.0
1030144.0
-1.0858496E7
-4122624.0
-2760704.0
895488.0
8064000.0
7524352.0
5772800.0
1.1460608E7
1.2710912E7
7550976.0
3504640.0
1860096.0
1.6891904E7
8863232.0
-813568.0
2597376.0
-1.604096E7
-2.2258176E7
-1.4872064E7
-1.3360128E7
-1.0098176E7
-5431296.0
-1.059584E7
-1.1656704E7
-1.6996864E7
203264.0
-2839040.0
-5524480.0
-1.0793984E7
-1.1593728E7
-1.2788224E7
-6724608.0
-2896384.0
-4916736.0
-1.5661568E7
-5374464.0
1819136.0
1537536.0
1987072.0
-6008832.0
2741248.0
1.0878464E7
9671680.0
-5454336.0
-5402624.0
379392.0
-9510912.0
-5101056.0
-3830784.0
2347520.0
-9663488.0
1617408.0
1692160.0
2048.0
2284032.0
1.2017664E7
1.2046336E7
-3993088.0
-3291136.0
9443840.0
8444928.0
8271360.0
4738048.0
3450368.0
3460096.0
-2051584.0
-1.7294336E7
-9917440.0
-9924096.0
-1.7839104E7
-4420096.0
-4361728.0
1837568.0
-2918400.0
-6600704.0
-9971200.0
-1.8233344E7
3655168.0
6706176.0
1.2431872E7
-7704576.0
-6097408.0
5130240.0
1117184.0
7484416.0
-2730496.0
-8531968.0
-1.5878144E7
-7802880.0
4288000.0
6965248.0
2376192.0
4051968.0
1591296.0
-5114880.0
18432.0
-2948096.0
-1.1277312E7
-8912384.0
-2373632.0
1.721856E7
1.1426816E7
3293184.0
-7093760.0
-1657344.0
2211328.0
-8264704.0
1384448.0
-3179520.0
-1.9360256E7
-1.9143168E7
-1.435648E7
-1.1937792E7
-8080896.0
-5390848.0
-6856704.0
6333952.0
1.8256384E7
217600.0
-1855488.0
1105920.0
-8503808.0
-6950400.0
-1.5315456E7
-1.1203072E7
-6040064.0
-4129280.0
-4763648.0
-5804544.0
89088.0
2261504.0
8474624.0
1.5071232E7
9226752.0
677376.0
-7434240.0
-6130176.0
-8279040.0
-1.1091968E7
-7568896.0
284672.0
-3329024.0
-2.1081088E7
-2.5913344E7
-1.0387456E7
-5283840.0
-7836160.0
214528.0
1198080.0
-2601472.0
-1.0858496E7
-1.364736E7
-9747456.0
-5526016.0
60928.0
-3162112.0
893952.0
-4696064.0
-7763456.0
-1.0165248E7
-1.0077184E7
-1.14048E7
-4143104.0
-956416.0
-2350592.0
3159552.0
1208320.0
-1.2366336E7
-1.6169984E7
-6771712.0
-9039872.0
-2872832.0
-7130112.0
-2260480.0
5853184.0
1.4198784E7
-5104128.0
-1.6730624E7
-1162752.0
-3259392.0
1846272.0
5478400.0
6666752.0
1.2245504E7
2343424.0
1.4399488E7
5551104.0
-3559424.0
-2539520.0
-3336704.0
1063936.0
-1512960.0
-8995840.0
-9103872.0
-440320.0
2403328.0
3353088.0
-5461504.0
-1.877248E7
-1.8609152E7
-1.3217792E7
-1.0775552E7
-1.1680768E7
2008064.0
2098688.0
1.148672E7
7443456.0
3644416.0
2407936.0
-9801728.0
-1.7473536E7
-1.1609088E7
-4448768.0
-3276288.0
970240.0
6562304.0
-5555200.0
-5083136.0
-5224448.0
-1503232.0
-1.6132096E7
-1367040.0
1065984.0
2999296.0
1421312.0
-6498816.0
-8265216.0
1.0533376E7
1.3762048E7
8735232.0
395264.0
8713728.0
-2536448.0
-9292800.0
-1.6508928E7
-7918080.0
-6712320.0
-2729984.0
-489984.0
-7409152.0
-8051712.0
-7434752.0
-2789888.0
-9883648.0
-1.5058944E7
-1.1846656E7
-6451200.0
5185024.0
9455104.0
9575936.0
9557504.0
7505408.0
-2880000.0
-1.1418624E7
-9181696.0
-6151680.0
-7210496.0
1249792.0
-9902592.0
-1.4870528E7
-7640064.0
-1.2967936E7
-1.105408E7
-9373696.0
-4588544.0
-3772416.0
-3827200.0
-5167616.0
-1.813248E7
-1.0035712E7
-1.5742464E7
-1.8640384E7
-3275776.0
-605696.0
-1.8604544E7
-8435712.0
-79872.0
73216.0
1442816.0
-2200576.0
-5766656.0
-1.7757184E7
-2.1168128E7
-1.394176E7
-4230656.0
9214976.0
2827264.0
-9047040.0
-8185856.0
-1.4808064E7
-1.6009728E7
-5898752.0
-4626432.0
-6811648.0
852480.0
1406976.0
3803136.0
9293824.0
2898944.0
-5540864.0
9056256.0
4018688.0
3597312.0
4366848.0
-2080768.0
-2784768.0
-3908608.0
-1.3819392E7
-9600000.0
-1.1332608E7
-1745920.0
-4978176.0
-1908224.0
-7973888.0
-797184.0
-1947648.0
-1430528.0
1586688.0
9241600.0
1.2483072E7
9168384.0
-4195328.0
-4617728.0
-1.2898816E7
-6802944.0
-1.3612032E7
-7676928.0
-5314048.0
-4559872.0
-5775360.0
-1.197056E7
-1.4981632E7
-7982080.0
6060544.0
1.4032384E7
1.5704064E7
1.2785152E7
-4224512.0
-1.466624E7
-1.2804096E7
-7955968.0
-5985792.0
6072320.0
1.1121664E7
5331456.0
752640.0
-9034240.0
-4863488.0
6836736.0
7159296.0
-4039680.0
-2162176.0
-1.1491328E7
-3990528.0
-1214976.0
-7094272.0
-619008.0
-75264.0
-1.1656192E7
-4491776.0
8878592.0
3666944.0
691712.0
2579456.0
1712640.0
-1549312.0
1376256.0
-3621376.0
-4992512.0
-7432192.0
-5929984.0
-418816.0
5658112.0
5215232.0
-9571840.0
-5648384.0
-1537536.0
6052864.0
1.132544E7
5473280.0
1840128.0
-4408832.0
-5702144.0
-1.4842368E7
-2.3288832E7
-1.588992E7
-5954560.0
216064.0
-2765824.0
-6689792.0
-5199360.0
-3978752.0
-8471552.0
-1.184768E7
-1.5583744E7
-1.2102144E7
-7537152.0
-6988800.0
-350208.0
1.0996736E7
1.5753728E7
-2184192.0
-1.2403712E7
-1589760.0
8750080.0
1.0560512E7
3345920.0
-8948224.0
-9192448.0
6708736.0
-7278592.0
-1.4701056E7
-1.0495488E7
-9528832.0
-1.125632E7
-1.0378752E7
-9831936.0
5132288.0
-5615104.0
-1.014016E7
-8639488.0
-7152128.0
3686400.0
3072512.0
-6323712.0
-1.0442752E7
-1.1234816E7
-3162624.0
-7135232.0
-3836416.0
-3763200.0
-5240832.0
-2141184.0
1317376.0
2855424.0
7336448.0
656896.0
-1558528.0
-1505792.0
2584064.0
3742208.0
694784.0
-1.7001984E7
-1.9919872E7
-1.737728E7
3143680.0
4275712.0
-4295680.0
9027072.0
-2523136.0
-7677952.0
-5949952.0
-6951936.0
-1.2261376E7
-5121536.0
6545920.0
247808.0
5952000.0
-5942272.0
-7824384.0
-1007104.0
-1.4799872E7
-8289792.0
-904192.0
-3537920.0
4048896.0
5035520.0
-3008000.0
-7660544.0
-3328000.0
620544.0
7202816.0
3186176.0
-409600.0
5370880.0
1.4029312E7
1.553664E7
1506816.0
374784.0
-4748800.0
-1.5730688E7
-1.8210816E7
-5138944.0
-2839552.0
856576.0
6726656.0
-2667008.0
-4739072.0
-8884736.0
-7827456.0
301568.0
-670208.0
6888448.0
2499072.0
5805056.0
1.3703168E7
1.1374592E7
1.065728E7
4117504.0
-3365376.0
8070656.0
35328.0
4707328.0
1.4641664E7
1.090304E7
5720576.0
-4745728.0
-5052928.0
-1.1552768E7
-1.64352E7
-1.0319872E7
4945408.0
1.0701312E7
-1830400.0
8178176.0
-298496.0
-1392128.0
-3556352.0
-3046912.0
6835200.0
1.1012096E7
1.1424256E7
7224832.0
8885760.0
4154368.0
9981952.0
6900736.0
-3388928.0
-7784960.0
7044608.0
-947712.0
1890816.0
-4869632.0
-1771520.0
2340352.0
-4732928.0
-5891072.0
4303360.0
8147968.0
5028352.0
9996288.0
4487680.0
-1.1120128E7
-5932544.0
6208512.0
-3576320.0
-2.044416E7
-8454144.0
-2443264.0
-9548288.0
-2649600.0
1786368.0
-1.0370048E7
-513024.0
-2405376.0
-7702528.0
6427136.0
8984576.0
3926528.0
7492096.0
5632.0
-1493504.0
1.6779776E7
1.1511808E7
1.2972032E7
3240960.0
1548800.0
8941056.0
6063616.0
-7055360.0
-145408.0
-413184.0
7163904.0
6517760.0
4443648.0
6510592.0
1.2993536E7
1.0314752E7
970752.0
6072320.0
5139968.0
573952.0
-8000512.0
5771264.0
7333376.0
3947520.0
8839168.0
4361728.0
-1.1475456E7
-1.6820224E7
-1.1028992E7
-9630720.0
-1.029888E7
-1.5983616E7
-8880128.0
3574272.0
9064448.0
6261760.0
-1.5363072E7
-2.1674496E7
-1.3505536E7
-1559552.0
5508608.0
-2304000.0
1400320.0
3735040.0
1.4806016E7
1.0156032E7
1909248.0
-8363008.0
-1.1771392E7
-1.4797824E7
-3743744.0
6415360.0
7750656.0
-430592.0
4015616.0
480768.0
-1546240.0
2663424.0
693760.0
5548032.0
-1127424.0
222208.0
-193536.0
-700928.0
-1168384.0
2247168.0
6026752.0
3629056.0
-1035776.0
-607744.0
-5894144.0
-1.1780096E7
-9491968.0
-2012160.0
581632.0
-4552192.0
-130560.0
-3188736.0
-4493312.0
-9186304.0
-1.0507776E7
-1.1648512E7
-1.1836928E7
-8615936.0
-1.7069568E7
-8243200.0
-1.132544E7
5515776.0
1.7731072E7
5485568.0
4146176.0
1766912.0
-6688256.0
1745920.0
-4166656.0
-1.5839232E7
-8487936.0
-9835520.0
-1.5913472E7
-3386368.0
-2536448.0
-9107456.0
-820736.0
992768.0
3237376.0
1147392.0
3910144.0
5752320.0
5417472.0
5675520.0
-6733312.0
-1.3372416E7
-1.1511296E7
356352.0
9431040.0
-960000.0
512.0
8720384.0
4267520.0
4142080.0
1764864.0
-874496.0
-3531776.0
-9576960.0
-1046528.0
2078208.0
-3567616.0
-7769088.0
2094080.0
-2756096.0
243200.0
4288512.0
-493568.0
-1.2119552E7
-2717184.0
9758720.0
4253184.0
-1288704.0
-8677376.0
5001216.0
1.2865024E7
3274752.0
-3400192.0
7710208.0
5996032.0
8314880.0
8200192.0
-1809408.0
-7150592.0
-7624192.0
-1.3427712E7
-7227392.0
-6236160.0
-2566656.0
2583552.0
8607232.0
-2409472.0
-1.2957696E7
-1.4158848E7
-2.2547456E7
-1.8097664E7
-1.2879872E7
-1.5514112E7
-9274368.0
-7311872.0
-1.4255616E7
-2.434048E7
-1.7073152E7
-9031168.0
-1048064.0
5437952.0
-4340224.0
-7127552.0
-1.4731264E7
-7905280.0
-5961216.0
-3579904.0
1757184.0
-568832.0
-1444352.0
-2663936.0
3806720.0
2726400.0
-8154112.0
-1.8870272E7
-2.2013952E7
-1.2998656E7
-5580288.0
4359680.0
4443648.0
3904000.0
-873472.0
862720.0
-7943680.0
-3957760.0
1849856.0
8952832.0
3444224.0
6029824.0
9166848.0
1.0933248E7
2009600.0
3570176.0
-3216384.0
2708992.0
456704.0
2706432.0
2681856.0
1700352.0
8427008.0
1110016.0
-8367616.0
4306944.0
-1031680.0
2576896.0
1.2580864E7
2162176.0
-2925568.0
-6771200.0
-5395968.0
43520.0
7401472.0
-1193472.0
-8900096.0
-1.7820672E7
-6035456.0
1.1222528E7
1.6200704E7
4007936.0
1381888.0
-6391296.0
-1.8630656E7
-2.08512E7
-1.446144E7
-1.1953152E7
-1.9377664E7
-4697088.0
1.334784E7
7582720.0
-6758400.0
-7288320.0
-7187456.0
-9230848.0
-1.4245376E7
-4049408.0
-3949568.0
523776.0
-30208.0
-3021312.0
-278016.0
5819904.0
431616.0
-5727744.0
-2793472.0
-4882432.0
-2746880.0
-2526208.0
-656384.0
-1.0021376E7
-5455360.0
-6435840.0
-5997568.0
8890880.0
9034752.0
8329216.0
-2968064.0
-9957376.0
126464.0
-6353920.0
-9592832.0
-1.2570112E7
-6456832.0
960000.0
-7729152.0
-1.335296E7
-1.8182656E7
-1.2795392E7
3614720.0
19456.0
-2430464.0
-1804800.0
-1407488.0
-4945408.0
-5698560.0
-1645568.0
4134912.0
4676608.0
1.2826112E7
4092416.0
9412096.0
9938432.0
1.295872E7
1969664.0
6608384.0
-1003520.0
-5751296.0
-1.6447488E7
-6349824.0
-6922752.0
-1.8887168E7
-2.5420288E7
-1.4349312E7
-8973824.0
-2871808.0
-4368896.0
-2438144.0
-8736256.0
-1.445376E7
-3512320.0
3398144.0
-3344896.0
-85504.0
-663552.0
-5722112.0
776192.0
3939328.0
4871680.0
6457344.0
7712256.0
1.2130816E7
1.509888E7
2.3589888E7
1.6700928E7
1.1341312E7
1.5936E7
2.879232E7
1.9055616E7
1.108992E7
4099072.0
-1234944.0
1.1884032E7
1.5725056E7
1.0784256E7
1.3047296E7
544768.0
-5688320.0
-6056960.0
-2709504.0
-1405952.0
-493568.0
-4747264.0
-1298432.0
-9337344.0
2695680.0
-5777408.0
-7624192.0
-1.1483136E7
-5305856.0
3517440.0
5832704.0
-5225472.0
-2497024.0
-552448.0
-931328.0
4217344.0
6753792.0
5851136.0
8772096.0
1094144.0
-8370176.0
-1.837056E7
-1.7557504E7
-1.0428416E7
51712.0
-339968.0
1278464.0
2736128.0
4779008.0
1766912.0
4623872.0
-194560.0
-4485632.0
-8335872.0
4992000.0
1.386496E7
1.0999808E7
-2192896.0
-1.4569472E7
-1.467904E7
-1.3353984E7
-1.6646144E7
-6453760.0
3516416.0
1335296.0
-6246912.0
-7635968.0
6518784.0
9430016.0
-2094080.0
336384.0
1.0806272E7
2.3142912E7
584704.0
-1.2939776E7
-617472.0
-2927104.0
-1.7424384E7
-1.5567872E7
-9364992.0
-6011904.0
2086912.0
-5041152.0
-1.3163008E7
-1.6621568E7
-7219712.0
1891328.0
-2033664.0
-1.1131392E7
-1.2611072E7
-2.0350464E7
-7151616.0
6001664.0
1014784.0
-1.2413952E7
-6252544.0
-4437504.0
-5697536.0
-2131968.0
7053312.0
3226624.0
-3342336.0
-501760.0
-4996608.0
-2743296.0
1.0344448E7
1.2105216E7
2.138112E7
-3769856.0
-3427840.0
-1.3720064E7
-1.3956096E7
-3697664.0
1425408.0
266240.0
-7897088.0
-1942528.0
4744192.0
-3912192.0
-5024256.0
-7970816.0
-1.0489344E7
-2311680.0
3204608.0
1.1037696E7
1.7762304E7
6582272.0
-1706496.0
-578560.0
2697728.0
-1054720.0
-475136.0
-5063168.0
-9271296.0
-2536448.0
-1930752.0
8696832.0
9240064.0
453632.0
-2930176.0
-4846592.0
-1.2920832E7
-9634304.0
-1.391872E7
-5236736.0
-6318592.0
-1.1792896E7
-1.4833664E7
-1.0537984E7
-8920576.0
-1.2474368E7
-1.23776E7
-3950080.0
164864.0
4703232.0
-2661376.0
-1.0556416E7
-1981952.0
4410880.0
-2332672.0
-901632.0
-2450432.0
6711808.0
1.2356608E7
1.5516672E7
9771008.0
-1346560.0
-4060672.0
3236352.0
2098176.0
1868800.0
2900992.0
-6416896.0
3715072.0
-3545600.0
-1.14304E7
-9563136.0
-8539648.0
533504.0
3224576.0
-2826240.0
-5232128.0
-5843968.0
-2706432.0
-2254336.0
4421632.0
355328.0
-8242688.0
196096.0
3692544.0
168448.0
-6158336.0
9969152.0
-4293632.0
-9223680.0
-1.4029312E7
-5521920.0
-6599168.0
-8536064.0
-5818368.0
-4847616.0
-3155456.0
1134080.0
1.0677248E7
2506752.0
4034048.0
8871424.0
-2219008.0
-4024832.0
-4504064.0
-5507072.0
-4353024.0
3987968.0
1.0051584E7
-2490880.0
-1.0116608E7
-1.1044864E7
-1.5307776E7
-1.7451008E7
-6636544.0
-2452480.0
-1.4257152E7
-1.1493376E7
-1.6123392E7
-1.2165632E7
-5408256.0
-6369792.0
-1.3492224E7
-2.1622784E7
-1.2115456E7
-8170496.0
-1.3625856E7
-1.5606272E7
-1.6078336E7
5147136.0
-5442048.0
-8551424.0
2676224.0
-8124928.0
-1.970688E7
-1.5616512E7
-4461056.0
-7319040.0
-8993280.0
-9069568.0
-9553408.0
-4250624.0
-1.4066176E7
-6141440.0
-1472000.0
-5594624.0
-1368064.0
1.1272704E7
6124544.0
-3713024.0
-9161216.0
-1.0907136E7
-1831936.0
-1.3522432E7
-1.6210432E7
-2.129664E7
-2.2761984E7
-2.0366848E7
-1.8451456E7
-3.0542848E7
-2.70848E7
-1.5066624E7
-1.3915648E7
-1.4513664E7
-2.1949952E7
-2.1275648E7
-4033024.0
1.1458048E7
2713088.0
4919296.0
1414656.0
-2569216.0
6516224.0
1.1240448E7
8552960.0
1.27104E7
8196096.0
4567040.0
6279168.0
-1339904.0
-1.9614208E7
-1.0426368E7
7632896.0
8377344.0
-386048.0
6320128.0
-497152.0
-1.140992E7
-5840384.0
-9234432.0
1565696.0
7736320.0
9637888.0
1.278464E7
9408000.0
1.3684736E7
1.802752E7
8768512.0
1.3564416E7
1.7458688E7
1.5221248E7
1672192.0
-8531968.0
3019776.0
5739520.0
1.3326848E7
7727104.0
2732032.0
5531136.0
2832896.0
2249216.0
-4941312.0
-1.0928128E7
-1.203456E7
-1.7375232E7
-1.0442752E7
-1175040.0
3681280.0
-802304.0
117248.0
-9768448.0
-1.029888E7
-1.6077312E7
-1.2229632E7
-1701376.0
-5214720.0
5037568.0
9806336.0
-6366720.0
2530816.0
7500800.0
-5896704.0
-9999872.0
-2.1547008E7
-7270912.0
-6157824.0
3506688.0
6045696.0
7459328.0
123392.0
1781760.0
-561664.0
192512.0
-9771008.0
6762496.0
7919104.0
540160.0
1469952.0
-4306432.0
-263680.0
1.2491776E7
4616192.0
-7304704.0
2975744.0
7982592.0
7504896.0
1.2000256E7
2707968.0
3293184.0
-1885184.0
5392896.0
-1650176.0
-9332736.0
-2435584.0
-6604288.0
1510912.0
1.02144E7
-4406784.0
-1.5436288E7
-1.6653824E7
-8836096.0
2192384.0
1824256.0
282112.0
1233408.0
-1047552.0
-2397696.0
2021376.0
-9216000.0
-8500736.0
-1622016.0
1.0463744E7
7112704.0
3752448.0
2364928.0
5175296.0
-6274048.0
-2436608.0
-2450432.0
2198528.0
-1591808.0
-2403328.0
6810112.0
4403712.0
8584192.0
9492992.0
1.8423296E7
8899072.0
7716352.0
5859328.0
-3804160.0
-6753792.0
6123520.0
-1774080.0
-3497472.0
-629760.0
1994240.0
-6664192.0
-140288.0
-923648.0
-8498176.0
-1.1273728E7
-2.0401152E7
-2.5751552E7
-1.6390144E7
-1.02528E7
4306944.0
-4390912.0
-9886208.0
-3133952.0
4971520.0
3900416.0
-1.3136896E7
-9260032.0
2969088.0
-1892864.0
-6571008.0
-7515648.0
-1.2547072E7
-1.0825216E7
-800768.0
6502912.0
5332480.0
-5852672.0
1558528.0
6338560.0
1209856.0
1418752.0
599552.0
-815616.0
1.2135424E7
7325696.0
-1551872.0
1708544.0
2870784.0
2907648.0
-7562752.0
-8891904.0
-1.2325376E7
-6952960.0
5813248.0
3523584.0
2975744.0
578560.0
1826816.0
-1.0704384E7
-2.1507584E7
-9635328.0
1335808.0
1178112.0
-968192.0
1123328.0
331264.0
-4320256.0
-1.2560384E7
-5836288.0
-1.140736E7
-1.3830144E7
-2.5659392E7
-1.5769088E7
-1.3318144E7
-5637632.0
-2415616.0
-7338496.0
-2091008.0
-3359744.0
-3153920.0
-1.0182656E7
624640.0
5832704.0
1082368.0
-1.2235264E7
-1.41824E7
-5762560.0
1282048.0
2936320.0
-3721728.0
-5586944.0
-8499200.0
-4060672.0
-3308544.0
2247168.0
-8146944.0
-5689856.0
4926464.0
-5787648.0
-2774016.0
1.2356608E7
8713728.0
-478720.0
-7286784.0
-7183360.0
8177152.0
9346048.0
1.0159616E7
-4592640.0
1240576.0
1838080.0
1634304.0
-504832.0
-4945920.0
-1.5845888E7
-1.9749888E7
-1.3623296E7
-1.8261504E7
-883712.0
-5385728.0
-1.5460352E7
-2.38208E7
-1.9478016E7
-2.2919168E7
-1.5178752E7
-8023040.0
-4337664.0
-8730112.0
-4725248.0
-6233600.0
-7198720.0
-5937152.0
1037824.0
-5450752.0
1373184.0
5690368.0
9589760.0
1.2719616E7
1.4465536E7
3935232.0
-292352.0
-2440192.0
2443776.0
2899456.0
1935872.0
2471424.0
-278528.0
-4377088.0
-5811200.0
-1.4111744E7
-1.3146624E7
-4762112.0
1.0126336E7
2.1659136E7
2.1266944E7
-1266688.0
-6626816.0
-7846912.0
-147968.0
353792.0
-5953024.0
-1998336.0
2937344.0
6428160.0
3008000.0
-7888384.0
-8852480.0
-3727872.0
1216000.0
-6228992.0
-1.551616E7
-2.031104E7
-1.2217856E7
-1.213696E7
-1.5994368E7
-1.9508736E7
-1.0307584E7
-1.19296E7
-1.322496E7
-9937920.0
-8551424.0
2734080.0
2289152.0
1025024.0
-1.097472E7
-1.0183168E7
-9510400.0
-9281024.0
-718336.0
6202368.0
3767808.0
7414784.0
-542208.0
-6799360.0
-1.816576E7
-1.3443584E7
-1.054208E7
2332672.0
943616.0
-9819648.0
-5021184.0
-3521536.0
-1.663744E7
-8526848.0
-5109760.0
-16384.0
2981376.0
496640.0
-2242048.0
3636224.0
5145600.0
9293824.0
9305600.0
1.1039232E7
-2158080.0
7441920.0
5678080.0
-29184.0
3589120.0
636416.0
-50688.0
-2710016.0
527872.0
-5017600.0
-4777984.0
-9454080.0
-1070592.0
-1.3582336E7
-6291456.0
-1.2052992E7
-9576960.0
-627712.0
-7580160.0
-1.569792E7
-9324544.0
-7970304.0
-6874624.0
-9199104.0
-1.1726848E7
-1.6008192E7
-1.3824E7
-6348288.0
978944.0
-2339840.0
-4571136.0
-8806912.0
-4540416.0
2385408.0
-119808.0
2150912.0
-954880.0
6449664.0
1965568.0
-2290688.0
-1.0057216E7
-2.7736064E7
-9418752.0
-7830528.0
-1.5607808E7
-1.9235328E7
-1.926912E7
-1.95968E7
-1.2374528E7
-4636672.0
381952.0
-7870464.0
-1.2686848E7
-1.544704E7
-1.3635584E7
-1.147392E7
-9180160.0
-3503616.0
4438016.0
902656.0
6812160.0
-5610496.0
-1.5120384E7
-5456896.0
-8788480.0
-1.1643392E7
-1.6461312E7
-3173888.0
-8148992.0
-9494528.0
-1.2091392E7
-1.3049344E7
-1.2450816E7
3535360.0
6904320.0
8790528.0
2511872.0
-642560.0
-136192.0
6617088.0
8015872.0
5313024.0
1.7726976E7
4682752.0
1441792.0
-402432.0
77824.0
-4153344.0
-475136.0
1849856.0
-3156992.0
-3672576.0
-2405376.0
7482368.0
1.6549376E7
1910272.0
1617408.0
-4396544.0
1.1116544E7
7453184.0
5671936.0
3161088.0
698880.0
-641536.0
-8450560.0
-1.2637696E7
-1.241856E7
-1.0433536E7
-1.0603008E7
-2932224.0
2701312.0
1.59488E7
1.4513664E7
1.3681152E7
4503040.0
3966976.0
1889792.0
-1932800.0
175104.0
2417664.0
-1727488.0
-6028288.0
-8028160.0
-8805888.0
-5758464.0
-4269568.0
-3118080.0
-3011584.0
1589760.0
-894976.0
-8137728.0
-6947840.0
-2011136.0
5954048.0
-3554816.0
6959616.0
4571136.0
-874496.0
-4664832.0
2724352.0
-4073984.0
-209920.0
-145408.0
-6156800.0
-7955968.0
-1.0137088E7
-1.5801856E7
-1.663488E7
-3953664.0
-5961728.0
-9512448.0
-6406144.0
-1.1788288E7
-2.4474112E7
-1.5670784E7
-1.8009088E7
-1.1472896E7
-3982336.0
-1.1126272E7
-1197568.0
-5566464.0
-1597952.0
-2992128.0
-7181824.0
-7971328.0
297472.0
1.5926784E7
7261184.0
1355776.0
-2251776.0
-2552832.0
2973184.0
5382144.0
-5836800.0
-1.3156352E7
-1.3655552E7
-9327616.0
1719296.0
-2537984.0
592384.0
1186304.0
7123456.0
-4940800.0
-1.2483584E7
-1.4232064E7
-9252864.0
-8049664.0
-3227136.0
-4126208.0
-5994496.0
-6691840.0
-4438528.0
-8015872.0
-7638016.0
1942016.0
-555520.0
8345088.0
1.1254272E7
7293952.0
6389248.0
1.2672E7
4162560.0
297984.0
731648.0
289280.0
1209344.0
2843136.0
-7687680.0
-1.292544E7
-1735680.0
4838400.0
-5837312.0
-3526656.0
-1.443584E7
-1.9464704E7
-1380352.0
1035776.0
-6470144.0
-1.0663936E7
-2810368.0
-239616.0
1545216.0
2525184.0
-1.4260224E7
-1.1598848E7
-3381760.0
-9652736.0
4715520.0
4275712.0
6021632.0
-4465664.0
-2012672.0
-1.4240256E7
-2046976.0
4836864.0
5200896.0
1.2808192E7
1600512.0
-2847744.0
-1.2271104E7
-2680832.0
-33280.0
5993472.0
3597312.0
4315648.0
-2457088.0
-1.040384E7
-1552896.0
-21504.0
4412416.0
-1294848.0
-9421312.0
-1.1977216E7
-3612672.0
-1662464.0
-1.5438848E7
-8830976.0
-2443776.0
-2711552.0
-1.0979328E7
-1.8774016E7
-1.9639808E7
-1.3069312E7
787968.0
3546112.0
-5102080.0
-8549888.0
-2679808.0
-5294080.0
-1492480.0
-1848832.0
-9563136.0
-1.0955776E7
-686592.0
3774976.0
-1521664.0
-1072640.0
-3328000.0
-5436928.0
-2722816.0
-1.1537408E7
-7587840.0
3147264.0
2149376.0
-821248.0
-2648064.0
5128704.0
9023488.0
4409856.0
1335808.0
-3830272.0
-815616.0
-1333248.0
3953152.0
-6300160.0
-81408.0
-2047488.0
-3674112.0
-7511552.0
-1.1951104E7
-5114368.0
4597760.0
-1389568.0
-1.0036736E7
-1.1456E7
-1.346816E7
-1.2143104E7
-1.3784064E7
-9985024.0
-6727680.0
-2184192.0
-5344256.0
-1513472.0
-1.3121536E7
-1.3465088E7
-821760.0
-3810816.0
-1.1105792E7
-1.272064E7
-6133248.0
-9350144.0
-3868160.0
-5379072.0
-6595584.0
1660928.0
6821376.0
6401024.0
8935936.0
6515200.0
2.2521344E7
8263168.0
3222528.0
615424.0
3607552.0
3892736.0
5621760.0
-1508352.0
-8083456.0
609792.0
871424.0
-75264.0
3250688.0
-2722304.0
-3820032.0
-7187456.0
2197504.0
1.0500096E7
9678848.0
2767872.0
-4049920.0
-231424.0
6856704.0
1989120.0
3035136.0
1.2782592E7
-2806784.0
-1.1012096E7
-8139776.0
-4143616.0
-6551040.0
1487872.0
-1437696.0
-2634240.0
5344768.0
1.0241024E7
6428672.0
1.9286016E7
1.1723264E7
-347648.0
4514304.0
8888320.0
1.6162816E7
6863872.0
1.2337152E7
1.6500736E7
5741056.0
4014592.0
-1535488.0
1447424.0
-564736.0
-3410432.0
-7825408.0
-8807936.0
-9505280.0
2814976.0
7666176.0
3609088.0
-977920.0
-1.9461632E7
-3.039744E7
-2.2861312E7
-2.0144128E7
-2.2805504E7
-7524864.0
3600384.0
7745024.0
4516352.0
-4794368.0
1920512.0
2987008.0
-4378624.0
-9602560.0
1703936.0
-2487808.0
18944.0
5248000.0
1562112.0
9624576.0
1.2004864E7
7749632.0
236544.0
-843776.0
-6799872.0
-1384448.0
-5026304.0
1092608.0
5756416.0
1.0679808E7
7804928.0
1281024.0
1066496.0
-7154688.0
-8545280.0
-1.063424E7
-1.324544E7
-7943168.0
-2505216.0
-6936576.0
-1.3096448E7
-5208064.0
-1.6487936E7
-1.3883392E7
-1.1779072E7
-8422912.0
-7911424.0
1352704.0
8229888.0
-3242496.0
3005952.0
-3226624.0
6954496.0
1.500928E7
1.055744E7
9233408.0
-1.275904E7
-1.1786752E7
4873728.0
-321024.0
-411648.0
-8359424.0
-2802176.0
8744448.0
7791104.0
-2385920.0
-3995648.0
-8090112.0
-4376576.0
-3904512.0
-1.662976E7
-1.57824E7
-1.3237248E7
-1.2498944E7
-3564544.0
2094080.0
150528.0
-6816768.0
1113088.0
0.0
8204800.0
4056576.0
-8098816.0
-1530368.0
-1210880.0
-4600832.0
-9072640.0
-970752.0
-4699648.0
-4194304.0
-4380672.0
-1.6244736E7
765952.0
2493952.0
-4333056.0
-1.1269632E7
-5778944.0
-1003520.0
6559232.0
6246400.0
3397632.0
-1.252608E7
-5026816.0
-684544.0
-1.615872E7
-6385664.0
-1.5488E7
-1.9561984E7
-1.500672E7
-1.6141824E7
-1.7446912E7
-1.1152384E7
-9384960.0
-9007104.0
-3357184.0
-8444928.0
337408.0
-2152448.0
-1.2186112E7
328704.0
798208.0
-6937088.0
1815552.0
1712640.0
-7462400.0
-6740992.0
-5612544.0
-1942528.0
9548800.0
5288448.0
-141312.0
414208.0
4225536.0
6447104.0
5232128.0
8644096.0
9275904.0
-2073600.0
2706944.0
8351744.0
7168.0
-6475776.0
-3378688.0
-5807104.0
-1918464.0
-9316352.0
-2543104.0
4974080.0
5506560.0
-2908672.0
-5317120.0
-1.4786048E7
-2.0704256E7
-1.6676864E7
-1.3436416E7
-9525248.0
-6333440.0
589312.0
1.0153472E7
1.8182656E7
8437248.0
-1490944.0
-1544704.0
-1.1299328E7
-1.5342592E7
-1.6402944E7
-5279232.0
5989376.0
1.5292928E7
1.6022016E7
1.7475584E7
1.1761152E7
7578112.0
5421056.0
-594944.0
-753664.0
-4072960.0
-5318656.0
-8564224.0
-4529152.0
2170368.0
-7868416.0
-2.3476736E7
-2.9317632E7
-1.411584E7
-1725440.0
-6684160.0
-1.3899264E7
-1.3367808E7
-6114304.0
-1757184.0
-963584.0
-555520.0
-1.3998592E7
-1.5620608E7
-2641920.0
7366656.0
6073856.0
-1.5727616E7
-1.7655296E7
-1.0877952E7
-2695680.0
9506304.0
5115904.0
-2157056.0
1240576.0
1350656.0
1972224.0
1319936.0
3748864.0
0.0
-9447936.0
-1.1275264E7
-5620736.0
-1.376256E7
-5751296.0
-9976832.0
-1.0023424E7
-4300800.0
-316416.0
-1.03936E7
-5182976.0
-7765504.0
-5145088.0
-3361792.0
-2.5394688E7
-3.0564352E7
-1.7998848E7
-1.062144E7
-1444352.0
1.150464E7
1592832.0
-7928832.0
2970112.0
460800.0
2.1033472E7
2.0848128E7
1.1382272E7
9205248.0
5091328.0
1.1208192E7
3734016.0
-5314560.0
1.2717568E7
4305408.0
799744.0
8456704.0
1955328.0
4907520.0
-4727808.0
-1.2900864E7
-6242304.0
4324352.0
7595008.0
2500608.0
-3400192.0
-5712896.0
-2.0091392E7
-2.5676288E7
-2.4236544E7
-9077248.0
1.0279936E7
1.2576768E7
2.2591488E7
1.7832448E7
1478656.0
-1.9225088E7
-1.4969344E7
-9016832.0
-4002304.0
-5849088.0
3840000.0
4998144.0
-3694592.0
3517952.0
1.3852672E7
-3197440.0
-1.426944E7
-5831680.0
-6865920.0
-9171968.0
-1.0569728E7
-1.2453888E7
-6757888.0
-7946752.0
-544256.0
-950784.0
-3150336.0
-8479744.0
-7111168.0
-1.6923648E7
-7550976.0
-8369664.0
3905024.0
3405312.0
-546304.0
-2648064.0
623104.0
-2450944.0
-2008064.0
5676032.0
6800384.0
-953856.0
5816832.0
1.1987456E7
2360320.0
8727552.0
1829376.0
5026304.0
7071744.0
1963008.0
-7388672.0
-4258304.0
-5674496.0
-1705472.0
-2866176.0
-7813632.0
-7879168.0
465408.0
1.1816448E7
1.1102208E7
-1726464.0
-3304448.0
2934784.0
-1764864.0
-8382976.0
-1.495808E7
-9313792.0
-3959296.0
158720.0
1567744.0
-1477632.0
-174080.0
9668096.0
7287296.0
3710976.0
-4473344.0
-1.9625472E7
-5843456.0
474112.0
435200.0
-8963584.0
-1.4325248E7
-1.0636288E7
8872960.0
3209216.0
-3338240.0
1.1876864E7
8869888.0
2652160.0
7859200.0
1731584.0
1.3386752E7
5484032.0
-1.0820608E7
-1.5785984E7
-1.53088E7
-1.9729408E7
-2.992128E7
-6201344.0
9369088.0
-2383360.0
265216.0
-340992.0
-2748416.0
2994688.0
-5245440.0
-962560.0
7879168.0
5238272.0
5732864.0
-4868608.0
-5556224.0
-5782016.0
-7899136.0
-1213952.0
1.0182144E7
9903104.0
9807360.0
1.4800896E7
2948608.0
5679616.0
-5198848.0
-5054976.0
4505600.0
1.0365952E7
2.082048E7
4966400.0
2432000.0
-3560960.0
-7580160.0
2496512.0
543744.0
176128.0
-6310400.0
-59392.0
24576.0
1.16224E7
1.2611584E7
-4650496.0
-5979136.0
-1439744.0
-289792.0
-829440.0
-8531456.0
-9035264.0
-9288704.0
-56320.0
1.2865024E7
1.36704E7
4846080.0
-2426368.0
721408.0
-2435584.0
-5187584.0
-6472192.0
-1.3334016E7
-1.0744832E7
-3923456.0
7987712.0
8548352.0
573440.0
4727296.0
8757248.0
4580352.0
7840768.0
8218112.0
4411392.0
2311680.0
-8658432.0
-1.3674496E7
-4684800.0
-8361984.0
-7269888.0
1.1506176E7
1.1098624E7
7397376.0
1.5629824E7
1.6823296E7
7206912.0
4657152.0
-3970560.0
1231360.0
1.1920384E7
1.379072E7
5633536.0
1.3098496E7
8483328.0
1.7124864E7
1.3862912E7
6137856.0
-1297920.0
4112384.0
1.0020864E7
1.6806912E7
1.0318336E7
1831936.0
2773504.0
-120832.0
-3788288.0
-3036672.0
-6397952.0
-8011264.0
-1.1863552E7
-6646272.0
-5657600.0
-4547584.0
1999872.0
9628160.0
8905216.0
7951872.0
3631616.0
-1400832.0
9162240.0
-1986560.0
-6705152.0
-1.1744768E7
-2.2440448E7
-3.1232E7
-1.633536E7
-1.2422144E7
-8485376.0
-1.5570944E7
-1.158912E7
-3942912.0
2172928.0
-3573248.0
-1.045504E7
-9518080.0
4096.0
-1096192.0
7200256.0
1.6153088E7
9106944.0
-8237568.0
-7519744.0
-6131200.0
-6345728.0
2236928.0
-990208.0
-4002304.0
-6414848.0
-1.2933632E7
-2.1317632E7
-1.0467328E7
-4394496.0
-1.0605056E7
-6617088.0
-2496512.0
4522496.0
6537728.0
1975808.0
-5813760.0
7296000.0
9423872.0
1.1265536E7
1.334784E7
-3852800.0
-8703488.0
-7946240.0
-1.2569088E7
-5677568.0
-8551424.0
-6555136.0
2369536.0
-3323904.0
-3281408.0
1098752.0
-4764160.0
-1062912.0
-683520.0
-1.3891072E7
-1.760768E7
-1.1702272E7
-1.1720704E7
-1838080.0
6884864.0
87040.0
1684480.0
-3930112.0
-5500416.0
-5570048.0
-9559040.0
-1.1500544E7
-1.4891008E7
-7904768.0
-64512.0
5440000.0
2465792.0
-9942016.0
-9924096.0
-6450176.0
-1.1316224E7
-1.4338048E7
-1.9623936E7
-1.2276736E7
-1.9087872E7
-2.5789952E7
-2.0370944E7
-3340800.0
-2594304.0
4443136.0
7349760.0
6039552.0
7409664.0
427008.0
-1.0752512E7
-1.014784E7
-1.3792768E7
-1.0177536E7
-7601664.0
-6245888.0
5039616.0
1.1921408E7
9435648.0
1847808.0
-1.161472E7
-1.482496E7
-9985024.0
-1.1618304E7
-1.1106304E7
-8759808.0
-1.1651072E7
-4741120.0
-1.1438592E7
-9071104.0
-1.3859328E7
-1.389056E7
-9174528.0
-1037824.0
-5097472.0
-2085888.0
1388544.0
-1.3241344E7
-8385024.0
708608.0
6893056.0
1.1936256E7
3036160.0
-2548736.0
-1.0653696E7
-1.8051072E7
-7347200.0
-1.146368E7
-1.6354816E7
-7008768.0
3746304.0
7191040.0
1.3705728E7
1.1554816E7
9291264.0
1.5983616E7
3112960.0
-7599104.0
-336896.0
576512.0
-2530816.0
3989504.0
-1080320.0
4841472.0
1.0238464E7
7337472.0
-859136.0
-6005248.0
-2587648.0
-2371584.0
-6063104.0
-1.0436608E7
-2.1550592E7
-1.4912512E7
-3951616.0
5463552.0
-4807168.0
-1.3874688E7
-9830912.0
6856192.0
1.2786688E7
3652096.0
-1.5164928E7
-2.5394176E7
-1.708288E7
-1.8944E7
-1.1481088E7
-3021824.0
-4164608.0
7827968.0
576512.0
1863680.0
792576.0
-749056.0
-1.1628032E7
-7226368.0
1.415936E7
9334272.0
2786816.0
-5185536.0
-4491264.0
1969152.0
-747008.0
1338368.0
-1622016.0
6397440.0
327168.0
8765952.0
1.214976E7
6631936.0
-3463168.0
-8878080.0
-5184512.0
-2190848.0
-3112960.0
-8520704.0
2146816.0
4585984.0
1.2896768E7
1.1928576E7
1.8863104E7
1.2669952E7
-7391232.0
-6576128.0
-2959360.0
-1.006336E7
-414208.0
-4257792.0
-3738624.0
-6427648.0
-5802496.0
-1.1278336E7
-5182464.0
-6033920.0
537088.0
-1.541632E7
-1.5865856E7
-5769728.0
-3372032.0
-5900288.0
287232.0
693760.0
-2615808.0
-5364224.0
2132992.0
1414656.0
-1442304.0
-4713472.0
-3549696.0
-1.3426688E7
-1.6829952E7
-8009728.0
-2729984.0
-1.2711424E7
1263616.0
6000128.0
4180480.0
-1.0492928E7
-5617152.0
730624.0
-1002496.0
6372864.0
2172416.0
417792.0
-2857472.0
-1116160.0
552960.0
-1850880.0
-3924992.0
-1627648.0
-3250176.0
3046400.0
5472256.0
-8009728.0
-9600000.0
3734528.0
6126592.0
4824064.0
2957312.0
-4159488.0
-1.3846528E7
-4154368.0
